<?xml version="1.0"?>
<!-- edited with XMLSPY v2004 rel. 2 U (http://www.xmlspy.com) by Michael Curran (Firaxis Games) -->
<!-- Sid Meier's Civilization 4 -->
<!-- Copyright Firaxis Games 2005 -->
<!-- -->
<!-- Terrain Infos -->
<Civ4TerrainInfos xmlns="x-schema:CIV4TerrainSchema.xml">
	<TerrainInfos>
		<TerrainInfo>
			<Type>TERRAIN_GRASS</Type>
			<Description>TXT_KEY_TERRAIN_GRASS</Description>
			<Civilopedia>TXT_KEY_TERRAIN_GRASS_PEDIA</Civilopedia>
			<ArtDefineTag>ART_DEF_TERRAIN_GRASS</ArtDefineTag>
			<Yields>
				<iYield>2</iYield>
				<iYield>0</iYield>
				<iYield>0</iYield>
			</Yields>
			<RiverYieldChange>
				<iYield>0</iYield>
				<iYield>0</iYield>
				<iYield>1</iYield>
			</RiverYieldChange>
			<HillsYieldChange/>
			<bWater>0</bWater>
			<bImpassable>0</bImpassable>
			<bFound>1</bFound>
			<bFoundCoast>0</bFoundCoast>
			<bFoundFreshWater>0</bFoundFreshWater>
			<iMovement>1</iMovement>
			<iSeeFrom>1</iSeeFrom>
			<iSeeThrough>1</iSeeThrough>
			<iBuildModifier>0</iBuildModifier>
			<iDefense>0</iDefense>
			<Button>Art/Interface\Buttons\WorldBuilder\Terrain_Grass.dds</Button>
			<FootstepSounds>
				<FootstepSound>
					<FootstepAudioType>FOOTSTEP_AUDIO_HUMAN</FootstepAudioType>
					<FootstepAudioScript>AS3D_UN_FOOT_UNIT</FootstepAudioScript>
				</FootstepSound>
				<FootstepSound>
					<FootstepAudioType>FOOTSTEP_AUDIO_HUMAN_LOW</FootstepAudioType>
					<FootstepAudioScript>AS3D_UN_FOOT_UNIT_LOW</FootstepAudioScript>
				</FootstepSound>
				<FootstepSound>
					<FootstepAudioType>FOOTSTEP_AUDIO_ANIMAL</FootstepAudioType>
					<FootstepAudioScript>AS3D_UN_ANIMAL_FOOT_LARGE</FootstepAudioScript>
				</FootstepSound>
				<FootstepSound>
					<FootstepAudioType>FOOTSTEP_AUDIO_ANIMAL_LOW</FootstepAudioType>
					<FootstepAudioScript>AS3D_UN_ANIMAL_FOOT_LARGE_LOW</FootstepAudioScript>
				</FootstepSound>
				<FootstepSound>
					<FootstepAudioType>FOOTSTEP_AUDIO_HORSE</FootstepAudioType>
					<FootstepAudioScript>AS3D_UN_HORSE_RUN</FootstepAudioScript>
				</FootstepSound>
				<FootstepSound>
					<FootstepAudioType>LOOPSTEP_WHEELS</FootstepAudioType>
					<FootstepAudioScript>AS3D_UN_CHARIOT_LOOP</FootstepAudioScript>
				</FootstepSound>
				<FootstepSound>
					<FootstepAudioType>ENDSTEP_WHEELS</FootstepAudioType>
					<FootstepAudioScript>AS3D_UN_CHARIOT_END</FootstepAudioScript>
				</FootstepSound>
				<FootstepSound>
					<FootstepAudioType>LOOPSTEP_WHEELS_2</FootstepAudioType>
					<FootstepAudioScript>AS3D_UN_WAR_CHARIOT_LOOP</FootstepAudioScript>
				</FootstepSound>
				<FootstepSound>
					<FootstepAudioType>ENDSTEP_WHEELS_2</FootstepAudioType>
					<FootstepAudioScript>AS3D_UN_WAR_CHARIOT_END</FootstepAudioScript>
				</FootstepSound>
				<FootstepSound>
					<FootstepAudioType>LOOPSTEP_TANK</FootstepAudioType>
					<FootstepAudioScript>AS3D_UN_TANK_LOOP</FootstepAudioScript>
				</FootstepSound>
				<FootstepSound>
					<FootstepAudioType>ENDSTEP_TANK</FootstepAudioType>
					<FootstepAudioScript>AS3D_UN_TANK_END</FootstepAudioScript>
				</FootstepSound>
				<FootstepSound>
					<FootstepAudioType>LOOPSTEP_MOD_ARMOUR</FootstepAudioType>
					<FootstepAudioScript>AS3D_UN_MOD_ARMOUR_LOOP</FootstepAudioScript>
				</FootstepSound>
				<FootstepSound>
					<FootstepAudioType>ENDSTEP_MOD_ARMOUR</FootstepAudioType>
					<FootstepAudioScript>AS3D_UN_MOD_ARMOUR_END</FootstepAudioScript>
				</FootstepSound>
				<FootstepSound>
					<FootstepAudioType>LOOPSTEP_OCEAN1</FootstepAudioType>
					<FootstepAudioScript>AS3D_UN_OCEAN_LOOP1</FootstepAudioScript>
				</FootstepSound>
				<FootstepSound>
					<FootstepAudioType>ENDSTEP_OCEAN1</FootstepAudioType>
					<FootstepAudioScript>AS3D_UN_OCEAN_END1</FootstepAudioScript>
				</FootstepSound>
				<FootstepSound>
					<FootstepAudioType>LOOPSTEP_OCEAN2</FootstepAudioType>
					<FootstepAudioScript>AS3D_UN_OCEAN_LOOP1</FootstepAudioScript>
				</FootstepSound>
				<FootstepSound>
					<FootstepAudioType>ENDSTEP_OCEAN2</FootstepAudioType>
					<FootstepAudioScript>AS3D_UN_OCEAN_END2</FootstepAudioScript>
				</FootstepSound>
				<FootstepSound>
					<FootstepAudioType>LOOPSTEP_DESTOYER</FootstepAudioType>
					<FootstepAudioScript>AS3D_UN_DESTROYER_RUN_LOOP</FootstepAudioScript>
				</FootstepSound>
				<FootstepSound>
					<FootstepAudioType>ENDSTEP_DESTROYER</FootstepAudioType>
					<FootstepAudioScript>AS3D_UN_DESTROYER_RUN_END</FootstepAudioScript>
				</FootstepSound>
				<FootstepSound>
					<FootstepAudioType>LOOPSTEP_IRONCLAD</FootstepAudioType>
					<FootstepAudioScript>AS3D_UN_IRONCLAD_RUN_LOOP</FootstepAudioScript>
				</FootstepSound>
				<FootstepSound>
					<FootstepAudioType>ENDSTEP_IRONCLAD</FootstepAudioType>
					<FootstepAudioScript>AS3D_UN_IRONCLAD_RUN_END</FootstepAudioScript>
				</FootstepSound>
				<FootstepSound>
					<FootstepAudioType>LOOPSTEP_TRANSPORT</FootstepAudioType>
					<FootstepAudioScript>AS3D_UN_TRANSPORT_RUN_LOOP</FootstepAudioScript>
				</FootstepSound>
				<FootstepSound>
					<FootstepAudioType>ENDSTEP_TRANSPORT</FootstepAudioType>
					<FootstepAudioScript>AS3D_UN_TRANSPORT_RUN_END</FootstepAudioScript>
				</FootstepSound>
				<FootstepSound>
					<FootstepAudioType>LOOPSTEP_SUBMARINE</FootstepAudioType>
					<FootstepAudioScript>AS3D_UN_SUBMARINE_RUN_LOOP</FootstepAudioScript>
				</FootstepSound>
				<FootstepSound>
					<FootstepAudioType>ENDSTEP_SUBMARINE</FootstepAudioType>
					<FootstepAudioScript>AS3D_UN_SUBMARINE_RUN_END</FootstepAudioScript>
				</FootstepSound>
				<FootstepSound>
					<FootstepAudioType>LOOPSTEP_GUNSHIP</FootstepAudioType>
					<FootstepAudioScript>AS3D_UN_GUNSHIP_RUN_LOOP</FootstepAudioScript>
				</FootstepSound>
				<FootstepSound>
					<FootstepAudioType>ENDSTEP_GUNSHIP</FootstepAudioType>
					<FootstepAudioScript>AS3D_UN_GUNSHIP_RUN_END</FootstepAudioScript>
				</FootstepSound>
				<FootstepSound>
					<FootstepAudioType>LOOPSTEP_ARTILLERY</FootstepAudioType>
					<FootstepAudioScript>AS3D_UN_ARTILLERY_RUN_LOOP</FootstepAudioScript>
				</FootstepSound>
				<FootstepSound>
					<FootstepAudioType>ENDSTEP_ARTILLERY</FootstepAudioType>
					<FootstepAudioScript>AS3D_UN_ARTILLERY_RUN_END</FootstepAudioScript>
				</FootstepSound>
			</FootstepSounds>
			<WorldSoundscapeAudioScript>ASSS_GRASSLAND_SELECT_AMB</WorldSoundscapeAudioScript>
			<bGraphicalOnly>0</bGraphicalOnly>
		</TerrainInfo>
		<TerrainInfo>
			<Type>TERRAIN_PLAINS</Type>
			<Description>TXT_KEY_TERRAIN_PLAINS</Description>
			<Civilopedia>TXT_KEY_TERRAIN_PLAINS_PEDIA</Civilopedia>
			<ArtDefineTag>ART_DEF_TERRAIN_PLAINS</ArtDefineTag>
			<Yields>
				<iYield>1</iYield>
				<iYield>1</iYield>
				<iYield>0</iYield>
			</Yields>
			<RiverYieldChange>
				<iYield>0</iYield>
				<iYield>0</iYield>
				<iYield>1</iYield>
			</RiverYieldChange>
			<HillsYieldChange/>
			<bWater>0</bWater>
			<bImpassable>0</bImpassable>
			<bFound>1</bFound>
			<bFoundCoast>0</bFoundCoast>
			<bFoundFreshWater>0</bFoundFreshWater>
			<iMovement>1</iMovement>
			<iSeeFrom>1</iSeeFrom>
			<iSeeThrough>1</iSeeThrough>
			<iBuildModifier>0</iBuildModifier>
			<iDefense>0</iDefense>
			<Button>Art/Interface\Buttons\WorldBuilder\Terrain_Plains.dds</Button>
			<FootstepSounds>
				<FootstepSound>
					<FootstepAudioType>FOOTSTEP_AUDIO_HUMAN</FootstepAudioType>
					<FootstepAudioScript>AS3D_UN_FOOT_UNIT</FootstepAudioScript>
				</FootstepSound>
				<FootstepSound>
					<FootstepAudioType>FOOTSTEP_AUDIO_HUMAN_LOW</FootstepAudioType>
					<FootstepAudioScript>AS3D_UN_FOOT_UNIT_LOW</FootstepAudioScript>
				</FootstepSound>
				<FootstepSound>
					<FootstepAudioType>FOOTSTEP_AUDIO_ANIMAL</FootstepAudioType>
					<FootstepAudioScript>AS3D_UN_ANIMAL_FOOT_LARGE</FootstepAudioScript>
				</FootstepSound>
				<FootstepSound>
					<FootstepAudioType>FOOTSTEP_AUDIO_ANIMAL_LOW</FootstepAudioType>
					<FootstepAudioScript>AS3D_UN_ANIMAL_FOOT_LARGE_LOW</FootstepAudioScript>
				</FootstepSound>
				<FootstepSound>
					<FootstepAudioType>FOOTSTEP_AUDIO_HORSE</FootstepAudioType>
					<FootstepAudioScript>AS3D_UN_HORSE_RUN</FootstepAudioScript>
				</FootstepSound>
				<FootstepSound>
					<FootstepAudioType>LOOPSTEP_WHEELS</FootstepAudioType>
					<FootstepAudioScript>AS3D_UN_CHARIOT_LOOP</FootstepAudioScript>
				</FootstepSound>
				<FootstepSound>
					<FootstepAudioType>ENDSTEP_WHEELS</FootstepAudioType>
					<FootstepAudioScript>AS3D_UN_CHARIOT_END</FootstepAudioScript>
				</FootstepSound>
				<FootstepSound>
					<FootstepAudioType>LOOPSTEP_WHEELS_2</FootstepAudioType>
					<FootstepAudioScript>AS3D_UN_WAR_CHARIOT_LOOP</FootstepAudioScript>
				</FootstepSound>
				<FootstepSound>
					<FootstepAudioType>ENDSTEP_WHEELS_2</FootstepAudioType>
					<FootstepAudioScript>AS3D_UN_WAR_CHARIOT_END</FootstepAudioScript>
				</FootstepSound>
				<FootstepSound>
					<FootstepAudioType>LOOPSTEP_TANK</FootstepAudioType>
					<FootstepAudioScript>AS3D_UN_TANK_LOOP</FootstepAudioScript>
				</FootstepSound>
				<FootstepSound>
					<FootstepAudioType>ENDSTEP_TANK</FootstepAudioType>
					<FootstepAudioScript>AS3D_UN_TANK_END</FootstepAudioScript>
				</FootstepSound>
				<FootstepSound>
					<FootstepAudioType>LOOPSTEP_MOD_ARMOUR</FootstepAudioType>
					<FootstepAudioScript>AS3D_UN_MOD_ARMOUR_LOOP</FootstepAudioScript>
				</FootstepSound>
				<FootstepSound>
					<FootstepAudioType>ENDSTEP_MOD_ARMOUR</FootstepAudioType>
					<FootstepAudioScript>AS3D_UN_MOD_ARMOUR_END</FootstepAudioScript>
				</FootstepSound>
				<FootstepSound>
					<FootstepAudioType>LOOPSTEP_OCEAN1</FootstepAudioType>
					<FootstepAudioScript>AS3D_UN_OCEAN_LOOP1</FootstepAudioScript>
				</FootstepSound>
				<FootstepSound>
					<FootstepAudioType>ENDSTEP_OCEAN1</FootstepAudioType>
					<FootstepAudioScript>AS3D_UN_OCEAN_END1</FootstepAudioScript>
				</FootstepSound>
				<FootstepSound>
					<FootstepAudioType>LOOPSTEP_OCEAN2</FootstepAudioType>
					<FootstepAudioScript>AS3D_UN_OCEAN_LOOP1</FootstepAudioScript>
				</FootstepSound>
				<FootstepSound>
					<FootstepAudioType>ENDSTEP_OCEAN2</FootstepAudioType>
					<FootstepAudioScript>AS3D_UN_OCEAN_END2</FootstepAudioScript>
				</FootstepSound>
				<FootstepSound>
					<FootstepAudioType>LOOPSTEP_DESTOYER</FootstepAudioType>
					<FootstepAudioScript>AS3D_UN_DESTROYER_RUN_LOOP</FootstepAudioScript>
				</FootstepSound>
				<FootstepSound>
					<FootstepAudioType>ENDSTEP_DESTROYER</FootstepAudioType>
					<FootstepAudioScript>AS3D_UN_DESTROYER_RUN_END</FootstepAudioScript>
				</FootstepSound>
				<FootstepSound>
					<FootstepAudioType>LOOPSTEP_IRONCLAD</FootstepAudioType>
					<FootstepAudioScript>AS3D_UN_IRONCLAD_RUN_LOOP</FootstepAudioScript>
				</FootstepSound>
				<FootstepSound>
					<FootstepAudioType>ENDSTEP_IRONCLAD</FootstepAudioType>
					<FootstepAudioScript>AS3D_UN_IRONCLAD_RUN_END</FootstepAudioScript>
				</FootstepSound>
				<FootstepSound>
					<FootstepAudioType>LOOPSTEP_TRANSPORT</FootstepAudioType>
					<FootstepAudioScript>AS3D_UN_TRANSPORT_RUN_LOOP</FootstepAudioScript>
				</FootstepSound>
				<FootstepSound>
					<FootstepAudioType>ENDSTEP_TRANSPORT</FootstepAudioType>
					<FootstepAudioScript>AS3D_UN_TRANSPORT_RUN_END</FootstepAudioScript>
				</FootstepSound>
				<FootstepSound>
					<FootstepAudioType>LOOPSTEP_SUBMARINE</FootstepAudioType>
					<FootstepAudioScript>AS3D_UN_SUBMARINE_RUN_LOOP</FootstepAudioScript>
				</FootstepSound>
				<FootstepSound>
					<FootstepAudioType>ENDSTEP_SUBMARINE</FootstepAudioType>
					<FootstepAudioScript>AS3D_UN_SUBMARINE_RUN_END</FootstepAudioScript>
				</FootstepSound>
				<FootstepSound>
					<FootstepAudioType>LOOPSTEP_GUNSHIP</FootstepAudioType>
					<FootstepAudioScript>AS3D_UN_GUNSHIP_RUN_LOOP</FootstepAudioScript>
				</FootstepSound>
				<FootstepSound>
					<FootstepAudioType>ENDSTEP_GUNSHIP</FootstepAudioType>
					<FootstepAudioScript>AS3D_UN_GUNSHIP_RUN_END</FootstepAudioScript>
				</FootstepSound>
				<FootstepSound>
					<FootstepAudioType>LOOPSTEP_ARTILLERY</FootstepAudioType>
					<FootstepAudioScript>AS3D_UN_ARTILLERY_RUN_LOOP</FootstepAudioScript>
				</FootstepSound>
				<FootstepSound>
					<FootstepAudioType>ENDSTEP_ARTILLERY</FootstepAudioType>
					<FootstepAudioScript>AS3D_UN_ARTILLERY_RUN_END</FootstepAudioScript>
				</FootstepSound>
			</FootstepSounds>
			<WorldSoundscapeAudioScript>ASSS_PLAINS_SELECT_AMB</WorldSoundscapeAudioScript>
			<bGraphicalOnly>0</bGraphicalOnly>
		</TerrainInfo>
		<TerrainInfo>
			<Type>TERRAIN_DESERT</Type>
			<Description>TXT_KEY_TERRAIN_DESERT</Description>
			<Civilopedia>TXT_KEY_TERRAIN_DESERT_PEDIA</Civilopedia>
			<ArtDefineTag>ART_DEF_TERRAIN_DESERT</ArtDefineTag>
			<Yields/>
			<RiverYieldChange>
				<iYield>0</iYield>
				<iYield>0</iYield>
				<iYield>1</iYield>
			</RiverYieldChange>
			<HillsYieldChange/>
			<bWater>0</bWater>
			<bImpassable>0</bImpassable>
			<bFound>1</bFound>
			<bFoundCoast>0</bFoundCoast>
			<bFoundFreshWater>0</bFoundFreshWater>
			<iMovement>1</iMovement>
			<iSeeFrom>1</iSeeFrom>
			<iSeeThrough>1</iSeeThrough>
			<iBuildModifier>25</iBuildModifier>
			<iDefense>0</iDefense>
			<Button>Art/Interface\Buttons\WorldBuilder\Terrain_Desert.dds</Button>
			<FootstepSounds>
				<FootstepSound>
					<FootstepAudioType>FOOTSTEP_AUDIO_HUMAN</FootstepAudioType>
					<FootstepAudioScript>AS3D_UN_FOOT_UNIT_SAND</FootstepAudioScript>
				</FootstepSound>
				<FootstepSound>
					<FootstepAudioType>FOOTSTEP_AUDIO_HUMAN_LOW</FootstepAudioType>
					<FootstepAudioScript>AS3D_UN_FOOT_UNIT_LOW_SAND</FootstepAudioScript>
				</FootstepSound>
				<FootstepSound>
					<FootstepAudioType>FOOTSTEP_AUDIO_ANIMAL</FootstepAudioType>
					<FootstepAudioScript>AS3D_UN_ANIMAL_FOOT_LARGE_SAND</FootstepAudioScript>
				</FootstepSound>
				<FootstepSound>
					<FootstepAudioType>FOOTSTEP_AUDIO_ANIMAL_LOW</FootstepAudioType>
					<FootstepAudioScript>AS3D_UN_ANIMAL_FOOT_LARGE_LOW_SAND</FootstepAudioScript>
				</FootstepSound>
				<FootstepSound>
					<FootstepAudioType>FOOTSTEP_AUDIO_HORSE</FootstepAudioType>
					<FootstepAudioScript>AS3D_UN_HORSE_RUN</FootstepAudioScript>
				</FootstepSound>
				<FootstepSound>
					<FootstepAudioType>LOOPSTEP_WHEELS</FootstepAudioType>
					<FootstepAudioScript>AS3D_UN_CHARIOT_LOOP</FootstepAudioScript>
				</FootstepSound>
				<FootstepSound>
					<FootstepAudioType>ENDSTEP_WHEELS</FootstepAudioType>
					<FootstepAudioScript>AS3D_UN_CHARIOT_END</FootstepAudioScript>
				</FootstepSound>
				<FootstepSound>
					<FootstepAudioType>LOOPSTEP_WHEELS_2</FootstepAudioType>
					<FootstepAudioScript>AS3D_UN_WAR_CHARIOT_LOOP</FootstepAudioScript>
				</FootstepSound>
				<FootstepSound>
					<FootstepAudioType>ENDSTEP_WHEELS_2</FootstepAudioType>
					<FootstepAudioScript>AS3D_UN_WAR_CHARIOT_END</FootstepAudioScript>
				</FootstepSound>
				<FootstepSound>
					<FootstepAudioType>LOOPSTEP_TANK</FootstepAudioType>
					<FootstepAudioScript>AS3D_UN_TANK_LOOP</FootstepAudioScript>
				</FootstepSound>
				<FootstepSound>
					<FootstepAudioType>ENDSTEP_TANK</FootstepAudioType>
					<FootstepAudioScript>AS3D_UN_TANK_END</FootstepAudioScript>
				</FootstepSound>
				<FootstepSound>
					<FootstepAudioType>LOOPSTEP_MOD_ARMOUR</FootstepAudioType>
					<FootstepAudioScript>AS3D_UN_MOD_ARMOUR_LOOP</FootstepAudioScript>
				</FootstepSound>
				<FootstepSound>
					<FootstepAudioType>ENDSTEP_MOD_ARMOUR</FootstepAudioType>
					<FootstepAudioScript>AS3D_UN_MOD_ARMOUR_END</FootstepAudioScript>
				</FootstepSound>
				<FootstepSound>
					<FootstepAudioType>LOOPSTEP_OCEAN1</FootstepAudioType>
					<FootstepAudioScript>AS3D_UN_OCEAN_LOOP1</FootstepAudioScript>
				</FootstepSound>
				<FootstepSound>
					<FootstepAudioType>ENDSTEP_OCEAN1</FootstepAudioType>
					<FootstepAudioScript>AS3D_UN_OCEAN_END1</FootstepAudioScript>
				</FootstepSound>
				<FootstepSound>
					<FootstepAudioType>LOOPSTEP_OCEAN2</FootstepAudioType>
					<FootstepAudioScript>AS3D_UN_OCEAN_LOOP1</FootstepAudioScript>
				</FootstepSound>
				<FootstepSound>
					<FootstepAudioType>ENDSTEP_OCEAN2</FootstepAudioType>
					<FootstepAudioScript>AS3D_UN_OCEAN_END2</FootstepAudioScript>
				</FootstepSound>
				<FootstepSound>
					<FootstepAudioType>LOOPSTEP_DESTOYER</FootstepAudioType>
					<FootstepAudioScript>AS3D_UN_DESTROYER_RUN_LOOP</FootstepAudioScript>
				</FootstepSound>
				<FootstepSound>
					<FootstepAudioType>ENDSTEP_DESTROYER</FootstepAudioType>
					<FootstepAudioScript>AS3D_UN_DESTROYER_RUN_END</FootstepAudioScript>
				</FootstepSound>
				<FootstepSound>
					<FootstepAudioType>LOOPSTEP_IRONCLAD</FootstepAudioType>
					<FootstepAudioScript>AS3D_UN_IRONCLAD_RUN_LOOP</FootstepAudioScript>
				</FootstepSound>
				<FootstepSound>
					<FootstepAudioType>ENDSTEP_IRONCLAD</FootstepAudioType>
					<FootstepAudioScript>AS3D_UN_IRONCLAD_RUN_END</FootstepAudioScript>
				</FootstepSound>
				<FootstepSound>
					<FootstepAudioType>LOOPSTEP_TRANSPORT</FootstepAudioType>
					<FootstepAudioScript>AS3D_UN_TRANSPORT_RUN_LOOP</FootstepAudioScript>
				</FootstepSound>
				<FootstepSound>
					<FootstepAudioType>ENDSTEP_TRANSPORT</FootstepAudioType>
					<FootstepAudioScript>AS3D_UN_TRANSPORT_RUN_END</FootstepAudioScript>
				</FootstepSound>
				<FootstepSound>
					<FootstepAudioType>LOOPSTEP_SUBMARINE</FootstepAudioType>
					<FootstepAudioScript>AS3D_UN_SUBMARINE_RUN_LOOP</FootstepAudioScript>
				</FootstepSound>
				<FootstepSound>
					<FootstepAudioType>ENDSTEP_SUBMARINE</FootstepAudioType>
					<FootstepAudioScript>AS3D_UN_SUBMARINE_RUN_END</FootstepAudioScript>
				</FootstepSound>
				<FootstepSound>
					<FootstepAudioType>LOOPSTEP_GUNSHIP</FootstepAudioType>
					<FootstepAudioScript>AS3D_UN_GUNSHIP_RUN_LOOP</FootstepAudioScript>
				</FootstepSound>
				<FootstepSound>
					<FootstepAudioType>ENDSTEP_GUNSHIP</FootstepAudioType>
					<FootstepAudioScript>AS3D_UN_GUNSHIP_RUN_END</FootstepAudioScript>
				</FootstepSound>
				<FootstepSound>
					<FootstepAudioType>LOOPSTEP_ARTILLERY</FootstepAudioType>
					<FootstepAudioScript>AS3D_UN_ARTILLERY_RUN_LOOP</FootstepAudioScript>
				</FootstepSound>
				<FootstepSound>
					<FootstepAudioType>ENDSTEP_ARTILLERY</FootstepAudioType>
					<FootstepAudioScript>AS3D_UN_ARTILLERY_RUN_END</FootstepAudioScript>
				</FootstepSound>
			</FootstepSounds>
			<WorldSoundscapeAudioScript>ASSS_DESERT_SELECT_AMB</WorldSoundscapeAudioScript>
			<bGraphicalOnly>0</bGraphicalOnly>
		</TerrainInfo>
		<TerrainInfo>
			<Type>TERRAIN_TUNDRA</Type>
			<Description>TXT_KEY_TERRAIN_TUNDRA</Description>
			<Civilopedia>TXT_KEY_TERRAIN_TUNDRA_PEDIA</Civilopedia>
			<ArtDefineTag>ART_DEF_TERRAIN_TUNDRA</ArtDefineTag>
			<Yields>
				<iYield>1</iYield>
				<iYield>0</iYield>
				<iYield>0</iYield>
			</Yields>
			<RiverYieldChange>
				<iYield>0</iYield>
				<iYield>0</iYield>
				<iYield>1</iYield>
			</RiverYieldChange>
			<HillsYieldChange/>
			<bWater>0</bWater>
			<bImpassable>0</bImpassable>
			<bFound>1</bFound>
			<bFoundCoast>0</bFoundCoast>
			<bFoundFreshWater>0</bFoundFreshWater>
			<iMovement>1</iMovement>
			<iSeeFrom>1</iSeeFrom>
			<iSeeThrough>1</iSeeThrough>
			<iBuildModifier>25</iBuildModifier>
			<iDefense>0</iDefense>
			<Button>Art/Interface\Buttons\WorldBuilder\Terrain_Tundra.dds</Button>
			<FootstepSounds>
				<FootstepSound>
					<FootstepAudioType>FOOTSTEP_AUDIO_HUMAN</FootstepAudioType>
					<FootstepAudioScript>AS3D_UN_FOOT_UNIT_TUNDRA</FootstepAudioScript>
				</FootstepSound>
				<FootstepSound>
					<FootstepAudioType>FOOTSTEP_AUDIO_HUMAN_LOW</FootstepAudioType>
					<FootstepAudioScript>AS3D_UN_FOOT_UNIT_LOW_TUNDRA</FootstepAudioScript>
				</FootstepSound>
				<FootstepSound>
					<FootstepAudioType>FOOTSTEP_AUDIO_ANIMAL</FootstepAudioType>
					<FootstepAudioScript>AS3D_UN_ANIMAL_FOOT_LARGE_TUNDRA</FootstepAudioScript>
				</FootstepSound>
				<FootstepSound>
					<FootstepAudioType>FOOTSTEP_AUDIO_ANIMAL_LOW</FootstepAudioType>
					<FootstepAudioScript>AS3D_UN_ANIMAL_FOOT_LARGE_LOW_TUNDRA</FootstepAudioScript>
				</FootstepSound>
				<FootstepSound>
					<FootstepAudioType>FOOTSTEP_AUDIO_HORSE</FootstepAudioType>
					<FootstepAudioScript>AS3D_UN_HORSE_RUN</FootstepAudioScript>
				</FootstepSound>
				<FootstepSound>
					<FootstepAudioType>LOOPSTEP_WHEELS</FootstepAudioType>
					<FootstepAudioScript>AS3D_UN_CHARIOT_LOOP</FootstepAudioScript>
				</FootstepSound>
				<FootstepSound>
					<FootstepAudioType>ENDSTEP_WHEELS</FootstepAudioType>
					<FootstepAudioScript>AS3D_UN_CHARIOT_END</FootstepAudioScript>
				</FootstepSound>
				<FootstepSound>
					<FootstepAudioType>LOOPSTEP_WHEELS_2</FootstepAudioType>
					<FootstepAudioScript>AS3D_UN_WAR_CHARIOT_LOOP</FootstepAudioScript>
				</FootstepSound>
				<FootstepSound>
					<FootstepAudioType>ENDSTEP_WHEELS_2</FootstepAudioType>
					<FootstepAudioScript>AS3D_UN_WAR_CHARIOT_END</FootstepAudioScript>
				</FootstepSound>
				<FootstepSound>
					<FootstepAudioType>LOOPSTEP_TANK</FootstepAudioType>
					<FootstepAudioScript>AS3D_UN_TANK_LOOP</FootstepAudioScript>
				</FootstepSound>
				<FootstepSound>
					<FootstepAudioType>ENDSTEP_TANK</FootstepAudioType>
					<FootstepAudioScript>AS3D_UN_TANK_END</FootstepAudioScript>
				</FootstepSound>
				<FootstepSound>
					<FootstepAudioType>LOOPSTEP_MOD_ARMOUR</FootstepAudioType>
					<FootstepAudioScript>AS3D_UN_MOD_ARMOUR_LOOP</FootstepAudioScript>
				</FootstepSound>
				<FootstepSound>
					<FootstepAudioType>ENDSTEP_MOD_ARMOUR</FootstepAudioType>
					<FootstepAudioScript>AS3D_UN_MOD_ARMOUR_END</FootstepAudioScript>
				</FootstepSound>
				<FootstepSound>
					<FootstepAudioType>LOOPSTEP_OCEAN1</FootstepAudioType>
					<FootstepAudioScript>AS3D_UN_OCEAN_LOOP1</FootstepAudioScript>
				</FootstepSound>
				<FootstepSound>
					<FootstepAudioType>ENDSTEP_OCEAN1</FootstepAudioType>
					<FootstepAudioScript>AS3D_UN_OCEAN_END1</FootstepAudioScript>
				</FootstepSound>
				<FootstepSound>
					<FootstepAudioType>LOOPSTEP_OCEAN2</FootstepAudioType>
					<FootstepAudioScript>AS3D_UN_OCEAN_LOOP1</FootstepAudioScript>
				</FootstepSound>
				<FootstepSound>
					<FootstepAudioType>ENDSTEP_OCEAN2</FootstepAudioType>
					<FootstepAudioScript>AS3D_UN_OCEAN_END2</FootstepAudioScript>
				</FootstepSound>
				<FootstepSound>
					<FootstepAudioType>LOOPSTEP_DESTOYER</FootstepAudioType>
					<FootstepAudioScript>AS3D_UN_DESTROYER_RUN_LOOP</FootstepAudioScript>
				</FootstepSound>
				<FootstepSound>
					<FootstepAudioType>ENDSTEP_DESTROYER</FootstepAudioType>
					<FootstepAudioScript>AS3D_UN_DESTROYER_RUN_END</FootstepAudioScript>
				</FootstepSound>
				<FootstepSound>
					<FootstepAudioType>LOOPSTEP_IRONCLAD</FootstepAudioType>
					<FootstepAudioScript>AS3D_UN_IRONCLAD_RUN_LOOP</FootstepAudioScript>
				</FootstepSound>
				<FootstepSound>
					<FootstepAudioType>ENDSTEP_IRONCLAD</FootstepAudioType>
					<FootstepAudioScript>AS3D_UN_IRONCLAD_RUN_END</FootstepAudioScript>
				</FootstepSound>
				<FootstepSound>
					<FootstepAudioType>LOOPSTEP_TRANSPORT</FootstepAudioType>
					<FootstepAudioScript>AS3D_UN_TRANSPORT_RUN_LOOP</FootstepAudioScript>
				</FootstepSound>
				<FootstepSound>
					<FootstepAudioType>ENDSTEP_TRANSPORT</FootstepAudioType>
					<FootstepAudioScript>AS3D_UN_TRANSPORT_RUN_END</FootstepAudioScript>
				</FootstepSound>
				<FootstepSound>
					<FootstepAudioType>LOOPSTEP_SUBMARINE</FootstepAudioType>
					<FootstepAudioScript>AS3D_UN_SUBMARINE_RUN_LOOP</FootstepAudioScript>
				</FootstepSound>
				<FootstepSound>
					<FootstepAudioType>ENDSTEP_SUBMARINE</FootstepAudioType>
					<FootstepAudioScript>AS3D_UN_SUBMARINE_RUN_END</FootstepAudioScript>
				</FootstepSound>
				<FootstepSound>
					<FootstepAudioType>LOOPSTEP_GUNSHIP</FootstepAudioType>
					<FootstepAudioScript>AS3D_UN_GUNSHIP_RUN_LOOP</FootstepAudioScript>
				</FootstepSound>
				<FootstepSound>
					<FootstepAudioType>ENDSTEP_GUNSHIP</FootstepAudioType>
					<FootstepAudioScript>AS3D_UN_GUNSHIP_RUN_END</FootstepAudioScript>
				</FootstepSound>
				<FootstepSound>
					<FootstepAudioType>LOOPSTEP_ARTILLERY</FootstepAudioType>
					<FootstepAudioScript>AS3D_UN_ARTILLERY_RUN_LOOP</FootstepAudioScript>
				</FootstepSound>
				<FootstepSound>
					<FootstepAudioType>ENDSTEP_ARTILLERY</FootstepAudioType>
					<FootstepAudioScript>AS3D_UN_ARTILLERY_RUN_END</FootstepAudioScript>
				</FootstepSound>
			</FootstepSounds>
			<WorldSoundscapeAudioScript>ASSS_TUNDRA_SELECT_AMB</WorldSoundscapeAudioScript>
			<bGraphicalOnly>0</bGraphicalOnly>
		</TerrainInfo>
		<TerrainInfo>
			<Type>TERRAIN_SNOW</Type>
			<!-- advc.004g: Was ..._ICE. Snow gets its own name. -->
			<Description>TXT_KEY_TERRAIN_SNOW</Description>
			<Civilopedia>TXT_KEY_TERRAIN_ICE_PEDIA</Civilopedia>
			<ArtDefineTag>ART_DEF_TERRAIN_SNOW</ArtDefineTag>
			<Yields/>
			<RiverYieldChange/>
			<HillsYieldChange/>
			<bWater>0</bWater>
			<bImpassable>0</bImpassable>
			<bFound>1</bFound>
			<bFoundCoast>0</bFoundCoast>
			<bFoundFreshWater>0</bFoundFreshWater>
			<iMovement>1</iMovement>
			<iSeeFrom>1</iSeeFrom>
			<iSeeThrough>1</iSeeThrough>
			<iBuildModifier>50</iBuildModifier>
			<iDefense>0</iDefense>
			<Button>Art/Interface\Buttons\WorldBuilder\Terrain_Ice.dds</Button>
			<FootstepSounds>
				<FootstepSound>
					<FootstepAudioType>FOOTSTEP_AUDIO_HUMAN</FootstepAudioType>
					<FootstepAudioScript>AS3D_UN_FOOT_UNIT_SNOW</FootstepAudioScript>
				</FootstepSound>
				<FootstepSound>
					<FootstepAudioType>FOOTSTEP_AUDIO_HUMAN_LOW</FootstepAudioType>
					<FootstepAudioScript>AS3D_UN_FOOT_UNIT_LOW_SNOW</FootstepAudioScript>
				</FootstepSound>
				<FootstepSound>
					<FootstepAudioType>FOOTSTEP_AUDIO_ANIMAL</FootstepAudioType>
					<FootstepAudioScript>AS3D_UN_ANIMAL_FOOT_LARGE_SNOW</FootstepAudioScript>
				</FootstepSound>
				<FootstepSound>
					<FootstepAudioType>FOOTSTEP_AUDIO_ANIMAL_LOW</FootstepAudioType>
					<FootstepAudioScript>AS3D_UN_ANIMAL_FOOT_LARGE_LOW_SNOW</FootstepAudioScript>
				</FootstepSound>
				<FootstepSound>
					<FootstepAudioType>FOOTSTEP_AUDIO_HORSE</FootstepAudioType>
					<FootstepAudioScript>AS3D_UN_HORSE_RUN</FootstepAudioScript>
				</FootstepSound>
				<FootstepSound>
					<FootstepAudioType>LOOPSTEP_WHEELS</FootstepAudioType>
					<FootstepAudioScript>AS3D_UN_CHARIOT_LOOP</FootstepAudioScript>
				</FootstepSound>
				<FootstepSound>
					<FootstepAudioType>ENDSTEP_WHEELS</FootstepAudioType>
					<FootstepAudioScript>AS3D_UN_CHARIOT_END</FootstepAudioScript>
				</FootstepSound>
				<FootstepSound>
					<FootstepAudioType>LOOPSTEP_WHEELS_2</FootstepAudioType>
					<FootstepAudioScript>AS3D_UN_WAR_CHARIOT_LOOP</FootstepAudioScript>
				</FootstepSound>
				<FootstepSound>
					<FootstepAudioType>ENDSTEP_WHEELS_2</FootstepAudioType>
					<FootstepAudioScript>AS3D_UN_WAR_CHARIOT_END</FootstepAudioScript>
				</FootstepSound>
				<FootstepSound>
					<FootstepAudioType>LOOPSTEP_TANK</FootstepAudioType>
					<FootstepAudioScript>AS3D_UN_TANK_LOOP</FootstepAudioScript>
				</FootstepSound>
				<FootstepSound>
					<FootstepAudioType>ENDSTEP_TANK</FootstepAudioType>
					<FootstepAudioScript>AS3D_UN_TANK_END</FootstepAudioScript>
				</FootstepSound>
				<FootstepSound>
					<FootstepAudioType>LOOPSTEP_MOD_ARMOUR</FootstepAudioType>
					<FootstepAudioScript>AS3D_UN_MOD_ARMOUR_LOOP</FootstepAudioScript>
				</FootstepSound>
				<FootstepSound>
					<FootstepAudioType>ENDSTEP_MOD_ARMOUR</FootstepAudioType>
					<FootstepAudioScript>AS3D_UN_MOD_ARMOUR_END</FootstepAudioScript>
				</FootstepSound>
				<FootstepSound>
					<FootstepAudioType>LOOPSTEP_OCEAN1</FootstepAudioType>
					<FootstepAudioScript>AS3D_UN_OCEAN_LOOP1</FootstepAudioScript>
				</FootstepSound>
				<FootstepSound>
					<FootstepAudioType>ENDSTEP_OCEAN1</FootstepAudioType>
					<FootstepAudioScript>AS3D_UN_OCEAN_END1</FootstepAudioScript>
				</FootstepSound>
				<FootstepSound>
					<FootstepAudioType>LOOPSTEP_OCEAN2</FootstepAudioType>
					<FootstepAudioScript>AS3D_UN_OCEAN_LOOP1</FootstepAudioScript>
				</FootstepSound>
				<FootstepSound>
					<FootstepAudioType>ENDSTEP_OCEAN2</FootstepAudioType>
					<FootstepAudioScript>AS3D_UN_OCEAN_END2</FootstepAudioScript>
				</FootstepSound>
				<FootstepSound>
					<FootstepAudioType>LOOPSTEP_DESTOYER</FootstepAudioType>
					<FootstepAudioScript>AS3D_UN_DESTROYER_RUN_LOOP</FootstepAudioScript>
				</FootstepSound>
				<FootstepSound>
					<FootstepAudioType>ENDSTEP_DESTROYER</FootstepAudioType>
					<FootstepAudioScript>AS3D_UN_DESTROYER_RUN_END</FootstepAudioScript>
				</FootstepSound>
				<FootstepSound>
					<FootstepAudioType>LOOPSTEP_IRONCLAD</FootstepAudioType>
					<FootstepAudioScript>AS3D_UN_IRONCLAD_RUN_LOOP</FootstepAudioScript>
				</FootstepSound>
				<FootstepSound>
					<FootstepAudioType>ENDSTEP_IRONCLAD</FootstepAudioType>
					<FootstepAudioScript>AS3D_UN_IRONCLAD_RUN_END</FootstepAudioScript>
				</FootstepSound>
				<FootstepSound>
					<FootstepAudioType>LOOPSTEP_TRANSPORT</FootstepAudioType>
					<FootstepAudioScript>AS3D_UN_TRANSPORT_RUN_LOOP</FootstepAudioScript>
				</FootstepSound>
				<FootstepSound>
					<FootstepAudioType>ENDSTEP_TRANSPORT</FootstepAudioType>
					<FootstepAudioScript>AS3D_UN_TRANSPORT_RUN_END</FootstepAudioScript>
				</FootstepSound>
				<FootstepSound>
					<FootstepAudioType>LOOPSTEP_SUBMARINE</FootstepAudioType>
					<FootstepAudioScript>AS3D_UN_SUBMARINE_RUN_LOOP</FootstepAudioScript>
				</FootstepSound>
				<FootstepSound>
					<FootstepAudioType>ENDSTEP_SUBMARINE</FootstepAudioType>
					<FootstepAudioScript>AS3D_UN_SUBMARINE_RUN_END</FootstepAudioScript>
				</FootstepSound>
				<FootstepSound>
					<FootstepAudioType>LOOPSTEP_GUNSHIP</FootstepAudioType>
					<FootstepAudioScript>AS3D_UN_GUNSHIP_RUN_LOOP</FootstepAudioScript>
				</FootstepSound>
				<FootstepSound>
					<FootstepAudioType>ENDSTEP_GUNSHIP</FootstepAudioType>
					<FootstepAudioScript>AS3D_UN_GUNSHIP_RUN_END</FootstepAudioScript>
				</FootstepSound>
				<FootstepSound>
					<FootstepAudioType>LOOPSTEP_ARTILLERY</FootstepAudioType>
					<FootstepAudioScript>AS3D_UN_ARTILLERY_RUN_LOOP</FootstepAudioScript>
				</FootstepSound>
				<FootstepSound>
					<FootstepAudioType>ENDSTEP_ARTILLERY</FootstepAudioType>
					<FootstepAudioScript>AS3D_UN_ARTILLERY_RUN_END</FootstepAudioScript>
				</FootstepSound>
			</FootstepSounds>
			<WorldSoundscapeAudioScript>ASSS_TUNDRA_SELECT_AMB</WorldSoundscapeAudioScript>
			<bGraphicalOnly>0</bGraphicalOnly>
		</TerrainInfo>
		<TerrainInfo>
			<Type>TERRAIN_COAST</Type>
			<Description>TXT_KEY_TERRAIN_COAST</Description>
			<Civilopedia>TXT_KEY_TERRAIN_COAST_PEDIA</Civilopedia>
			<ArtDefineTag>ART_DEF_TERRAIN_COAST</ArtDefineTag>
			<Yields>
				<iYield>1</iYield>
				<iYield>0</iYield>
				<iYield>2</iYield>
			</Yields>
			<RiverYieldChange/>
			<HillsYieldChange/>
			<bWater>1</bWater>
			<bImpassable>0</bImpassable>
			<bFound>0</bFound>
			<bFoundCoast>0</bFoundCoast>
			<bFoundFreshWater>0</bFoundFreshWater>
			<iMovement>1</iMovement>
			<iSeeFrom>0</iSeeFrom>
			<iSeeThrough>0</iSeeThrough>
			<iBuildModifier>0</iBuildModifier>
			<iDefense>10</iDefense>
			<Button>Art/Interface\Buttons\WorldBuilder\Terrain_Coast.dds</Button>
			<FootstepSounds>
				<FootstepSound>
					<FootstepAudioType>FOOTSTEP_AUDIO_HUMAN</FootstepAudioType>
					<FootstepAudioScript>AS3D_UN_FOOT_UNIT_SAND</FootstepAudioScript>
				</FootstepSound>
				<FootstepSound>
					<FootstepAudioType>FOOTSTEP_AUDIO_HUMAN_LOW</FootstepAudioType>
					<FootstepAudioScript>AS3D_UN_FOOT_UNIT_LOW_SAND</FootstepAudioScript>
				</FootstepSound>
				<FootstepSound>
					<FootstepAudioType>FOOTSTEP_AUDIO_ANIMAL</FootstepAudioType>
					<FootstepAudioScript>AS3D_UN_ANIMAL_FOOT_LARGE_SAND</FootstepAudioScript>
				</FootstepSound>
				<FootstepSound>
					<FootstepAudioType>FOOTSTEP_AUDIO_ANIMAL_LOW</FootstepAudioType>
					<FootstepAudioScript>AS3D_UN_ANIMAL_FOOT_LARGE_LOW_SAND</FootstepAudioScript>
				</FootstepSound>
				<FootstepSound>
					<FootstepAudioType>FOOTSTEP_AUDIO_HORSE</FootstepAudioType>
					<FootstepAudioScript>AS3D_UN_HORSE_RUN</FootstepAudioScript>
				</FootstepSound>
				<FootstepSound>
					<FootstepAudioType>LOOPSTEP_WHEELS</FootstepAudioType>
					<FootstepAudioScript>AS3D_UN_CHARIOT_LOOP</FootstepAudioScript>
				</FootstepSound>
				<FootstepSound>
					<FootstepAudioType>ENDSTEP_WHEELS</FootstepAudioType>
					<FootstepAudioScript>AS3D_UN_CHARIOT_END</FootstepAudioScript>
				</FootstepSound>
				<FootstepSound>
					<FootstepAudioType>LOOPSTEP_WHEELS_2</FootstepAudioType>
					<FootstepAudioScript>AS3D_UN_WAR_CHARIOT_LOOP</FootstepAudioScript>
				</FootstepSound>
				<FootstepSound>
					<FootstepAudioType>ENDSTEP_WHEELS_2</FootstepAudioType>
					<FootstepAudioScript>AS3D_UN_WAR_CHARIOT_END</FootstepAudioScript>
				</FootstepSound>
				<FootstepSound>
					<FootstepAudioType>LOOPSTEP_TANK</FootstepAudioType>
					<FootstepAudioScript>AS3D_UN_TANK_LOOP</FootstepAudioScript>
				</FootstepSound>
				<FootstepSound>
					<FootstepAudioType>ENDSTEP_TANK</FootstepAudioType>
					<FootstepAudioScript>AS3D_UN_TANK_END</FootstepAudioScript>
				</FootstepSound>
				<FootstepSound>
					<FootstepAudioType>LOOPSTEP_MOD_ARMOUR</FootstepAudioType>
					<FootstepAudioScript>AS3D_UN_MOD_ARMOUR_LOOP</FootstepAudioScript>
				</FootstepSound>
				<FootstepSound>
					<FootstepAudioType>ENDSTEP_MOD_ARMOUR</FootstepAudioType>
					<FootstepAudioScript>AS3D_UN_MOD_ARMOUR_END</FootstepAudioScript>
				</FootstepSound>
				<FootstepSound>
					<FootstepAudioType>LOOPSTEP_OCEAN1</FootstepAudioType>
					<FootstepAudioScript>AS3D_UN_OCEAN_LOOP1</FootstepAudioScript>
				</FootstepSound>
				<FootstepSound>
					<FootstepAudioType>ENDSTEP_OCEAN1</FootstepAudioType>
					<FootstepAudioScript>AS3D_UN_OCEAN_END1</FootstepAudioScript>
				</FootstepSound>
				<FootstepSound>
					<FootstepAudioType>LOOPSTEP_OCEAN2</FootstepAudioType>
					<FootstepAudioScript>AS3D_UN_OCEAN_LOOP1</FootstepAudioScript>
				</FootstepSound>
				<FootstepSound>
					<FootstepAudioType>ENDSTEP_OCEAN2</FootstepAudioType>
					<FootstepAudioScript>AS3D_UN_OCEAN_END2</FootstepAudioScript>
				</FootstepSound>
				<FootstepSound>
					<FootstepAudioType>LOOPSTEP_DESTOYER</FootstepAudioType>
					<FootstepAudioScript>AS3D_UN_DESTROYER_RUN_LOOP</FootstepAudioScript>
				</FootstepSound>
				<FootstepSound>
					<FootstepAudioType>ENDSTEP_DESTROYER</FootstepAudioType>
					<FootstepAudioScript>AS3D_UN_DESTROYER_RUN_END</FootstepAudioScript>
				</FootstepSound>
				<FootstepSound>
					<FootstepAudioType>LOOPSTEP_IRONCLAD</FootstepAudioType>
					<FootstepAudioScript>AS3D_UN_IRONCLAD_RUN_LOOP</FootstepAudioScript>
				</FootstepSound>
				<FootstepSound>
					<FootstepAudioType>ENDSTEP_IRONCLAD</FootstepAudioType>
					<FootstepAudioScript>AS3D_UN_IRONCLAD_RUN_END</FootstepAudioScript>
				</FootstepSound>
				<FootstepSound>
					<FootstepAudioType>LOOPSTEP_TRANSPORT</FootstepAudioType>
					<FootstepAudioScript>AS3D_UN_TRANSPORT_RUN_LOOP</FootstepAudioScript>
				</FootstepSound>
				<FootstepSound>
					<FootstepAudioType>ENDSTEP_TRANSPORT</FootstepAudioType>
					<FootstepAudioScript>AS3D_UN_TRANSPORT_RUN_END</FootstepAudioScript>
				</FootstepSound>
				<FootstepSound>
					<FootstepAudioType>LOOPSTEP_SUBMARINE</FootstepAudioType>
					<FootstepAudioScript>AS3D_UN_SUBMARINE_RUN_LOOP</FootstepAudioScript>
				</FootstepSound>
				<FootstepSound>
					<FootstepAudioType>ENDSTEP_SUBMARINE</FootstepAudioType>
					<FootstepAudioScript>AS3D_UN_SUBMARINE_RUN_END</FootstepAudioScript>
				</FootstepSound>
				<FootstepSound>
					<FootstepAudioType>LOOPSTEP_GUNSHIP</FootstepAudioType>
					<FootstepAudioScript>AS3D_UN_GUNSHIP_RUN_LOOP</FootstepAudioScript>
				</FootstepSound>
				<FootstepSound>
					<FootstepAudioType>ENDSTEP_GUNSHIP</FootstepAudioType>
					<FootstepAudioScript>AS3D_UN_GUNSHIP_RUN_END</FootstepAudioScript>
				</FootstepSound>
				<FootstepSound>
					<FootstepAudioType>LOOPSTEP_ARTILLERY</FootstepAudioType>
					<FootstepAudioScript>AS3D_UN_ARTILLERY_RUN_LOOP</FootstepAudioScript>
				</FootstepSound>
				<FootstepSound>
					<FootstepAudioType>ENDSTEP_ARTILLERY</FootstepAudioType>
					<FootstepAudioScript>AS3D_UN_ARTILLERY_RUN_END</FootstepAudioScript>
				</FootstepSound>
			</FootstepSounds>
			<WorldSoundscapeAudioScript>ASSS_COAST_SELECT_AMB</WorldSoundscapeAudioScript>
			<bGraphicalOnly>0</bGraphicalOnly>
		</TerrainInfo>
		<TerrainInfo>
			<Type>TERRAIN_OCEAN</Type>
			<Description>TXT_KEY_TERRAIN_OCEAN</Description>
			<Civilopedia>TXT_KEY_TERRAIN_OCEAN_PEDIA</Civilopedia>
			<ArtDefineTag>ART_DEF_TERRAIN_OCEAN</ArtDefineTag>
			<Yields>
				<iYield>1</iYield>
				<iYield>0</iYield>
				<iYield>1</iYield>
			</Yields>
			<RiverYieldChange/>
			<HillsYieldChange/>
			<bWater>1</bWater>
			<bImpassable>0</bImpassable>
			<bFound>0</bFound>
			<bFoundCoast>0</bFoundCoast>
			<bFoundFreshWater>0</bFoundFreshWater>
			<iMovement>1</iMovement>
			<iSeeFrom>0</iSeeFrom>
			<iSeeThrough>0</iSeeThrough>
			<iBuildModifier>0</iBuildModifier>
			<iDefense>0</iDefense>
			<Button>Art/Interface\Buttons\WorldBuilder\Terrain_Ocean.dds</Button>
			<FootstepSounds>
				<FootstepSound>
					<FootstepAudioType>FOOTSTEP_AUDIO_HUMAN</FootstepAudioType>
					<FootstepAudioScript>AS3D_UN_FOOT_UNIT_MUD</FootstepAudioScript>
				</FootstepSound>
				<FootstepSound>
					<FootstepAudioType>FOOTSTEP_AUDIO_HUMAN_LOW</FootstepAudioType>
					<FootstepAudioScript>AS3D_UN_FOOT_UNIT_LOW_MUD</FootstepAudioScript>
				</FootstepSound>
				<FootstepSound>
					<FootstepAudioType>FOOTSTEP_AUDIO_ANIMAL</FootstepAudioType>
					<FootstepAudioScript>AS3D_UN_ANIMAL_FOOT_LARGE_MUD</FootstepAudioScript>
				</FootstepSound>
				<FootstepSound>
					<FootstepAudioType>FOOTSTEP_AUDIO_ANIMAL_LOW</FootstepAudioType>
					<FootstepAudioScript>AS3D_UN_ANIMAL_FOOT_LARGE_LOW_MUD</FootstepAudioScript>
				</FootstepSound>
				<FootstepSound>
					<FootstepAudioType>FOOTSTEP_AUDIO_HORSE</FootstepAudioType>
					<FootstepAudioScript>AS3D_UN_HORSE_RUN</FootstepAudioScript>
				</FootstepSound>
				<FootstepSound>
					<FootstepAudioType>LOOPSTEP_WHEELS</FootstepAudioType>
					<FootstepAudioScript>AS3D_UN_CHARIOT_LOOP</FootstepAudioScript>
				</FootstepSound>
				<FootstepSound>
					<FootstepAudioType>ENDSTEP_WHEELS</FootstepAudioType>
					<FootstepAudioScript>AS3D_UN_CHARIOT_END</FootstepAudioScript>
				</FootstepSound>
				<FootstepSound>
					<FootstepAudioType>LOOPSTEP_WHEELS_2</FootstepAudioType>
					<FootstepAudioScript>AS3D_UN_WAR_CHARIOT_LOOP</FootstepAudioScript>
				</FootstepSound>
				<FootstepSound>
					<FootstepAudioType>ENDSTEP_WHEELS_2</FootstepAudioType>
					<FootstepAudioScript>AS3D_UN_WAR_CHARIOT_END</FootstepAudioScript>
				</FootstepSound>
				<FootstepSound>
					<FootstepAudioType>LOOPSTEP_TANK</FootstepAudioType>
					<FootstepAudioScript>AS3D_UN_TANK_LOOP</FootstepAudioScript>
				</FootstepSound>
				<FootstepSound>
					<FootstepAudioType>ENDSTEP_TANK</FootstepAudioType>
					<FootstepAudioScript>AS3D_UN_TANK_END</FootstepAudioScript>
				</FootstepSound>
				<FootstepSound>
					<FootstepAudioType>LOOPSTEP_MOD_ARMOUR</FootstepAudioType>
					<FootstepAudioScript>AS3D_UN_MOD_ARMOUR_LOOP</FootstepAudioScript>
				</FootstepSound>
				<FootstepSound>
					<FootstepAudioType>ENDSTEP_MOD_ARMOUR</FootstepAudioType>
					<FootstepAudioScript>AS3D_UN_MOD_ARMOUR_END</FootstepAudioScript>
				</FootstepSound>
				<FootstepSound>
					<FootstepAudioType>LOOPSTEP_OCEAN1</FootstepAudioType>
					<FootstepAudioScript>AS3D_UN_OCEAN_LOOP1</FootstepAudioScript>
				</FootstepSound>
				<FootstepSound>
					<FootstepAudioType>ENDSTEP_OCEAN1</FootstepAudioType>
					<FootstepAudioScript>AS3D_UN_OCEAN_END1</FootstepAudioScript>
				</FootstepSound>
				<FootstepSound>
					<FootstepAudioType>LOOPSTEP_OCEAN2</FootstepAudioType>
					<FootstepAudioScript>AS3D_UN_OCEAN_LOOP1</FootstepAudioScript>
				</FootstepSound>
				<FootstepSound>
					<FootstepAudioType>ENDSTEP_OCEAN2</FootstepAudioType>
					<FootstepAudioScript>AS3D_UN_OCEAN_END2</FootstepAudioScript>
				</FootstepSound>
				<FootstepSound>
					<FootstepAudioType>LOOPSTEP_DESTOYER</FootstepAudioType>
					<FootstepAudioScript>AS3D_UN_DESTROYER_RUN_LOOP</FootstepAudioScript>
				</FootstepSound>
				<FootstepSound>
					<FootstepAudioType>ENDSTEP_DESTROYER</FootstepAudioType>
					<FootstepAudioScript>AS3D_UN_DESTROYER_RUN_END</FootstepAudioScript>
				</FootstepSound>
				<FootstepSound>
					<FootstepAudioType>LOOPSTEP_IRONCLAD</FootstepAudioType>
					<FootstepAudioScript>AS3D_UN_IRONCLAD_RUN_LOOP</FootstepAudioScript>
				</FootstepSound>
				<FootstepSound>
					<FootstepAudioType>ENDSTEP_IRONCLAD</FootstepAudioType>
					<FootstepAudioScript>AS3D_UN_IRONCLAD_RUN_END</FootstepAudioScript>
				</FootstepSound>
				<FootstepSound>
					<FootstepAudioType>LOOPSTEP_TRANSPORT</FootstepAudioType>
					<FootstepAudioScript>AS3D_UN_TRANSPORT_RUN_LOOP</FootstepAudioScript>
				</FootstepSound>
				<FootstepSound>
					<FootstepAudioType>ENDSTEP_TRANSPORT</FootstepAudioType>
					<FootstepAudioScript>AS3D_UN_TRANSPORT_RUN_END</FootstepAudioScript>
				</FootstepSound>
				<FootstepSound>
					<FootstepAudioType>LOOPSTEP_SUBMARINE</FootstepAudioType>
					<FootstepAudioScript>AS3D_UN_SUBMARINE_RUN_LOOP</FootstepAudioScript>
				</FootstepSound>
				<FootstepSound>
					<FootstepAudioType>ENDSTEP_SUBMARINE</FootstepAudioType>
					<FootstepAudioScript>AS3D_UN_SUBMARINE_RUN_END</FootstepAudioScript>
				</FootstepSound>
				<FootstepSound>
					<FootstepAudioType>LOOPSTEP_GUNSHIP</FootstepAudioType>
					<FootstepAudioScript>AS3D_UN_GUNSHIP_RUN_LOOP</FootstepAudioScript>
				</FootstepSound>
				<FootstepSound>
					<FootstepAudioType>ENDSTEP_GUNSHIP</FootstepAudioType>
					<FootstepAudioScript>AS3D_UN_GUNSHIP_RUN_END</FootstepAudioScript>
				</FootstepSound>
				<FootstepSound>
					<FootstepAudioType>LOOPSTEP_ARTILLERY</FootstepAudioType>
					<FootstepAudioScript>AS3D_UN_ARTILLERY_RUN_LOOP</FootstepAudioScript>
				</FootstepSound>
				<FootstepSound>
					<FootstepAudioType>ENDSTEP_ARTILLERY</FootstepAudioType>
					<FootstepAudioScript>AS3D_UN_ARTILLERY_RUN_END</FootstepAudioScript>
				</FootstepSound>
			</FootstepSounds>
			<WorldSoundscapeAudioScript>ASSS_OCEAN_SELECT_AMB</WorldSoundscapeAudioScript>
			<bGraphicalOnly>0</bGraphicalOnly>
		</TerrainInfo>
		<TerrainInfo>
			<Type>TERRAIN_PEAK</Type>
			<Description>TXT_KEY_TERRAIN_PEAK</Description>
			<Civilopedia>TXT_KEY_TERRAIN_PEAK_PEDIA</Civilopedia>
			<ArtDefineTag>ART_DEF_TERRAIN_PEAK</ArtDefineTag>
			<Yields/>
			<RiverYieldChange/>
			<HillsYieldChange/>
			<bWater>1</bWater>
			<bImpassable>0</bImpassable>
			<bFound>0</bFound>
			<bFoundCoast>0</bFoundCoast>
			<bFoundFreshWater>0</bFoundFreshWater>
			<iMovement>1</iMovement>
			<iSeeFrom>0</iSeeFrom>
			<iSeeThrough>0</iSeeThrough>
			<iBuildModifier>0</iBuildModifier>
			<iDefense>0</iDefense>
			<Button>Art/Interface\Buttons\WorldBuilder\Terrain_Peak.dds</Button>
			<FootstepSounds>
				<FootstepSound>
					<FootstepAudioType>FOOTSTEP_AUDIO_HUMAN</FootstepAudioType>
					<FootstepAudioScript/>
				</FootstepSound>
				<FootstepSound>
					<FootstepAudioType>FOOTSTEP_AUDIO_HUMAN_LOW</FootstepAudioType>
					<FootstepAudioScript/>
				</FootstepSound>
				<FootstepSound>
					<FootstepAudioType>FOOTSTEP_AUDIO_ANIMAL</FootstepAudioType>
					<FootstepAudioScript/>
				</FootstepSound>
				<FootstepSound>
					<FootstepAudioType>FOOTSTEP_AUDIO_ANIMAL_LOW</FootstepAudioType>
					<FootstepAudioScript/>
				</FootstepSound>
				<FootstepSound>
					<FootstepAudioType>FOOTSTEP_AUDIO_HORSE</FootstepAudioType>
					<FootstepAudioScript/>
				</FootstepSound>
				<FootstepSound>
					<FootstepAudioType>LOOPSTEP_WHEELS</FootstepAudioType>
					<FootstepAudioScript/>
				</FootstepSound>
				<FootstepSound>
					<FootstepAudioType>ENDSTEP_WHEELS</FootstepAudioType>
					<FootstepAudioScript/>
				</FootstepSound>
				<FootstepSound>
					<FootstepAudioType>LOOPSTEP_WHEELS_2</FootstepAudioType>
					<FootstepAudioScript/>
				</FootstepSound>
				<FootstepSound>
					<FootstepAudioType>ENDSTEP_WHEELS_2</FootstepAudioType>
					<FootstepAudioScript/>
				</FootstepSound>
				<FootstepSound>
					<FootstepAudioType>LOOPSTEP_TANK</FootstepAudioType>
					<FootstepAudioScript/>
				</FootstepSound>
				<FootstepSound>
					<FootstepAudioType>ENDSTEP_TANK</FootstepAudioType>
					<FootstepAudioScript/>
				</FootstepSound>
				<FootstepSound>
					<FootstepAudioType>LOOPSTEP_MOD_ARMOUR</FootstepAudioType>
					<FootstepAudioScript/>
				</FootstepSound>
				<FootstepSound>
					<FootstepAudioType>ENDSTEP_MOD_ARMOUR</FootstepAudioType>
					<FootstepAudioScript/>
				</FootstepSound>
				<FootstepSound>
					<FootstepAudioType>LOOPSTEP_OCEAN1</FootstepAudioType>
					<FootstepAudioScript/>
				</FootstepSound>
				<FootstepSound>
					<FootstepAudioType>ENDSTEP_OCEAN1</FootstepAudioType>
					<FootstepAudioScript/>
				</FootstepSound>
				<FootstepSound>
					<FootstepAudioType>LOOPSTEP_OCEAN2</FootstepAudioType>
					<FootstepAudioScript/>
				</FootstepSound>
				<FootstepSound>
					<FootstepAudioType>ENDSTEP_OCEAN2</FootstepAudioType>
					<FootstepAudioScript/>
				</FootstepSound>
				<FootstepSound>
					<FootstepAudioType>LOOPSTEP_DESTOYER</FootstepAudioType>
					<FootstepAudioScript/>
				</FootstepSound>
				<FootstepSound>
					<FootstepAudioType>ENDSTEP_DESTROYER</FootstepAudioType>
					<FootstepAudioScript/>
				</FootstepSound>
				<FootstepSound>
					<FootstepAudioType>LOOPSTEP_IRONCLAD</FootstepAudioType>
					<FootstepAudioScript/>
				</FootstepSound>
				<FootstepSound>
					<FootstepAudioType>ENDSTEP_IRONCLAD</FootstepAudioType>
					<FootstepAudioScript/>
				</FootstepSound>
				<FootstepSound>
					<FootstepAudioType>LOOPSTEP_TRANSPORT</FootstepAudioType>
					<FootstepAudioScript/>
				</FootstepSound>
				<FootstepSound>
					<FootstepAudioType>ENDSTEP_TRANSPORT</FootstepAudioType>
					<FootstepAudioScript/>
				</FootstepSound>
				<FootstepSound>
					<FootstepAudioType>LOOPSTEP_SUBMARINE</FootstepAudioType>
					<FootstepAudioScript/>
				</FootstepSound>
				<FootstepSound>
					<FootstepAudioType>ENDSTEP_SUBMARINE</FootstepAudioType>
					<FootstepAudioScript/>
				</FootstepSound>
				<FootstepSound>
					<FootstepAudioType>LOOPSTEP_GUNSHIP</FootstepAudioType>
					<FootstepAudioScript/>
				</FootstepSound>
				<FootstepSound>
					<FootstepAudioType>ENDSTEP_GUNSHIP</FootstepAudioType>
					<FootstepAudioScript/>
				</FootstepSound>
				<FootstepSound>
					<FootstepAudioType>LOOPSTEP_ARTILLERY</FootstepAudioType>
					<FootstepAudioScript/>
				</FootstepSound>
				<FootstepSound>
					<FootstepAudioType>ENDSTEP_ARTILLERY</FootstepAudioType>
					<FootstepAudioScript/>
				</FootstepSound>
			</FootstepSounds>
			<bGraphicalOnly>1</bGraphicalOnly>
		</TerrainInfo>
		<TerrainInfo>
			<Type>TERRAIN_HILL</Type>
			<Description>TXT_KEY_TERRAIN_HILL</Description>
			<Civilopedia>TXT_KEY_TERRAIN_HILL_PEDIA</Civilopedia>
			<ArtDefineTag>ART_DEF_TERRAIN_HILL</ArtDefineTag>
			<Yields/>
			<RiverYieldChange/>
			<HillsYieldChange/>
			<bWater>1</bWater>
			<bImpassable>0</bImpassable>
			<bFound>0</bFound>
			<bFoundCoast>0</bFoundCoast>
			<bFoundFreshWater>0</bFoundFreshWater>
			<iMovement>1</iMovement>
			<iSeeFrom>0</iSeeFrom>
			<iSeeThrough>0</iSeeThrough>
			<iBuildModifier>0</iBuildModifier>
			<iDefense>0</iDefense>
			<Button>Art/Interface\Buttons\WorldBuilder\Terrain_Hill.dds</Button>
			<FootstepSounds>
				<FootstepSound>
					<FootstepAudioType>FOOTSTEP_AUDIO_HUMAN</FootstepAudioType>
					<FootstepAudioScript/>
				</FootstepSound>
				<FootstepSound>
					<FootstepAudioType>FOOTSTEP_AUDIO_HUMAN_LOW</FootstepAudioType>
					<FootstepAudioScript/>
				</FootstepSound>
				<FootstepSound>
					<FootstepAudioType>FOOTSTEP_AUDIO_ANIMAL</FootstepAudioType>
					<FootstepAudioScript/>
				</FootstepSound>
				<FootstepSound>
					<FootstepAudioType>FOOTSTEP_AUDIO_ANIMAL_LOW</FootstepAudioType>
					<FootstepAudioScript/>
				</FootstepSound>
				<FootstepSound>
					<FootstepAudioType>FOOTSTEP_AUDIO_HORSE</FootstepAudioType>
					<FootstepAudioScript/>
				</FootstepSound>
				<FootstepSound>
					<FootstepAudioType>LOOPSTEP_WHEELS</FootstepAudioType>
					<FootstepAudioScript/>
				</FootstepSound>
				<FootstepSound>
					<FootstepAudioType>ENDSTEP_WHEELS</FootstepAudioType>
					<FootstepAudioScript/>
				</FootstepSound>
				<FootstepSound>
					<FootstepAudioType>LOOPSTEP_WHEELS_2</FootstepAudioType>
					<FootstepAudioScript/>
				</FootstepSound>
				<FootstepSound>
					<FootstepAudioType>ENDSTEP_WHEELS_2</FootstepAudioType>
					<FootstepAudioScript/>
				</FootstepSound>
				<FootstepSound>
					<FootstepAudioType>LOOPSTEP_TANK</FootstepAudioType>
					<FootstepAudioScript/>
				</FootstepSound>
				<FootstepSound>
					<FootstepAudioType>ENDSTEP_TANK</FootstepAudioType>
					<FootstepAudioScript/>
				</FootstepSound>
				<FootstepSound>
					<FootstepAudioType>LOOPSTEP_MOD_ARMOUR</FootstepAudioType>
					<FootstepAudioScript/>
				</FootstepSound>
				<FootstepSound>
					<FootstepAudioType>ENDSTEP_MOD_ARMOUR</FootstepAudioType>
					<FootstepAudioScript/>
				</FootstepSound>
				<FootstepSound>
					<FootstepAudioType>LOOPSTEP_OCEAN1</FootstepAudioType>
					<FootstepAudioScript/>
				</FootstepSound>
				<FootstepSound>
					<FootstepAudioType>ENDSTEP_OCEAN1</FootstepAudioType>
					<FootstepAudioScript/>
				</FootstepSound>
				<FootstepSound>
					<FootstepAudioType>LOOPSTEP_OCEAN2</FootstepAudioType>
					<FootstepAudioScript/>
				</FootstepSound>
				<FootstepSound>
					<FootstepAudioType>ENDSTEP_OCEAN2</FootstepAudioType>
					<FootstepAudioScript/>
				</FootstepSound>
				<FootstepSound>
					<FootstepAudioType>LOOPSTEP_DESTOYER</FootstepAudioType>
					<FootstepAudioScript/>
				</FootstepSound>
				<FootstepSound>
					<FootstepAudioType>ENDSTEP_DESTROYER</FootstepAudioType>
					<FootstepAudioScript/>
				</FootstepSound>
				<FootstepSound>
					<FootstepAudioType>LOOPSTEP_IRONCLAD</FootstepAudioType>
					<FootstepAudioScript/>
				</FootstepSound>
				<FootstepSound>
					<FootstepAudioType>ENDSTEP_IRONCLAD</FootstepAudioType>
					<FootstepAudioScript/>
				</FootstepSound>
				<FootstepSound>
					<FootstepAudioType>LOOPSTEP_TRANSPORT</FootstepAudioType>
					<FootstepAudioScript/>
				</FootstepSound>
				<FootstepSound>
					<FootstepAudioType>ENDSTEP_TRANSPORT</FootstepAudioType>
					<FootstepAudioScript/>
				</FootstepSound>
				<FootstepSound>
					<FootstepAudioType>LOOPSTEP_SUBMARINE</FootstepAudioType>
					<FootstepAudioScript/>
				</FootstepSound>
				<FootstepSound>
					<FootstepAudioType>ENDSTEP_SUBMARINE</FootstepAudioType>
					<FootstepAudioScript/>
				</FootstepSound>
				<FootstepSound>
					<FootstepAudioType>LOOPSTEP_GUNSHIP</FootstepAudioType>
					<FootstepAudioScript/>
				</FootstepSound>
				<FootstepSound>
					<FootstepAudioType>ENDSTEP_GUNSHIP</FootstepAudioType>
					<FootstepAudioScript/>
				</FootstepSound>
				<FootstepSound>
					<FootstepAudioType>LOOPSTEP_ARTILLERY</FootstepAudioType>
					<FootstepAudioScript/>
				</FootstepSound>
				<FootstepSound>
					<FootstepAudioType>ENDSTEP_ARTILLERY</FootstepAudioType>
					<FootstepAudioScript/>
				</FootstepSound>
			</FootstepSounds>
			<bGraphicalOnly>1</bGraphicalOnly>
		</TerrainInfo>
	</TerrainInfos>
</Civ4TerrainInfos>
