<?xml version="1.0"?>
<!-- edited with XMLSPY v2004 rel. 2 U (http://www.xmlspy.com) by Progtern (Firaxis Games) -->
<!-- Sid Meier's Civilization 4 -->
<!-- Copyright Firaxis Games 2005 -->
<!-- -->
<!-- Bonus Class -->

<!-- advc.129: Added class "Precious" for Gold, Silver and Gems. -->

<Civ4BonusClassInfos xmlns="x-schema:CIV4TerrainSchema.xml">
	<BonusClassInfos>
		<BonusClassInfo>
			<Type>BONUSCLASS_GENERAL</Type>
			<iUnique>0</iUnique>
		</BonusClassInfo>
		<BonusClassInfo>
			<Type>BONUSCLASS_GRAIN</Type>
			<iUnique>5</iUnique>
		</BonusClassInfo>
		<BonusClassInfo>
			<Type>BONUSCLASS_LIVESTOCK</Type>
			<iUnique>5</iUnique>
		</BonusClassInfo>
		<BonusClassInfo>
			<Type>BONUSCLASS_RUSH</Type>
			<iUnique>4</iUnique>
		</BonusClassInfo>
		<BonusClassInfo>
			<Type>BONUSCLASS_MODERN</Type>
			<iUnique>4</iUnique>
		</BonusClassInfo>
		<BonusClassInfo>
			<Type>BONUSCLASS_WONDER</Type>
			<iUnique>8</iUnique>
		</BonusClassInfo>
		<BonusClassInfo>
			<Type>BONUSCLASS_PRECIOUS</Type>
			<iUnique>0</iUnique>
		</BonusClassInfo>
	</BonusClassInfos>
</Civ4BonusClassInfos>
