<?xml version="1.0" encoding="ISO-8859-1"?>

<Civ4GameText>
	
	<!-- advc.008e: The first two are from
		 CIV4GameText_Objects_BTS.xml, the next two from
		 CIV4GameText_Warlords_Objects.xml and the rest from
		 CIV4GameTextInfos_Objects.xml. -->
	<TEXT>
		<Tag>TXT_KEY_BUILDING_APOSTOLIC_PALACE</Tag>
		<English>Apostolic Palace</English>
		<French>
			<Text>Palais apostolique</Text>
			<Gender>Male</Gender>
			<Plural>0</Plural>
		</French>
		<German>
			<Text>Apostolischer Palast</Text>
			<Gender>Male</Gender>
			<Plural>0</Plural>
		</German>
		<Italian>
			<Text>Palazzo Apostolico</Text>
			<Gender>Male</Gender>
			<Plural>0</Plural>
		</Italian>
		<Spanish>
			<Text>Palacio Apost&#243;lico</Text>
			<Gender>Male</Gender>
			<Plural>0</Plural>
		</Spanish>
	</TEXT>
	<TEXT>
		<Tag>TXT_KEY_BUILDING_STATUE_OF_ZEUS</Tag>
		<English>Statue of Zeus</English>
		<French>
			<Text>Statue de Zeus</Text>
			<Gender>Female</Gender>
			<Plural>0</Plural>
		</French>
		<German>
			<Text>Zeus-Statue</Text>
			<Gender>Female</Gender>
			<Plural>0</Plural>
		</German>
		<Italian>
			<Text>Statua di Zeus</Text>
			<Gender>Female</Gender>
			<Plural>0</Plural>
		</Italian>
		<Spanish>
			<Text>Estatua de Zeus</Text>
			<Gender>Female</Gender>
			<Plural>0</Plural>
		</Spanish>
	</TEXT>
	<TEXT>
		<Tag>TXT_KEY_BUILDING_ARTEMIS</Tag>
		<English>Temple of Artemis</English>
		<French>
			<Text>Temple d'Art&#233;mis</Text>
			<Gender>Male</Gender>
			<Plural>0</Plural>
		</French>
		<German>
			<Text>Artemis-Tempel</Text>
			<Gender>Male</Gender>
			<Plural>1</Plural>
		</German>
		<Italian>
			<Text>Tempio di Artemide</Text>
			<Gender>Male</Gender>
			<Plural>0</Plural>
		</Italian>
		<Spanish>
			<Text>Templo de Artemisa:Templos de Artemisa</Text>
			<Gender>Male</Gender>
			<Plural>0:1</Plural>
		</Spanish>
	</TEXT>
	<TEXT>
		<Tag>TXT_KEY_BUILDING_GREAT_WALL</Tag>
		<English>Great Wall</English>
		<French>
			<Text>Grande muraille</Text>
			<Gender>Female</Gender>
			<Plural>0</Plural>
		</French>
		<German>
			<Text>Gro�e Mauer</Text>
			<Gender>Male</Gender>
			<Plural>1</Plural>
		</German>
		<Italian>
			<Text>Grande Muraglia</Text>
			<Gender>Female</Gender>
			<Plural>0</Plural>
		</Italian>
		<Spanish>
			<Text>Gran Muralla:Grandes Murallas</Text>
			<Gender>Female</Gender>
			<Plural>0:1</Plural>
		</Spanish>
	</TEXT>
	<TEXT>
		<Tag>TXT_KEY_BUILDING_JEWISH_SHRINE</Tag>
		<English>Temple of Solomon</English>
		<French>
			<Text>Temple de Salomon</Text>
			<Gender>Male</Gender>
			<Plural>0</Plural>
		</French>
		<German>
			<Text>Salomons Tempel</Text>
			<Gender>Male</Gender>
			<Plural>0</Plural>
		</German>
		<Italian>
			<Text>Tempio di Salomone</Text>
			<Gender>Male</Gender>
			<Plural>0</Plural>
		</Italian>
		<Spanish>
			<Text>Templo de Salom&#243;n</Text>
			<Gender>Male</Gender>
			<Plural>0</Plural>
		</Spanish>
	</TEXT>
	<TEXT>
		<Tag>TXT_KEY_BUILDING_CHRISTIAN_SHRINE</Tag>
		<English>Church of the Nativity</English>
		<French>
			<Text>Basilique de la Nativit&#233;</Text>
			<Gender>Female</Gender>
			<Plural>0</Plural>
		</French>
		<German>
			<Text>Geburtskirche</Text>
			<Gender>Male</Gender>
			<Plural>0</Plural>
		</German>
		<Italian>
			<Text>Chiesa della Nativit&#224;</Text>
			<Gender>Female</Gender>
			<Plural>0</Plural>
		</Italian>
		<Spanish>
			<Text>Iglesia de la Natividad</Text>
			<Gender>Female</Gender>
			<Plural>0</Plural>
		</Spanish>
	</TEXT>
	<TEXT>
		<Tag>TXT_KEY_BUILDING_ISLAMIC_SHRINE</Tag>
		<English>Masjid al-Haram</English>
		<French>
			<Text>Masjid al-Haraam</Text>
			<Gender>Male</Gender>
			<Plural>0</Plural>
		</French>
		<German>
			<Text>Masjid al-Haram</Text>
			<Gender>Male</Gender>
			<Plural>0</Plural>
		</German>
		<Italian>
			<Text>Masjid al-Haram</Text>
			<Gender>Male</Gender>
			<Plural>0</Plural>
		</Italian>
		<Spanish>
			<Text>Mezquita al-Haram</Text>
			<Gender>Female</Gender>
			<Plural>0</Plural>
		</Spanish>
	</TEXT>
	<TEXT>
		<Tag>TXT_KEY_BUILDING_BUDDHIST_SHRINE</Tag>
		<English>Mahabodhi</English>
		<French>
			<Text>Mahabodhi</Text>
			<Gender>Male</Gender>
			<Plural>0</Plural>
		</French>
		<German>
			<Text>Mahabodhi</Text>
			<Gender>Male</Gender>
			<Plural>0</Plural>
		</German>
		<Italian>
			<Text>Mahabodhi</Text>
			<Gender>Male</Gender>
			<Plural>0</Plural>
		</Italian>
		<Spanish>
			<Text>Mahabodhi</Text>
			<Gender>Male</Gender>
			<Plural>0</Plural>
		</Spanish>
	</TEXT>
	<TEXT>
		<Tag>TXT_KEY_BUILDING_HINDU_SHRINE</Tag>
		<English>Kashi Vishwanath</English>
		<French>
			<Text>Kashi Vishwanath</Text>
			<Gender>Male</Gender>
			<Plural>0</Plural>
		</French>
		<German>
			<Text>Kashi Vishwanath</Text>
			<Gender>Male</Gender>
			<Plural>0</Plural>
		</German>
		<Italian>
			<Text>Kashi Vishwanath</Text>
			<Gender>Male</Gender>
			<Plural>0</Plural>
		</Italian>
		<Spanish>
			<Text>Kashi Vishwanath</Text>
			<Gender>Male</Gender>
			<Plural>0</Plural>
		</Spanish>
	</TEXT>
	<TEXT>
		<Tag>TXT_KEY_BUILDING_CONFUCIAN_SHRINE</Tag>
		<English>Kong Miao</English>
		<French>
			<Text>Kong Miao</Text>
			<Gender>Male</Gender>
			<Plural>0</Plural>
		</French>
		<German>
			<Text>Kong Miao</Text>
			<Gender>Male</Gender>
			<Plural>0</Plural>
		</German>
		<Italian>
			<Text>Kong Miao</Text>
			<Gender>Male</Gender>
			<Plural>0</Plural>
		</Italian>
		<Spanish>
			<Text>Kong Miao</Text>
			<Gender>Male</Gender>
			<Plural>0</Plural>
		</Spanish>
	</TEXT>
	<TEXT>
		<Tag>TXT_KEY_BUILDING_TAOIST_SHRINE</Tag>
		<English>Dai Miao</English>
		<French>
			<Text>Daimiao</Text>
			<Gender>Male</Gender>
			<Plural>0</Plural>
		</French>
		<German>
			<Text>Dai Miao</Text>
			<Gender>Male</Gender>
			<Plural>0</Plural>
		</German>
		<Italian>
			<Text>Dai Miao</Text>
			<Gender>Male</Gender>
			<Plural>0</Plural>
		</Italian>
		<Spanish>
			<Text>Dai Miao</Text>
			<Gender>Male</Gender>
			<Plural>0</Plural>
		</Spanish>
	</TEXT>
	<TEXT>
		<Tag>TXT_KEY_BUILDING_HEROIC_EPIC</Tag>
		<English>Heroic Epic</English>
		<French>
			<Text>Epop&#233;e h&#233;ro&#239;que</Text>
			<Gender>Female</Gender>
			<Plural>0</Plural>
		</French>
		<German>
			<Text>Heldenepos</Text>
			<Gender>Male</Gender>
			<Plural>0</Plural>
		</German>
		<Italian>
			<Text>Poema epico</Text>
			<Gender>Male</Gender>
			<Plural>0</Plural>
		</Italian>
		<Spanish>
			<Text>Epopeya heroica:Epopeyas heroicas</Text>
			<Gender>Female</Gender>
			<Plural>0:1</Plural>
		</Spanish>
	</TEXT>
	<TEXT>
		<Tag>TXT_KEY_BUILDING_NATIONAL_EPIC</Tag>
		<English>National Epic</English>
		<French>
			<Text>Epop&#233;e nationale</Text>
			<Gender>Female</Gender>
			<Plural>0</Plural>
		</French>
		<German>
			<Text>Nationalepos</Text>
			<Gender>Male</Gender>
			<Plural>0</Plural>
		</German>
		<Italian>
			<Text>Poema patriottico</Text>
			<Gender>Male</Gender>
			<Plural>0</Plural>
		</Italian>
		<Spanish>
			<Text>Epopeya nacional:Epopeyas nacionales</Text>
			<Gender>Female</Gender>
			<Plural>0:1</Plural>
		</Spanish>
	</TEXT>
	<TEXT>
		<Tag>TXT_KEY_BUILDING_GLOBE_THEATRE</Tag>
		<English>Globe Theatre</English>
		<French>
			<Text>Th&#233;&#226;tre du Globe</Text>
			<Gender>Male</Gender>
			<Plural>0</Plural>
		</French>
		<German>
			<Text>Globe Theatre</Text>
			<Gender>Male</Gender>
			<Plural>0</Plural>
		</German>
		<Italian>
			<Text>Teatro di Shakespeare</Text>
			<Gender>Male</Gender>
			<Plural>0</Plural>
		</Italian>
		<Spanish>
			<Text>Globe Theatre:Globe Theatres</Text>
			<Gender>Male</Gender>
			<Plural>0:1</Plural>
		</Spanish>
	</TEXT>
	<TEXT>
		<Tag>TXT_KEY_BUILDING_HERMITAGE</Tag>
		<English>Hermitage</English>
		<French>
			<Text>Ermitage</Text>
			<Gender>Male</Gender>
			<Plural>0</Plural>
		</French>
		<German>
			<Text>Eremitage</Text>
			<Gender>Male</Gender>
			<Plural>0</Plural>
		</German>
		<Italian>
			<Text>Hermitage</Text>
			<Gender>Male</Gender>
			<Plural>0</Plural>
		</Italian>
		<Spanish>
			<Text>Hermitage:Hermitage</Text>
			<Gender>Male</Gender>
			<Plural>0:1</Plural>
		</Spanish>
	</TEXT>
	<TEXT>
		<Tag>TXT_KEY_BUILDING_OXFORD_UNIVERSITY</Tag>
		<English>Oxford University</English>
		<French>
			<Text>Universit&#233; d'Oxford</Text>
			<Gender>Female</Gender>
			<Plural>0</Plural>
		</French>
		<German>
			<Text>Universit&#228;t von Oxford</Text>
			<Gender>Male</Gender>
			<Plural>0</Plural>
		</German>
		<Italian>
			<Text>Universit&#224; di Oxford</Text>
			<Gender>Female</Gender>
			<Plural>0</Plural>
		</Italian>
		<Spanish>
			<Text>Universidad de Oxford:Universidades de Oxford</Text>
			<Gender>Female</Gender>
			<Plural>0:1</Plural>
		</Spanish>
	</TEXT>
	<TEXT>
		<Tag>TXT_KEY_BUILDING_WEST_POINT</Tag>
		<English>West Point</English>
		<French>
			<Text>West Point</Text>
			<Gender>Male</Gender>
			<Plural>0</Plural>
		</French>
		<German>
			<Text>West Point</Text>
			<Gender>Male</Gender>
			<Plural>0</Plural>
		</German>
		<Italian>
			<Text>West Point</Text>
			<Gender>Female</Gender>
			<Plural>0</Plural>
		</Italian>
		<Spanish>
			<Text>Academia de West Point:Academias de West Point</Text>
			<Gender>Female</Gender>
			<Plural>0:1</Plural>
		</Spanish>
	</TEXT>
	<TEXT>
		<Tag>TXT_KEY_BUILDING_MT_RUSHMORE</Tag>
		<English>Mt. Rushmore</English>
		<French>
			<Text>Mont Rushmore</Text>
			<Gender>Male</Gender>
			<Plural>0</Plural>
		</French>
		<German>
			<Text>Mount Rushmore</Text>
			<Gender>Male</Gender>
			<Plural>0</Plural>
		</German>
		<Italian>
			<Text>Monte Rushmore</Text>
			<Gender>Male</Gender>
			<Plural>1</Plural>
		</Italian>
		<Spanish>
			<Text>Monte Rushmore:Montes Rushmore</Text>
			<Gender>Male</Gender>
			<Plural>0:1</Plural>
		</Spanish>
	</TEXT>
	<TEXT>
		<Tag>TXT_KEY_BUILDING_RED_CROSS</Tag>
		<English>Red Cross</English>
		<French>
			<Text>Croix-Rouge</Text>
			<Gender>Female</Gender>
			<Plural>0</Plural>
		</French>
		<German>
			<Text>Rotes Kreuz</Text>
			<Gender>Male</Gender>
			<Plural>0</Plural>
		</German>
		<Italian>
			<Text>Croce Rossa</Text>
			<Gender>Female</Gender>
			<Plural>0</Plural>
		</Italian>
		<Spanish>
			<Text>Cruz Roja:Cruces Rojas</Text>
			<Gender>Female</Gender>
			<Plural>0:1</Plural>
		</Spanish>
	</TEXT>
	<TEXT>
		<Tag>TXT_KEY_BUILDING_PYRAMID</Tag>
		<English>Pyramids</English>
		<French>
			<Text>Pyramides</Text>
			<Gender>Female</Gender>
			<Plural>1</Plural>
		</French>
		<German>
			<Text>Pyramiden</Text>
			<Gender>Male</Gender>
			<Plural>0</Plural>
		</German>
		<Italian>
			<Text>Piramidi</Text>
			<Gender>Female</Gender>
			<Plural>1</Plural>
		</Italian>
		<Spanish>
			<Text>Pir&#225;mides:Pir&#225;mides</Text>
			<Gender>Female</Gender>
			<Plural>1:1</Plural>
		</Spanish>
	</TEXT>
	<TEXT>
		<Tag>TXT_KEY_BUILDING_GREAT_LIBRARY</Tag>
		<English>Great Library</English>
		<French>
			<Text>Grande biblioth&#232;que</Text>
			<Gender>Female</Gender>
			<Plural>0</Plural>
		</French>
		<German>
			<Text>Gro&#223;e Bibliothek</Text>
			<Gender>Male</Gender>
			<Plural>0</Plural>
		</German>
		<Italian>
			<Text>Grande Biblioteca</Text>
			<Gender>Female</Gender>
			<Plural>0</Plural>
		</Italian>
		<Spanish>
			<Text>Gran Biblioteca:Grandes Bibliotecas</Text>
			<Gender>Female</Gender>
			<Plural>0:1</Plural>
		</Spanish>
	</TEXT>
	<TEXT>
		<Tag>TXT_KEY_BUILDING_GREAT_LIGHTHOUSE</Tag>
		<English>Great Lighthouse</English>
		<French>
			<Text>Grand Phare</Text>
			<Gender>Male</Gender>
			<Plural>0</Plural>
		</French>
		<German>
			<Text>Gro&#223;er Leuchtturm</Text>
			<Gender>Male</Gender>
			<Plural>0</Plural>
		</German>
		<Italian>
			<Text>Grande Faro</Text>
			<Gender>Male</Gender>
			<Plural>0</Plural>
		</Italian>
		<Spanish>
			<Text>Gran Faro:Grandes Faros</Text>
			<Gender>Male</Gender>
			<Plural>0:1</Plural>
		</Spanish>
	</TEXT>
	<TEXT>
		<Tag>TXT_KEY_BUILDING_HANGING_GARDEN</Tag>
		<English>Hanging Gardens</English>
		<French>
			<Text>Jardins suspendus</Text>
			<Gender>Male</Gender>
			<Plural>1</Plural>
		</French>
		<German>
			<Text>H&#228;ngende G&#228;rten</Text>
			<Gender>Male</Gender>
			<Plural>0</Plural>
		</German>
		<Italian>
			<Text>Giardini Pensili</Text>
			<Gender>Male</Gender>
			<Plural>1</Plural>
		</Italian>
		<Spanish>
			<Text>Jardines Colgantes:Jardines Colgantes</Text>
			<Gender>Male</Gender>
			<Plural>1:1</Plural>
		</Spanish>
	</TEXT>
	<TEXT>
		<Tag>TXT_KEY_BUILDING_COLOSSUS</Tag>
		<English>Colossus</English>
		<French>
			<Text>Colosse</Text>
			<Gender>Male</Gender>
			<Plural>0</Plural>
		</French>
		<German>
			<Text>Koloss</Text>
			<Gender>Male</Gender>
			<Plural>0</Plural>
		</German>
		<Italian>
			<Text>Colosso</Text>
			<Gender>Male</Gender>
			<Plural>0</Plural>
		</Italian>
		<Spanish>
			<Text>Coloso:Colosos</Text>
			<Gender>Male</Gender>
			<Plural>0:1</Plural>
		</Spanish>
	</TEXT>
	<TEXT>
		<Tag>TXT_KEY_BUILDING_ORACLE</Tag>
		<English>Oracle</English>
		<French>
			<Text>Oracle</Text>
			<Gender>Male</Gender>
			<Plural>0</Plural>
		</French>
		<German>
			<Text>Orakel</Text>
			<Gender>Male</Gender>
			<Plural>0</Plural>
		</German>
		<Italian>
			<Text>Oracolo</Text>
			<Gender>Male</Gender>
			<Plural>0</Plural>
		</Italian>
		<Spanish>
			<Text>Or&#225;culo:Or&#225;culos</Text>
			<Gender>Male</Gender>
			<Plural>0:1</Plural>
		</Spanish>
	</TEXT>
	<TEXT>
		<Tag>TXT_KEY_BUILDING_PARTHENON</Tag>
		<English>Parthenon</English>
		<French>
			<Text>Parth&#233;non</Text>
			<Gender>Male</Gender>
			<Plural>0</Plural>
		</French>
		<German>
			<Text>Parthenon</Text>
			<Gender>Male</Gender>
			<Plural>0</Plural>
		</German>
		<Italian>
			<Text>Partenone</Text>
			<Gender>Male</Gender>
			<Plural>0</Plural>
		</Italian>
		<Spanish>
			<Text>Parten&#243;n:Partenones</Text>
			<Gender>Male</Gender>
			<Plural>0:1</Plural>
		</Spanish>
	</TEXT>
	<TEXT>
		<Tag>TXT_KEY_BUILDING_HAGIA_SOPHIA</Tag>
		<English>Hagia Sophia</English>
		<French>
			<Text>Sainte-Sophie</Text>
			<Gender>Female</Gender>
			<Plural>0</Plural>
		</French>
		<German>
			<Text>Hagia Sophia</Text>
			<Gender>Male</Gender>
			<Plural>0</Plural>
		</German>
		<Italian>
			<Text>Santa Sofia</Text>
			<Gender>Female</Gender>
			<Plural>0</Plural>
		</Italian>
		<Spanish>
			<Text>Santa Sof&#237;a:Santas Sof&#237;as</Text>
			<Gender>Female</Gender>
			<Plural>0:1</Plural>
		</Spanish>
	</TEXT>
	<TEXT>
		<Tag>TXT_KEY_BUILDING_SISTINE_CHAPEL</Tag>
		<English>Sistine Chapel</English>
		<French>
			<Text>Chapelle Sixtine</Text>
			<Gender>Female</Gender>
			<Plural>0</Plural>
		</French>
		<German>
			<Text>Sixtinische Kapelle</Text>
			<Gender>Male</Gender>
			<Plural>0</Plural>
		</German>
		<Italian>
			<Text>Cappella Sistina</Text>
			<Gender>Female</Gender>
			<Plural>0</Plural>
		</Italian>
		<Spanish>
			<Text>Capilla Sixtina:Capillas Sixtinas</Text>
			<Gender>Female</Gender>
			<Plural>0:1</Plural>
		</Spanish>
	</TEXT>
	<TEXT>
		<Tag>TXT_KEY_BUILDING_SPIRAL_MINARET</Tag>
		<English>Spiral Minaret</English>
		<French>
			<Text>Minaret en spirale</Text>
			<Gender>Male</Gender>
			<Plural>0</Plural>
		</French>
		<German>
			<Text>Spiralminarett</Text>
			<Gender>Male</Gender>
			<Plural>0</Plural>
		</German>
		<Italian>
			<Text>Minareto a spirale</Text>
			<Gender>Male</Gender>
			<Plural>0</Plural>
		</Italian>
		<Spanish>
			<Text>Minarete Helicoidal:Minaretes Helicoidales</Text>
			<Gender>Male</Gender>
			<Plural>0:1</Plural>
		</Spanish>
	</TEXT>
	<TEXT>
		<Tag>TXT_KEY_BUILDING_TAJ_MAHAL</Tag>
		<English>Taj Mahal</English>
		<French>
			<Text>Taj Mahal</Text>
			<Gender>Male</Gender>
			<Plural>0</Plural>
		</French>
		<German>
			<Text>Taj Mahal</Text>
			<Gender>Male</Gender>
			<Plural>0</Plural>
		</German>
		<Italian>
			<Text>Taj Mahal</Text>
			<Gender>Male</Gender>
			<Plural>0</Plural>
		</Italian>
		<Spanish>
			<Text>Taj Mahal:Taj Mahal</Text>
			<Gender>Male</Gender>
			<Plural>0:1</Plural>
		</Spanish>
	</TEXT>
	<TEXT>
		<Tag>TXT_KEY_BUILDING_KREMLIN</Tag>
		<English>Kremlin</English>
		<French>
			<Text>Kremlin</Text>
			<Gender>Male</Gender>
			<Plural>0</Plural>
		</French>
		<German>
			<Text>Kreml</Text>
			<Gender>Male</Gender>
			<Plural>0</Plural>
		</German>
		<Italian>
			<Text>Cremlino</Text>
			<Gender>Male</Gender>
			<Plural>0</Plural>
		</Italian>
		<Spanish>
			<Text>Kremlin:Kremlin</Text>
			<Gender>Male</Gender>
			<Plural>0:1</Plural>
		</Spanish>
	</TEXT>
	<TEXT>
		<Tag>TXT_KEY_BUILDING_EIFFEL_TOWER</Tag>
		<English>Eiffel Tower</English>
		<French>
			<Text>Tour Eiffel</Text>
			<Gender>Female</Gender>
			<Plural>0</Plural>
		</French>
		<German>
			<Text>Eiffelturm</Text>
			<Gender>Male</Gender>
			<Plural>0</Plural>
		</German>
		<Italian>
			<Text>Torre Eiffel</Text>
			<Gender>Female</Gender>
			<Plural>0</Plural>
		</Italian>
		<Spanish>
			<Text>Torre Eiffel:Torres Eiffel</Text>
			<Gender>Female</Gender>
			<Plural>0:1</Plural>
		</Spanish>
	</TEXT>
	<TEXT>
		<Tag>TXT_KEY_BUILDING_STATUE_OF_LIBERTY</Tag>
		<English>Statue of Liberty</English>
		<French>
			<Text>Statue de la Libert&#233;</Text>
			<Gender>Female</Gender>
			<Plural>0</Plural>
		</French>
		<German>
			<Text>Freiheitsstatue</Text>
			<Gender>Male</Gender>
			<Plural>0</Plural>
		</German>
		<Italian>
			<Text>Statua della Libert&#224;</Text>
			<Gender>Female</Gender>
			<Plural>0</Plural>
		</Italian>
		<Spanish>
			<Text>Estatua de la Libertad:Estatuas de la Libertad</Text>
			<Gender>Female</Gender>
			<Plural>0:1</Plural>
		</Spanish>
	</TEXT>
	<TEXT>
		<Tag>TXT_KEY_BUILDING_ROCKNROLL</Tag>
		<English>Rock N Roll</English>
		<French>
			<Text>Rock'n'roll</Text>
			<Gender>Male</Gender>
			<Plural>0</Plural>
		</French>
		<German>
			<Text>Rock 'n' Roll</Text>
			<Gender>Male</Gender>
			<Plural>0</Plural>
		</German>
		<Italian>
			<Text>Rock N Roll</Text>
			<Gender>Male</Gender>
			<Plural>0</Plural>
		</Italian>
		<Spanish>
			<Text>Rock &amp; Roll:Rock &amp; Roll</Text>
			<Gender>Male</Gender>
			<Plural>0:1</Plural>
		</Spanish>
	</TEXT>
	<!-- A hack for marking buildings that should never appear with an article
		 ("NA" for "no article"). -->
	<TEXT>
		<Tag>TXT_KEY_BUILDING_ROCKNROLL_NA</Tag>
		<English>.</English>
		<French>.</French>
		<German>.</German>
		<Italian>.</Italian>
		<Spanish>.</Spanish>
	</TEXT>
	<TEXT>
		<Tag>TXT_KEY_BUILDING_BROADWAY_NA</Tag>
		<English>.</English>
		<French>.</French>
		<German>.</German>
		<Italian>.</Italian>
		<Spanish>.</Spanish>
	</TEXT>
	<TEXT>
		<Tag>TXT_KEY_BUILDING_HOLLYWOOD_NA</Tag>
		<English>.</English>
		<French>.</French>
		<German>.</German>
		<Italian>.</Italian>
		<Spanish>.</Spanish>
	</TEXT>
	<TEXT>
		<Tag>TXT_KEY_BUILDING_WEST_POINT_NA</Tag>
		<English>.</English>
		<French>.</French>
		<German>.</German>
		<Italian>.</Italian>
		<Spanish>.</Spanish>
	</TEXT>
	<TEXT>
		<Tag>TXT_KEY_BUILDING_MT_RUSHMORE_NA</Tag>
		<English>.</English>
		<French>.</French>
		<German>.</German>
		<Italian>.</Italian>
		<Spanish>.</Spanish>
	</TEXT>
	<TEXT>
		<Tag>TXT_KEY_BUILDING_STONEHENGE_NA</Tag>
		<English>.</English>
		<French>.</French>
		<German>.</German>
		<Italian>.</Italian>
		<Spanish>.</Spanish>
	</TEXT>
	<TEXT>
		<Tag>TXT_KEY_BUILDING_CHICHEN_ITZA_NA</Tag>
		<English>.</English>
		<French>.</French>
		<German>.</German>
		<Italian>.</Italian>
		<Spanish>.</Spanish>
	</TEXT>
	<TEXT>
		<Tag>TXT_KEY_BUILDING_NOTRE_DAME_NA</Tag>
		<English>.</English>
		<French>.</French>
		<German>.</German>
		<Italian>.</Italian>
		<Spanish>.</Spanish>
	</TEXT>
	<TEXT>
		<Tag>TXT_KEY_BUILDING_VERSAILLES_NA</Tag>
		<English>.</English>
		<French>.</French>
		<German>.</German>
		<Italian>.</Italian>
		<Spanish>.</Spanish>
	</TEXT>
	<TEXT>
		<Tag>TXT_KEY_BUILDING_CRISTO_REDENTOR_NA</Tag>
		<English>.</English>
		<French>.</French>
		<German>.</German>
		<Italian>.</Italian>
		<Spanish>.</Spanish>
	</TEXT>
	<!-- The French name had a "Les" -->
	<TEXT>
		<Tag>TXT_KEY_CORPORATION_1</Tag>
		<English>Cereal Mills</English>
		<French>
			<Text>Grands moulins c&#233;r&#233;aliers</Text>
			<Gender>Male</Gender>
			<Plural>1</Plural>
		</French>
		<German>
			<Text>Cereal Mills Inc.</Text>
			<Gender>Male</Gender>
			<Plural>0</Plural>
		</German>
		<Italian>
			<Text>Mulini Cereali</Text>
			<Gender>Female</Gender>
			<Plural>0</Plural>
		</Italian>
		<Spanish>
			<Text>Cereal Mills</Text>
			<Gender>Female</Gender>
			<Plural>0</Plural>
		</Spanish>
	</TEXT>
	<TEXT>
		<Tag>TXT_KEY_CORPORATION_1_NA</Tag>
		<English>.</English>
		<French>..</French>
		<German>.</German>
		<Italian>.</Italian>
		<Spanish>.</Spanish>
	</TEXT>
	<TEXT>
		<Tag>TXT_KEY_CORPORATION_2_NA</Tag>
		<English>.</English>
		<French>.</French>
		<German>.</German>
		<Italian>.</Italian>
		<Spanish>.</Spanish>
	</TEXT>
	<TEXT>
		<Tag>TXT_KEY_CORPORATION_3_NA</Tag>
		<English>.</English>
		<French>.</French>
		<German>.</German>
		<Italian>.</Italian>
		<Spanish>.</Spanish>
	</TEXT>
	<TEXT>
		<Tag>TXT_KEY_CORPORATION_4_NA</Tag>
		<English>.</English>
		<French>.</French>
		<German>.</German>
		<Italian>.</Italian>
		<Spanish>.</Spanish>
	</TEXT>
	<!-- French needs an article -->
	<TEXT>
		<Tag>TXT_KEY_CORPORATION_5_NA</Tag>
		<English>.</English>
		<French>..</French>
		<German>.</German>
		<Italian>.</Italian>
		<Spanish>.</Spanish>
	</TEXT>
	<TEXT>
		<Tag>TXT_KEY_CORPORATION_6_NA</Tag>
		<English>.</English>
		<French>.</French>
		<German>.</German>
		<Italian>.</Italian>
		<Spanish>.</Spanish>
	</TEXT>
	<TEXT>
		<Tag>TXT_KEY_CORPORATION_7_NA</Tag>
		<English>.</English>
		<French>.</French>
		<German>.</German>
		<Italian>.</Italian>
		<Spanish>.</Spanish>
	</TEXT>
	<TEXT>
		<Tag>TXT_KEY_BUILDING_GREAT_DAM</Tag>
		<English>Three Gorges Dam</English>
		<French>
			<Text>Barrage des Trois Gorges</Text>
			<Gender>Male</Gender>
			<Plural>0</Plural>
		</French>
		<German>
			<Text>Drei-Schluchten-Damm</Text>
			<Gender>Male</Gender>
			<Plural>0</Plural>
		</German>
		<Italian>
			<Text>Diga delle Tre Gole</Text>
			<Gender>Female</Gender>
			<Plural>0</Plural>
		</Italian>
		<Spanish>
			<Text>Presa de las Tres Gargantas:Presas de las Tres Gargantas</Text>
			<Gender>Female</Gender>
			<Plural>0:1</Plural>
		</Spanish>
	</TEXT>
	<TEXT>
		<Tag>TXT_KEY_BUILDING_PENTAGON</Tag>
		<English>Pentagon</English>
		<French>
			<Text>Pentagone</Text>
			<Gender>Male</Gender>
			<Plural>0</Plural>
		</French>
		<German>
			<Text>Pentagon</Text>
			<Gender>Male</Gender>
			<Plural>0</Plural>
		</German>
		<Italian>
			<Text>Pentagono</Text>
			<Gender>Male</Gender>
			<Plural>0</Plural>
		</Italian>
		<Spanish>
			<Text>Pent&#225;gono:Pent&#225;gonos</Text>
			<Gender>Male</Gender>
			<Plural>0:1</Plural>
		</Spanish>
	</TEXT>
	<TEXT>
		<Tag>TXT_KEY_BUILDING_UNITED_NATIONS</Tag>
		<English>United Nations</English>
		<French>
			<Text>ONU</Text>
			<Gender>Female</Gender>
			<Plural>1</Plural>
		</French>
		<German>
			<Text>Vereinte Nationen</Text>
			<Gender>Male</Gender>
			<Plural>0</Plural>
		</German>
		<Italian>
			<Text>Nazioni Unite</Text>
			<Gender>Female</Gender>
			<Plural>1</Plural>
		</Italian>
		<Spanish>
			<Text>Naciones Unidas:Naciones Unidas</Text>
			<Gender>Female</Gender>
			<Plural>1:1</Plural>
		</Spanish>
	</TEXT>
	<TEXT>
		<Tag>TXT_KEY_BUILDING_SPACE_ELEVATOR</Tag>
		<English>Space Elevator</English>
		<French>
			<Text>Ascenseur spatial</Text>
			<Gender>Male</Gender>
			<Plural>0</Plural>
		</French>
		<German>
			<Text>Weltraumlift</Text>
			<Gender>Male</Gender>
			<Plural>0</Plural>
		</German>
		<Italian>
			<Text>Ascensore Spaziale</Text>
			<Gender>Male</Gender>
			<Plural>0</Plural>
		</Italian>
		<Spanish>
			<Text>Ascensor Espacial:los Ascensores Espaciales</Text>
			<Gender>Male</Gender>
			<Plural>0:1</Plural>
		</Spanish>
	</TEXT>
	<!-- Projects -->
	<TEXT>
		<Tag>TXT_KEY_PROJECT_MANHATTAN_PROJECT</Tag>
		<English>Manhattan Project</English>
		<French>
			<Text>Projet Manhattan</Text>
			<Gender>Male</Gender>
			<Plural>0</Plural>
		</French>
		<German>
			<Text>Manhattan-Projekt</Text>
			<Gender>Male</Gender>
			<Plural>0</Plural>
		</German>
		<Italian>
			<Text>Manhattan Project</Text>
			<Gender>Male</Gender>
			<Plural>0</Plural>
		</Italian>
		<Spanish>
			<Text>Proyecto Manhattan</Text>
			<Gender>Male</Gender>
			<Plural>0</Plural>
		</Spanish>
	</TEXT>
	<TEXT>
		<Tag>TXT_KEY_PROJECT_THE_INTERNET</Tag>
		<English>Internet</English>
		<French>
			<Text>Internet</Text>
			<Gender>Male</Gender>
			<Plural>0</Plural>
		</French>
		<German>
			<Text>Internet</Text>
			<Gender>Male</Gender>
			<Plural>0</Plural>
		</German>
		<Italian>
			<Text>Internet</Text>
			<Gender>Male</Gender>
			<Plural>0</Plural>
		</Italian>
		<Spanish>
			<Text>Internet</Text>
			<Gender>Female</Gender>
			<Plural>0</Plural>
		</Spanish>
	</TEXT>
	<TEXT>
		<Tag>TXT_KEY_PROJECT_SDI</Tag>
		<English>SDI</English>
		<French>
			<Text>IDS</Text>
			<Gender>Female</Gender>
			<Plural>0</Plural>
		</French>
		<German>
			<Text>SDI</Text>
			<Gender>Male</Gender>
			<Plural>0</Plural>
		</German>
		<Italian>
			<Text>SDI</Text>
			<Gender>Male</Gender>
			<Plural>0</Plural>
		</Italian>
		<Spanish>
			<Text>SDI</Text>
			<Gender>Female</Gender>
			<Plural>0</Plural>
		</Spanish>
	</TEXT>
	<TEXT>
		<Tag>TXT_KEY_PROJECT_APOLLO_PROGRAM</Tag>
		<English>Apollo Program</English>
		<French>
			<Text>Programme Apollo</Text>
			<Gender>Male</Gender>
			<Plural>0</Plural>
		</French>
		<German>
			<Text>Apollo-Programm</Text>
			<Gender>Male</Gender>
			<Plural>0</Plural>
		</German>
		<Italian>
			<Text>Programma Apollo</Text>
			<Gender>Male</Gender>
			<Plural>0</Plural>
		</Italian>
		<Spanish>
			<Text>Programa Apollo</Text>
			<Gender>Male</Gender>
			<Plural>0</Plural>
		</Spanish>
	</TEXT>
	
	<!-- From CIV4GameTextInfos.xml. "The" added b/c it no longer appears in 
		 wonder and project names. -->
	<TEXT>
		<Tag>TXT_KEY_MISC_WONDER_COMPLETED_THE</Tag>
		<English>%s1_PlyrName has completed the %s2_WndrName!</English>
		<French>%s1_PlyrName a construit la merveille : %s2_WndrName !</French>
		<German>%s1_PlyrName hat das Wunder %s2_WndrName fertig gestellt!</German>
		<Italian>%s1_PlyrName ha completato [NUM2:il:la] %s2_WndrName!</Italian>
		<Spanish>%s1_PlyrName ha terminado [NUM2:el:la] %s2_WndrName.</Spanish>
	</TEXT>
	<TEXT>
		<Tag>TXT_KEY_MISC_WONDER_COMPLETED_UNKNOWN_THE</Tag>
		<English>The %s1_WndrName has been built in a faraway land!</English>
		<French>Une merveille (%s1_WndrName) a &#233;t&#233; construite dans un pays lointain !</French>
		<German>Das Wunder %s1_WndrName wurde in einem fernen Land errichtet!</German>
		<Italian>[NUM1:Il:La] %s1_WndrName &#232; [NUM1:stato costruito:stata costruita] in una terra lontana!</Italian>
		<Spanish>Han construido [NUM1:el:la] %s1_WndrName en una tierra muy lejana.</Spanish>
	</TEXT>
	<TEXT>
		<Tag>TXT_KEY_MISC_WONDER_COMPLETED_CITY_THE</Tag>
		<English>%s1_PlyrName has completed the %s2_WndrName in %s3_CityName!</English>
		<French>%s1_PlyrName a construit la merveille : %s2_WndrName dans %s3_CityName !</French>
		<German>%s1_PlyrName hat das Wunder %s2_WndrName in %s3_CityName fertig gestellt!</German>
		<Italian>%s1_PlyrName ha completato [NUM2:il:la] %s2_WndrName a %s3_CityName!</Italian>
		<Spanish>%s1_PlyrName ha terminado [NUM2:el:la] %s2_WndrName en %s3_CityName.</Spanish>
	</TEXT>
	<TEXT>
		<Tag>TXT_KEY_MISC_COMPLETED_WONDER_CHOOSE_TECH_THE</Tag>
		<English>You have completed the %s1_BldgName! Choose a free technology...</English>
		<French>Vous avez achev&#233; : %s1_BldgName ! Choisissez une technologie gratuite...</French>
		<German>Ihr habt das Geb&#228;ude %s1_BldgName fertig gestellt! W&#228;hlt eine freie Technologie ...</German>
		<Italian>Hai completato la costruzione dell'edificio %s1_BldgName! Scegli una tecnologia gratuita...</Italian>
		<Spanish>Hab&#233;is completado [NUM1:el:la] %s1_BldgName. Elegid una tecnolog&#237;a gratis...</Spanish>
	</TEXT>
	<!-- Replay -->
	<TEXT>
		<Tag>TXT_KEY_MISC_COMPLETES_WONDER_THE</Tag>
		<English>%s1_PlyrName completes the %s2_BldgName</English>
		<French>%s1_PlyrName ach&#232;ve la construction de : %s2_BldgName</French>
		<German>%s1_PlyrName stellt das Geb&#228;ude %s2_BldgName fertig</German>
		<Italian>%s1_PlyrName ha completato la costruzione dell'edificio %s2_BldgName</Italian>
		<Spanish>%s1_PlyrName ha completado [NUM2:el:la] %s2_BldgName</Spanish>
	</TEXT>
	<!-- For world and team projects. Original in CIV4GameText_Misc1.xml -->
	<TEXT>
		<Tag>TXT_KEY_MISC_CREATED_PROJECT_IN_LIMITED_THE</Tag>
		<English>You have created the %s1_PrjctName in %s2_CityName.</English>
		<French>Vous avez cr&#233;&#233; : %s1_PrjctName &#224; %s2_CityName.</French>
		<German>Das Projekt %s1_PrjctName wurde in %s2_CityName fertig gestellt.</German>
		<Italian>Hai creato il progetto %s1_PrjctName a %s2_CityName.</Italian>
		<Spanish>Hab&#233;is creado [NUM1:el:la] %s1_PrjctName en %s2_CityName.</Spanish>
	</TEXT>
	<TEXT>
		<Tag>TXT_KEY_MISC_COMPLETES_PROJECT_THE</Tag>
		<English>%s1_PlyrName completes the %s2_PrjctName!</English>
		<French>%s1_PlyrName termine the %s2_PrjctName!</French>
		<German>%s1_PlyrName stellt das  Projekt %s2_PrjctName fertig!</German>
		<Italian>%s1_PlyrName ha completato [NUM2:il:la] %s2_PrjctName!</Italian>
		<Spanish>%s1_PlyrName ha completado [NUM2:el:la] %s2_PrjctName</Spanish>
	</TEXT>
	<TEXT>
		<Tag>TXT_KEY_MISC_SOMEONE_HAS_COMPLETED_THE</Tag>
		<English>%s1_PlyrName has completed the %s2_PrjctName!</English>
		<French>%s1_PlyrName a achev&#233; : %s2_PrjctName !</French>
		<German>%s1_PlyrName hat das Projekt %s2_PrjctName abgeschlossen!</German>
		<Italian>%s1_PlyrName ha completato [NUM2:il:la] %s2_PrjctName!</Italian>
		<Spanish>%s1_PlyrName ha completado [NUM2:el:la] %s2_PrjctName.</Spanish>
	</TEXT>
	<TEXT>
		<Tag>TXT_KEY_POPUP_CREATED_WORK_ON_NEXT_LIMITED_THE</Tag>
		<English>You have created the [COLOR_HIGHLIGHT_TEXT]%s1_PrjtName[COLOR_REVERT] in %s2_CityName. What would you like to work on next?</English>
		<French>Vous avez cr&#233;&#233; : [COLOR_HIGHLIGHT_TEXT]%s1_PrjtName[COLOR_REVERT] &#224; %s2_CityName. Que souhaitez-vous faire ensuite ?</French>
		<German>Das Projekt [COLOR_HIGHLIGHT_TEXT]%s1_PrjtName[COLOR_REVERT] in %s2_CityName wurde fertig gestellt. Wie lautet Euer n&#228;chster Befehl?</German>
		<Italian>Hai creato il progetto [COLOR_HIGHLIGHT_TEXT]%s1_PrjtName[COLOR_REVERT] a %s2_CityName. Cosa vuoi realizzare adesso?</Italian>
		<Spanish>Hab&#233;is creado [NUM1:el:la] [COLOR_HIGHLIGHT_TEXT]%s1_PrjtName[COLOR_REVERT] en %s2_CityName. &#191;Qu&#233; quer&#233;is hacer a continuaci&#243;n?</Spanish>
	</TEXT>
		 
</Civ4GameText>
