<?xml version="1.0"?>
<!-- edited with XMLSPY v2004 rel. 2 U (http://www.xmlspy.com) by Ed Piper (Firaxis Games) -->
<!-- Sid Meier's Civilization 4 -->
<!-- Copyright Firaxis Games 2005 -->
<!-- -->
<!-- Interface art path information -->
<Civ4ArtDefines xmlns="x-schema:CIV4ArtDefinesSchema.xml">
	<InterfaceArtInfos>
		<InterfaceArtInfo>
			<Type>ARROW_HEAD</Type>
			<Path>art/interface/screens/TechTree/Head.dds</Path>
		</InterfaceArtInfo>
		<InterfaceArtInfo>
			<Type>ARROW_MXMY</Type>
			<Path>art/interface/screens/TechTree/Corner-X-Y.dds</Path>
		</InterfaceArtInfo>
		<InterfaceArtInfo>
			<Type>INTERFACE_CITY_TAB</Type>
			<Path>Art/Interface/MainScreen/CityScreenTab.dds</Path>
		</InterfaceArtInfo>
		<InterfaceArtInfo>
			<Type>INTERFACE_CITY_TAB_DOWN</Type>
			<Path>Art/Interface/MainScreen/CityScreenTabDOWN.dds</Path>
		</InterfaceArtInfo>
		<InterfaceArtInfo>
			<Type>INTERFACE_BUTTON_BACKGROUND</Type>
			<Path>Art/Interface/MainScreen/MiniButtonDot.dds</Path>
		</InterfaceArtInfo>
		<InterfaceArtInfo>
			<Type>ARROW_MXY</Type>
			<Path>art/interface/screens/TechTree/Corner-XY.dds</Path>
		</InterfaceArtInfo>
		<InterfaceArtInfo>
			<Type>ARROW_X</Type>
			<Path>art/interface/screens/TechTree/LineX.dds</Path>
		</InterfaceArtInfo>
		<InterfaceArtInfo>
			<Type>ARROW_XMY</Type>
			<Path>art/interface/screens/TechTree/CornerX-Y.dds</Path>
		</InterfaceArtInfo>
		<InterfaceArtInfo>
			<Type>ARROW_XY</Type>
			<Path>art/interface/screens/TechTree/CornerXY.dds</Path>
		</InterfaceArtInfo>
		<InterfaceArtInfo>
			<Type>ARROW_Y</Type>
			<Path>art/interface/screens/TechTree/LineY.dds</Path>
		</InterfaceArtInfo>
		<InterfaceArtInfo>
			<Type>BUTTON_HILITE_SMALLCIRCLE</Type>
			<Path>Art/Interface/Buttons/minimap_Button_SELECT.dds</Path>
		</InterfaceArtInfo>
		<InterfaceArtInfo>
			<Type>BUTTON_HILITE_SQUARE</Type>
			<Path>Art/Interface/Buttons/Button_SELECT.dds</Path>
		</InterfaceArtInfo>
		<InterfaceArtInfo>
			<Type>CIVICS_BACKGROUND</Type>
			<Path>Art/Interface/Screens/Civics/CivicsBG.nif</Path>
		</InterfaceArtInfo>
		<InterfaceArtInfo>
			<Type>CIVICS_CANCEL</Type>
			<Path>Art/Interface/Screens/Civics/CivicsRev-CancelButton.kfm</Path>
		</InterfaceArtInfo>
		<InterfaceArtInfo>
			<Type>CIVICS_TOGGLE</Type>
			<Path>Art/Interface/Screens/Civics/CivicsToggleButton.kfm</Path>
		</InterfaceArtInfo>
		<InterfaceArtInfo>
			<Type>CIVILOPEDIA_ANCIENT_BATTLEGROUND</Type>
			<Path>Art/Interface/Screens/Civilopedia/AncientBattlefield/AncientBattlefield.nif</Path>
		</InterfaceArtInfo>
		<InterfaceArtInfo>
			<Type>CIVILOPEDIA_SKY_ENVIRONMENT</Type>
			<Path>Art/Interface/Screens/Civilopedia/SkyEnvironment/SkyEnvironment.nif</Path>
		</InterfaceArtInfo>
		<InterfaceArtInfo>
			<Type>CIVILOPEDIA_WATER_ENVIRONMENT</Type>
			<Path>Art/Interface/Screens/Civilopedia/WaterEnvironment/WaterEnvironment.nif</Path>
		</InterfaceArtInfo>
		<InterfaceArtInfo>
			<Type>CIVILOPEDIA_AMPHIB_ENVIRONMENT</Type>
			<Path>Art/Interface/Screens/Civilopedia/Amphibious/AmphibiousBG.nif</Path>
		</InterfaceArtInfo>
		<InterfaceArtInfo>
			<Type>DAWNOFMAN</Type>
			<Path>Art/Interface/Screens/DawnOfMan/DawnOfManBG.nif</Path>
		</InterfaceArtInfo>
		<InterfaceArtInfo>
			<Type>DIPLOMACY_BACKGROUND</Type>
			<Path>Art/Interface/Screens/Diplomacy/GFCFake/DiploBG.nif</Path>
		</InterfaceArtInfo>
		<InterfaceArtInfo>
			<Type>DIPLOMACY_CLEARTABLE</Type>
			<Path>Art/Interface/Screens/Diplomacy/GFCFake/ClearTableBTN.kfm</Path>
		</InterfaceArtInfo>
		<InterfaceArtInfo>
			<Type>DIPLOMACY_INVENTORY</Type>
			<Path>Art/Interface/Screens/Diplomacy/GFCFake/TradeTable.nif</Path>
		</InterfaceArtInfo>
		<InterfaceArtInfo>
			<Type>DIPLOMACY_INVENTORY_BUTTON</Type>
			<Path>Art/Interface/Screens/Diplomacy/GFCFake/InventoryButton.kfm</Path>
		</InterfaceArtInfo>
		<InterfaceArtInfo>
			<Type>DIPLOMACY_NEW_BACKGROUND</Type>
			<Path>Art/Interface/Screens/Diplomacy/DiplomacyScreenHACK02.dds</Path>
		</InterfaceArtInfo>
		<InterfaceArtInfo>
			<Type>DIPLOMACY_OFFER</Type>
			<Path>Art/Interface/Screens/Diplomacy/Button_Offer.kfm</Path>
		</InterfaceArtInfo>
		<InterfaceArtInfo>
			<Type>DIPLOMACY_RESPONSE_1LINE</Type>
			<Path>Art/Interface/Screens/Diplomacy/GFCFake/ConvoBTN1.kfm</Path>
		</InterfaceArtInfo>
		<InterfaceArtInfo>
			<Type>DIPLOMACY_RESPONSE_2LINE</Type>
			<Path>Art/Interface/Screens/Diplomacy/DiplomacyResponseButton_2LINE.kfm</Path>
		</InterfaceArtInfo>
		<InterfaceArtInfo>
			<Type>DIPLOMACY_RETRACT</Type>
			<Path>Art/Interface/Screens/Diplomacy/Button_Retract.kfm</Path>
		</InterfaceArtInfo>
		<InterfaceArtInfo>
			<Type>DIPLOMACY_TEXTENTRY</Type>
			<Path>Art/Interface/Screens/Diplomacy/P2P_TextEntry.nif</Path>
		</InterfaceArtInfo>
		<InterfaceArtInfo>
			<Type>DIPLOMACY_TRADETABLE</Type>
			<Path>Art/Interface/Screens/Diplomacy/DiplomacyTradeTable.nif</Path>
		</InterfaceArtInfo>
		<InterfaceArtInfo>
			<Type>DOMESTIC_BG</Type>
			<Path>Art/Interface/Screens/Advisor/Domesticbg.dds</Path>
		</InterfaceArtInfo>
		<InterfaceArtInfo>
			<Type>DOMESTIC_EXIT</Type>
			<Path>art/interface/screens/civics/CivicsRev-CancelButton.kfm</Path>
		</InterfaceArtInfo>
		<InterfaceArtInfo>
			<Type>CURSORS_SELECTION_UNIT</Type>
			<Path>Art/Interface/Cursors/SelectionCursor.nif</Path>
		</InterfaceArtInfo>
		<InterfaceArtInfo>
			<Type>FONTS_GAMEFONT</Type>
			<!-- keep here and unpakked -->
			<Path>res/Fonts/GameFont.tga</Path>
		</InterfaceArtInfo>
		<InterfaceArtInfo>
			<Type>FONTS_MONOCONSOLE</Type>
			<!-- keep here and unpakked -->
			<Path>res/Fonts/MonoSpacedConsoleFont.tga</Path>
		</InterfaceArtInfo>
		<InterfaceArtInfo>
			<Type>FONTS_NUMBERFONT</Type>
			<!-- keep here and unpakked -->
			<Path>res/Fonts/NumberFont-Sylfaen64px.tga</Path>
		</InterfaceArtInfo>
		<InterfaceArtInfo>
			<Type>FONTS_SMALLFONT</Type>
			<!-- keep here and unpakked -->
			<Path>res/Fonts/GameFont_75.tga</Path>
		</InterfaceArtInfo>
		<InterfaceArtInfo>
			<Type>INTERFACE_POPUPBUTTON_CIVICS</Type>
			<Path>Art/Interface/Buttons/General/Civics_popup.dds</Path>
		</InterfaceArtInfo>
		<InterfaceArtInfo>
			<Type>INTERFACE_POPUPBUTTON_WARNING</Type>
			<Path>Art/Interface/Buttons/General/Warning_popup.dds</Path>
		</InterfaceArtInfo>
		<InterfaceArtInfo>
			<Type>INTERFACE_POPUPBUTTON_PRODUCTION</Type>
			<Path>Art/Interface/Buttons/General/Production_popup.dds</Path>
		</InterfaceArtInfo>
		<InterfaceArtInfo>
			<Type>INTERFACE_POPUPBUTTON_RELIGION</Type>
			<Path>Art/Interface/Buttons/General/Religion_popup.dds</Path>
		</InterfaceArtInfo>
		<InterfaceArtInfo>
			<Type>INTERFACE_POPUPBUTTON_TECH</Type>
			<Path>Art/Interface/Buttons/General/Tech_popup.dds</Path>
		</InterfaceArtInfo>
		<InterfaceArtInfo>
			<Type>INTERFACE_ANGRYCITIZEN_TEXTURE</Type>
			<Path>Art/Interface/MainScreen/CityScreen/Angry_Citizen.dds</Path>
		</InterfaceArtInfo>
		<InterfaceArtInfo>
			<Type>INTERFACE_AUTOMATION_FRAME</Type>
			<Path>Art/Interface/MainScreen/CityScreen/auto_button_frame.nif</Path>
		</InterfaceArtInfo>
		<InterfaceArtInfo>
			<Type>INTERFACE_BACK</Type>
			<Path>Art/Interface/MainScreen/BottomLeft.nif</Path>
		</InterfaceArtInfo>
		<InterfaceArtInfo>
			<Type>INTERFACE_BOTTOM_CENTER</Type>
			<Path>Art/Interface/MainScreen/MainUI_Center.dds</Path>
		</InterfaceArtInfo>
		<InterfaceArtInfo>
			<Type>INTERFACE_BOTTOM_LEFT</Type>
			<Path>Art/Interface/MainScreen/MainUI_Left.dds</Path>
		</InterfaceArtInfo>
		<InterfaceArtInfo>
			<Type>INTERFACE_BOTTOM_RIGHT</Type>
			<Path>Art/Interface/MainScreen/MainUI_Right.dds</Path>
		</InterfaceArtInfo>
		<InterfaceArtInfo>
			<Type>INTERFACE_BTN_CIVICS</Type>
			<Path>Art/Interface/MainScreen/AD_BTN_CivicsAdvisor.dds</Path>
		</InterfaceArtInfo>
		<InterfaceArtInfo>
			<Type>INTERFACE_BTN_DEMOGRAPHICS</Type>
			<Path>Art/Interface/MainScreen/AD_BTN_Demographics.dds</Path>
		</InterfaceArtInfo>
		<InterfaceArtInfo>
			<Type>INTERFACE_BTN_DOMESTIC</Type>
			<Path>Art/Interface/MainScreen/AD_BTN_DomesticAdvisor.dds</Path>
		</InterfaceArtInfo>
		<InterfaceArtInfo>
			<Type>INTERFACE_BTN_EVENT_LOG</Type>
			<Path>Art/Interface/MainScreen/Turn_Log.dds</Path>
		</InterfaceArtInfo>
		<InterfaceArtInfo>
			<Type>INTERFACE_BTN_FINANCE</Type>
			<Path>Art/Interface/MainScreen/AD_BTN_FinanceAdvisor.dds</Path>
		</InterfaceArtInfo>
		<InterfaceArtInfo>
			<Type>INTERFACE_BTN_FOREIGN</Type>
			<Path>Art/Interface/MainScreen/AD_BTN_ForeignAdvisor.dds</Path>
		</InterfaceArtInfo>
		<InterfaceArtInfo>
			<Type>INTERFACE_BTN_MILITARY</Type>
			<Path>Art/Interface/MainScreen/AD_BTN_MilitaryAdvisor.dds</Path>
		</InterfaceArtInfo>
		<InterfaceArtInfo>
			<Type>INTERFACE_BTN_RELIGIOUS</Type>
			<Path>Art/Interface/MainScreen/AD_BTN_ReligiousAdvisor.dds</Path>
		</InterfaceArtInfo>
		<InterfaceArtInfo>
			<Type>INTERFACE_BTN_TECH</Type>
			<Path>Art/Interface/MainScreen/AD_BTN_TECHAdvisor.dds</Path>
		</InterfaceArtInfo>
		<InterfaceArtInfo>
			<Type>INTERFACE_BTN_VICTORY</Type>
			<Path>Art/Interface/MainScreen/AD_BTN_Victory.dds</Path>
		</InterfaceArtInfo>
		<InterfaceArtInfo>
			<Type>INTERFACE_BUTTONS_16</Type>
			<Path>Art/Interface/Buttons/Button_16.kfm</Path>
		</InterfaceArtInfo>
		<InterfaceArtInfo>
			<Type>INTERFACE_BUTTONS_24</Type>
			<Path>Art/Interface/Buttons/Button_24.kfm</Path>
		</InterfaceArtInfo>
		<InterfaceArtInfo>
			<Type>INTERFACE_BUTTONS_32</Type>
			<Path>Art/Interface/Buttons/Button_32.kfm</Path>
		</InterfaceArtInfo>
		<InterfaceArtInfo>
			<Type>INTERFACE_BUTTONS_46</Type>
			<Path>Art/Interface/Buttons/Button_46.kfm</Path>
		</InterfaceArtInfo>
		<InterfaceArtInfo>
			<Type>INTERFACE_BUTTONS_CANCEL</Type>
			<Path>Art/Interface/Buttons/Actions/Cancel.dds</Path>
		</InterfaceArtInfo>
		<InterfaceArtInfo>
			<Type>INTERFACE_BUTTONS_CITYSELECTION</Type>
			<Path>Art/Interface/Buttons/Builds/BuildVillage.dds</Path>
		</InterfaceArtInfo>
		<InterfaceArtInfo>
			<Type>INTERFACE_BUTTONS_CONSCRIPT</Type>
			<Path>Art/Interface/MainScreen/CityScreen/hurry_draft.dds</Path>
		</InterfaceArtInfo>
		<InterfaceArtInfo>
			<Type>INTERFACE_BUTTONS_CREATEGROUP</Type>
			<Path>Art/Interface/Buttons/Actions/CreateUnitGroup.dds</Path>
		</InterfaceArtInfo>
		<InterfaceArtInfo>
			<Type>INTERFACE_BUTTONS_EMPTY</Type>
			<Path>Art/Interface/Buttons/Empty.dds</Path>
		</InterfaceArtInfo>
		<InterfaceArtInfo>
			<Type>INTERFACE_BUTTONS_EMPTYBROWN</Type>
			<Path>Art/Interface/Buttons/Brown_empty.dds</Path>
		</InterfaceArtInfo>
		<InterfaceArtInfo>
			<Type>INTERFACE_BUTTONS_GOVERNOR</Type>
			<Path>Art/Interface/MainScreen/CityScreen/automate_citizens.dds</Path>
		</InterfaceArtInfo>
		<InterfaceArtInfo>
			<Type>INTERFACE_BUTTONS_GOVERNOR_PRODUCTION</Type>
			<Path>Art/Interface/MainScreen/CityScreen/automate_production.dds</Path>
		</InterfaceArtInfo>
		<InterfaceArtInfo>
			<Type>INTERFACE_BUTTONS_LEFT</Type>
			<Path>Art/Interface/Buttons/General/LEFT.dds</Path>
		</InterfaceArtInfo>
		<InterfaceArtInfo>
			<Type>INTERFACE_BUTTONS_MINUS</Type>
			<Path>Art/Interface/Buttons/General/MINUS.dds</Path>
		</InterfaceArtInfo>
		<InterfaceArtInfo>
			<Type>INTERFACE_BUTTONS_NOPRODUCTION</Type>
			<Path>Art/Interface/Buttons/Builds/NO_PRODUCTION.dds</Path>
		</InterfaceArtInfo>
		<InterfaceArtInfo>
			<Type>INTERFACE_BUTTONS_PLUS</Type>
			<Path>Art/Interface/Buttons/General/PLUS.dds</Path>
		</InterfaceArtInfo>
		<InterfaceArtInfo>
			<Type>INTERFACE_BUTTONS_RED_X</Type>
			<Path>Art/Interface/Screens/TechTree/X.dds</Path>
		</InterfaceArtInfo>
		<InterfaceArtInfo>
			<Type>INTERFACE_BUTTONS_CHECK</Type>
			<Path>Art/Interface/Buttons/General/CheckMark.dds</Path>
		</InterfaceArtInfo>
		<InterfaceArtInfo>
			<Type>INTERFACE_BUTTONS_RIGHT</Type>
			<Path>Art/Interface/Buttons/General/RIGHT.dds</Path>
		</InterfaceArtInfo>
		<InterfaceArtInfo>
			<Type>INTERFACE_BUTTONS_SPLITGROUP</Type>
			<Path>Art/Interface/Buttons/Actions/SplitUnitGroup.dds</Path>
		</InterfaceArtInfo>
		<InterfaceArtInfo>
			<Type>INTERFACE_CITY_BAR_CAPITAL_GLOW</Type>
			<Path>Art/Interface/CityBar/CityBar_Glow.dds</Path>
		</InterfaceArtInfo>
		<InterfaceArtInfo>
			<Type>INTERFACE_CITY_BAR_CAPITAL_TEXTURE</Type>
			<Path>Art/Interface/CityBar/CityBar_Star.tga</Path>
		</InterfaceArtInfo>
		<InterfaceArtInfo>
			<Type>INTERFACE_CITY_BAR_MODEL</Type>
			<Path>Art/Interface/CityBar/CityBar.nif</Path>
		</InterfaceArtInfo>
		<InterfaceArtInfo>
			<Type>INTERFACE_CITY_BAR_PRODUCTION_ICON_BEVEL</Type>
			<Path>Art/Interface/CityBar/ProductionIconBevel.tga</Path>
		</InterfaceArtInfo>
		<InterfaceArtInfo>
			<Type>INTERFACE_CITY_BAR_PRODUCTION_ICON_MASK</Type>
			<Path>Art/Interface/CityBar/ProductionIconMask.tga</Path>
		</InterfaceArtInfo>
		<InterfaceArtInfo>
			<Type>INTERFACE_CITY_BAR_REGULAR_GLOW</Type>
			<Path>Art/Interface/CityBar/CityBar_Glow_no_star.dds</Path>
		</InterfaceArtInfo>
		<InterfaceArtInfo>
			<Type>INTERFACE_CITY_BAR_REGULAR_TEXTURE</Type>
			<Path>Art/Interface/CityBar/CityBar_Circle.tga</Path>
		</InterfaceArtInfo>
		<InterfaceArtInfo>
			<Type>INTERFACE_CITY_PANEL</Type>
			<Path>Art/Interface/MainScreen/CityScreen/PanelBG.dds</Path>
		</InterfaceArtInfo>
		<InterfaceArtInfo>
			<Type>INTERFACE_STRATEGY_BAR_MODEL</Type>
			<Path>Art/Interface/CityBar/Strategy_Billboard.nif</Path>
		</InterfaceArtInfo>
		<InterfaceArtInfo>
			<Type>INTERFACE_EMPTY</Type>
			<Path>Art/Interface/Empty.kfm</Path>
		</InterfaceArtInfo>
		<InterfaceArtInfo>
			<Type>INTERFACE_GAMEDATABACK</Type>
			<Path>Art/Interface/GameDataBack.nif</Path>
		</InterfaceArtInfo>
		<InterfaceArtInfo>
			<Type>INTERFACE_GENERAL_CIVICS</Type>
			<Path>Art/Interface/Buttons/General/Civics.dds</Path>
		</InterfaceArtInfo>
		<InterfaceArtInfo>
			<Type>INTERFACE_GENERAL_CONVERTRELIGION</Type>
			<Path>Art/Interface/Buttons/General/ConvertReligion.dds</Path>
		</InterfaceArtInfo>
		<InterfaceArtInfo>
			<Type>INTERFACE_GENERAL_DOWNARROW</Type>
			<Path>Art/Interface/Buttons/General/DOWNARROW.dds</Path>
		</InterfaceArtInfo>
		<InterfaceArtInfo>
			<Type>INTERFACE_GENERAL_ENDTURN_GREENON</Type>
			<Path>Art/Interface/Buttons/General/EndTurn_GreenON.dds</Path>
		</InterfaceArtInfo>
		<InterfaceArtInfo>
			<Type>INTERFACE_GENERAL_ENDTURN_REDOFF</Type>
			<Path>Art/Interface/Buttons/General/EndTurn_RedOFF.dds</Path>
		</InterfaceArtInfo>
		<InterfaceArtInfo>
			<Type>INTERFACE_GENERAL_ENDTURN_REDON</Type>
			<Path>Art/Interface/Buttons/General/EndTurn_RedON.dds</Path>
		</InterfaceArtInfo>
		<InterfaceArtInfo>
			<Type>INTERFACE_GENERAL_QUESTIONMARK</Type>
			<Path>Art/Interface/Buttons/General/QUESTIONMARK.dds</Path>
		</InterfaceArtInfo>
		<InterfaceArtInfo>
			<Type>INTERFACE_GENERAL_CIVILOPEDIA_ICON</Type>
			<Path>Art/Interface/Buttons/General/Civilopedia_button.dds</Path>
		</InterfaceArtInfo>
		<InterfaceArtInfo>
			<Type>INTERFACE_GENERAL_MENU_ICON</Type>
			<Path>Art/Interface/Buttons/General/Menu_button.dds</Path>
		</InterfaceArtInfo>
		<InterfaceArtInfo>
			<Type>INTERFACE_GENERAL_TOGGLEYIELDS</Type>
			<Path>Art/Interface/Buttons/General/ToggleYields.dds</Path>
		</InterfaceArtInfo>
		<InterfaceArtInfo>
			<Type>INTERFACE_GENERAL_UPARROW</Type>
			<Path>Art/Interface/Buttons/General/UPARROW.dds</Path>
		</InterfaceArtInfo>
		<InterfaceArtInfo>
			<Type>INTERFACE_HEADING_BACKGROUND</Type>
			<Path>Art/Interface/MainScreen/CityScreen/Header.dds</Path>
		</InterfaceArtInfo>
		<InterfaceArtInfo>
			<Type>INTERFACE_HOLYCITY_OVERLAY</Type>
			<Path>Art/Interface/Buttons/Religions/overlay_star.dds</Path>
		</InterfaceArtInfo>
		<InterfaceArtInfo>
			<Type>INTERFACE_ICON_ACTION</Type>
			<Path>Art/Interface/PlotPicker/Warning.dds</Path>
		</InterfaceArtInfo>
		<InterfaceArtInfo>
			<Type>INTERFACE_ICON_COMBAT</Type>
			<Path>Art/Interface/PlotPicker/Warning.dds</Path>
		</InterfaceArtInfo>
		<InterfaceArtInfo>
			<Type>INTERFACE_ICON_INFO</Type>
			<Path>Art/Interface/PlotPicker/Warning.dds</Path>
		</InterfaceArtInfo>
		<InterfaceArtInfo>
			<Type>INTERFACE_ICON_WARNING</Type>
			<Path>Art/Interface/PlotPicker/Warning.dds</Path>
		</InterfaceArtInfo>
		<InterfaceArtInfo>
			<Type>INTERFACE_ITEM_BACKGROUND</Type>
			<Path>Art/Interface/MainScreen/CityScreen/TabFader.dds</Path>
		</InterfaceArtInfo>
		<InterfaceArtInfo>
			<Type>INTERFACE_MAIN</Type>
			<Path>Art/Interface/MainScreen/MainScreen.nif</Path>
		</InterfaceArtInfo>
		<InterfaceArtInfo>
			<Type>INTERFACE_MINIMAP_BARE</Type>
			<Path>Art/Interface/MainScreen/base_map.dds</Path>
		</InterfaceArtInfo>
		<InterfaceArtInfo>
			<Type>INTERFACE_MINIMAP_GLOBEVIEW</Type>
			<Path>Art/Interface/MainScreen/globe_view.dds</Path>
		</InterfaceArtInfo>
		<InterfaceArtInfo>
			<Type>INTERFACE_MINIMAP_GRID</Type>
			<Path>Art/Interface/MainScreen/grid.dds</Path>
		</InterfaceArtInfo>
		<InterfaceArtInfo>
			<Type>INTERFACE_MINIMAP_PING</Type>
			<Path>Art/Interface/Buttons/General/Ping.dds</Path>
		</InterfaceArtInfo>
		<InterfaceArtInfo>
			<Type>INTERFACE_HAPPY_PERSON</Type>
			<Path>Art/Interface/Buttons/General/Happy_Person.dds</Path>
		</InterfaceArtInfo>
		<InterfaceArtInfo>
			<Type>INTERFACE_RESISTANCE</Type>
			<Path>Art/Interface/Buttons/General/Resistance.dds</Path>
		</InterfaceArtInfo>
		<InterfaceArtInfo>
			<Type>INTERFACE_UNHEALTHY_PERSON</Type>
			<Path>Art/Interface/Buttons/General/Unhealthy_Person.dds</Path>
		</InterfaceArtInfo>
		<InterfaceArtInfo>
			<Type>INTERFACE_MINIMAP_RESOURCE</Type>
			<Path>Art/Interface/MainScreen/toggle_resource.dds</Path>
		</InterfaceArtInfo>
		<InterfaceArtInfo>
			<Type>INTERFACE_MINIMAP_YIELDS</Type>
			<Path>Art/Interface/MainScreen/yields.dds</Path>
		</InterfaceArtInfo>
		<InterfaceArtInfo>
			<Type>INTERFACE_MINIMAPCURSOR</Type>
			<Path>Art/Interface/Cursors/MinimapCursor.tga</Path>
		</InterfaceArtInfo>
		<InterfaceArtInfo>
			<Type>INTERFACE_ORNAMENT_LEFT_HIGH</Type>
			<Path>Art/Interface/MainScreen/TechListOrnamentHI_L.dds</Path>
		</InterfaceArtInfo>
		<InterfaceArtInfo>
			<Type>INTERFACE_ORNAMENT_LEFT_LOW</Type>
			<Path>Art/Interface/MainScreen/TechListOrnamentLOW_L.dds</Path>
		</InterfaceArtInfo>
		<InterfaceArtInfo>
			<Type>INTERFACE_ORNAMENT_RIGHT_HIGH</Type>
			<Path>Art/Interface/MainScreen/TechListOrnamentHI_R.dds</Path>
		</InterfaceArtInfo>
		<InterfaceArtInfo>
			<Type>INTERFACE_ORNAMENT_RIGHT_LOW</Type>
			<Path>Art/Interface/MainScreen/TechListOrnamentLOW_R.dds</Path>
		</InterfaceArtInfo>
		<InterfaceArtInfo>
			<Type>INTERFACE_PLOTPICKER_ARROW</Type>
			<Path>Art/Interface/PlotPicker/PickerArrow.dds</Path>
		</InterfaceArtInfo>
		<InterfaceArtInfo>
			<Type>INTERFACE_PLOTPICKER_BASE</Type>
			<Path>Art/Interface/PlotPicker/PickerBase.dds</Path>
		</InterfaceArtInfo>
		<InterfaceArtInfo>
			<Type>INTERFACE_PLOTPICKER_BORDER_BEVEL32</Type>
			<Path>Art/Interface/PlotPicker/PickerBorderBevel32.tga</Path>
		</InterfaceArtInfo>
		<InterfaceArtInfo>
			<Type>INTERFACE_PLOTPICKER_OVERLAY</Type>
			<Path>Art/Interface/PlotPicker/PlotPikerOverlay.dds</Path>
		</InterfaceArtInfo>
		<InterfaceArtInfo>
			<Type>INTERFACE_PLOTPICKER_ALPHAOVERLAY</Type>
			<Path>Art/Interface/PlotPicker/PlotPikerOverlayAlpha.dds</Path>
		</InterfaceArtInfo>
		<InterfaceArtInfo>
			<Type>INTERFACE_PLOTPICKER_BORDER_BEVEL64</Type>
			<Path>Art/Interface/PlotPicker/PickerBorderBevel64.tga</Path>
		</InterfaceArtInfo>
		<InterfaceArtInfo>
			<Type>INTERFACE_PLOTPICKER_BORDER_MASK32</Type>
			<Path>Art/Interface/PlotPicker/PickerIconMask32.tga</Path>
		</InterfaceArtInfo>
		<InterfaceArtInfo>
			<Type>INTERFACE_PLOTPICKER_BORDER_MASK64</Type>
			<Path>Art/Interface/PlotPicker/PickerIconMask64.tga</Path>
		</InterfaceArtInfo>
		<InterfaceArtInfo>
			<Type>INTERFACE_SELECTED</Type>
			<Path>Art/Interface/Buttons/Selected.dds</Path>
		</InterfaceArtInfo>
		<InterfaceArtInfo>
			<Type>INTERFACE_TECH_BRIDGEBUILDING</Type>
			<Path>Art/Interface/Screens/TechTree/Bridge_Building.dds</Path>
		</InterfaceArtInfo>
		<InterfaceArtInfo>
			<Type>INTERFACE_TECH_CULTURE</Type>
			<Path>Art/Interface/Screens/TechTree/Adjust_Culture.dds</Path>
		</InterfaceArtInfo>
		<!-- advc.120g: This was missing a comma and I've replaced 'Process/
			 ProcessCulture.dds' (is that a fallback?) with 'Actions/
			 Expose.dds'. What gets shown is the espionage icon from the atlas.
			 -->
		<InterfaceArtInfo>
			<Type>INTERFACE_TECH_ESPIONAGE</Type>
			<Path>,Art/Interface/Buttons/Actions/Expose.dds,Art/Interface/Buttons/Beyond_the_Sword_Atlas.dds,8,16</Path>
		</InterfaceArtInfo>
		<InterfaceArtInfo>
			<Type>INTERFACE_TECH_DEFENSIVEPACT</Type>
			<Path>Art/Interface/Screens/TechTree/Defensive_Pacts.dds</Path>
		</InterfaceArtInfo>
		<InterfaceArtInfo>
			<Type>INTERFACE_TECH_FREETECH</Type>
			<Path>Art/Interface/Screens/TechTree/Free_Technology.dds</Path>
		</InterfaceArtInfo>
		<InterfaceArtInfo>
			<Type>INTERFACE_TECH_GOLDTRADING</Type>
			<Path>Art/Interface/Screens/TechTree/Gold_Trading.dds</Path>
		</InterfaceArtInfo>
		<InterfaceArtInfo>
			<Type>INTERFACE_TECH_HAPPINESS</Type>
			<Path>Art/Interface/Screens/TechTree/Happiness.dds</Path>
		</InterfaceArtInfo>
		<InterfaceArtInfo>
			<Type>INTERFACE_TECH_HEALTH</Type>
			<Path>Art/Interface/Screens/TechTree/Health.dds</Path>
		</InterfaceArtInfo>
		<InterfaceArtInfo>
			<Type>INTERFACE_TECH_IRRIGATION</Type>
			<Path>Art/Interface/Screens/TechTree/Spread_Irrigation.dds</Path>
		</InterfaceArtInfo>
		<InterfaceArtInfo>
			<Type>INTERFACE_TECH_LOS</Type>
			<Path>Art/Interface/Screens/TechTree/Water_Sight.dds</Path>
		</InterfaceArtInfo>
		<InterfaceArtInfo>
			<Type>INTERFACE_TECH_MAPCENTER</Type>
			<Path>Art/Interface/Screens/TechTree/Centers_WorldMap.dds</Path>
		</InterfaceArtInfo>
		<InterfaceArtInfo>
			<Type>INTERFACE_TECH_MAPREVEAL</Type>
			<Path>Art/Interface/Screens/TechTree/Reveal_WorldMap.dds</Path>
		</InterfaceArtInfo>
		<InterfaceArtInfo>
			<Type>INTERFACE_TECH_MAPTRADING</Type>
			<Path>Art/Interface/Screens/TechTree/Map_Trading.dds</Path>
		</InterfaceArtInfo>
		<InterfaceArtInfo>
			<Type>INTERFACE_TECH_MOVE_BONUS</Type>
			<Path>Art/Interface/Screens/TechTree/Road_Movement.dds</Path>
		</InterfaceArtInfo>
		<InterfaceArtInfo>
			<Type>INTERFACE_TECH_NOIRRIGATION</Type>
			<Path>Art/Interface/Screens/TechTree/Without_Irrigation.dds</Path>
		</InterfaceArtInfo>
		<InterfaceArtInfo>
			<Type>INTERFACE_TECH_OPENBORDERS</Type>
			<Path>Art/Interface/Screens/TechTree/Open_Borders.dds</Path>
		</InterfaceArtInfo>
		<InterfaceArtInfo>
			<Type>INTERFACE_TECH_PERMALLIANCE</Type>
			<Path>Art/Interface/Screens/TechTree/Permanent_Alliances.dds</Path>
		</InterfaceArtInfo>
		<InterfaceArtInfo>
			<Type>INTERFACE_TECH_VASSAL</Type>
			<Path>Art/Interface/Buttons/Civics/Vassalage.dds</Path>
		</InterfaceArtInfo>
		<InterfaceArtInfo>
			<Type>INTERFACE_TECH_TECHTRADING</Type>
			<Path>Art/Interface/Screens/TechTree/Tech_Trading.dds</Path>
		</InterfaceArtInfo>
		<InterfaceArtInfo>
			<Type>INTERFACE_TECH_TRADE_ROUTES</Type>
			<Path>Art/Interface/Screens/TechTree/TradeRoute_Per_City.dds</Path>
		</InterfaceArtInfo>
		<InterfaceArtInfo>
			<Type>INTERFACE_TECH_WATERMOVES</Type>
			<Path>Art/Interface/Screens/TechTree/Moves_For_WaterUnit.dds</Path>
		</InterfaceArtInfo>
		<InterfaceArtInfo>
			<Type>INTERFACE_TECH_WATERTRADE</Type>
			<Path>,Art/Interface/Screens/TechTree/Ocean_Trade.dds,Art/Interface/Buttons/Beyond_the_Sword_Atlas.dds,8,3</Path>
		</InterfaceArtInfo>
		<InterfaceArtInfo>
			<Type>INTERFACE_TECH_RIVERTRADE</Type>
			<Path>,Art/Interface/Screens/TechTree/Ocean_Trade.dds,Art/Interface/Buttons/Beyond_the_Sword_Atlas.dds,8,6</Path>
		</InterfaceArtInfo>
		<InterfaceArtInfo>
			<Type>INTERFACE_TECH_WATERWORK</Type>
			<Path>Art/Interface/Screens/TechTree/Work_Water_Tiles.dds</Path>
		</InterfaceArtInfo>
		<InterfaceArtInfo>
			<Type>INTERFACE_TECH_FEATURE_PRODUCTION</Type>
			<Path>Art/Interface/Screens/TechTree/Build_Faster.dds</Path>
		</InterfaceArtInfo>
		<InterfaceArtInfo>
			<Type>INTERFACE_TECH_WORKER_SPEED</Type>
			<Path>Art/Interface/Screens/TechTree/Build_Faster.dds</Path>
		</InterfaceArtInfo>
		<InterfaceArtInfo>
			<Type>INTERFACE_TOP</Type>
			<Path>Art/Interface/MainScreen/Main_top.nif</Path>
		</InterfaceArtInfo>
		<InterfaceArtInfo>
			<Type>INTERFACE_TOP_BAR</Type>
			<Path>Art/Interface/MainScreen/MainUI_CenterTOP.dds</Path>
		</InterfaceArtInfo>
		<InterfaceArtInfo>
			<Type>INTERFACE_TOP_CITY</Type>
			<Path>Art/Interface/MainScreen/CS_top.nif</Path>
		</InterfaceArtInfo>
		<InterfaceArtInfo>
			<Type>INTERFACE_TOP_LEFT</Type>
			<Path>Art/Interface/MainScreen/MainUI_LeftTop.dds</Path>
		</InterfaceArtInfo>
		<InterfaceArtInfo>
			<Type>INTERFACE_TOP_RIGHT</Type>
			<Path>Art/Interface/MainScreen/MainUI_RightTop.dds</Path>
		</InterfaceArtInfo>
		<InterfaceArtInfo>
			<Type>LEADERHEAD_HIGHLIGHT</Type>
			<Path>Art/Interface/Leaderheads/LeaderheadHIGHLIGHT.nif</Path>
		</InterfaceArtInfo>
		<InterfaceArtInfo>
			<Type>LEADERHEAD_UNKNOWN</Type>
			<Path>Art/Interface/Leaderheads/Leaderhead_Unknown.nif</Path>
		</InterfaceArtInfo>
		<InterfaceArtInfo>
			<Type>LIGHTING_MECHLIGHT</Type>
			<Path>Art/Terrain/Lights/mechlight.nif</Path>
		</InterfaceArtInfo>
		<InterfaceArtInfo>
			<Type>LIGHTING_SUNLIGHT</Type>
			<Path>Art/Terrain/Lights/SunLight.nif</Path>
		</InterfaceArtInfo>
		<InterfaceArtInfo>
			<Type>LIGHTING_TERRAINLIGHT</Type>
			<Path>Art/Terrain/Lights/TerrainLight.nif</Path>
		</InterfaceArtInfo>
		<InterfaceArtInfo>
			<Type>LIGHTING_UNITS</Type>
			<Path>Art/Terrain/Lights/UnitLight.nif</Path>
		</InterfaceArtInfo>
		<InterfaceArtInfo>
			<Type>MAINMENU_AGREE</Type>
			<Path>Art/Interface/Main Menu/MM_Agree.kfm</Path>
		</InterfaceArtInfo>
		<InterfaceArtInfo>
			<Type>MAINMENU_BTN_ADVANCED</Type>
			<Path>Art/Interface/Main Menu/MenuBTN_Advanced.kfm</Path>
		</InterfaceArtInfo>
		<InterfaceArtInfo>
			<Type>MAINMENU_BTN_CREATE</Type>
			<Path>Art/Interface/Main Menu/MenuBTN_Create.kfm</Path>
		</InterfaceArtInfo>
		<InterfaceArtInfo>
			<Type>MAINMENU_BTN_GAMESPY</Type>
			<Path>Art/Interface/Main Menu/MenuBTN_Gamespy.kfm</Path>
		</InterfaceArtInfo>
		<InterfaceArtInfo>
			<Type>MAINMENU_BTN_LAN</Type>
			<Path>Art/Interface/Main Menu/MenuBTN_LAN.kfm</Path>
		</InterfaceArtInfo>
		<InterfaceArtInfo>
			<Type>MAINMENU_BTN_REFRESH</Type>
			<Path>Art/Interface/Main Menu/MenuBTN_Refresh.kfm</Path>
		</InterfaceArtInfo>
		<InterfaceArtInfo>
			<Type>MAINMENU_CANCEL</Type>
			<Path>Art/Interface/Main Menu/CIV4MainMenuCancel.kfm</Path>
		</InterfaceArtInfo>
		<InterfaceArtInfo>
			<Type>MAINMENU_CHANGEPASSWORD</Type>
			<Path>Art/Interface/Main Menu/MM_ChangePassword.kfm</Path>
		</InterfaceArtInfo>
		<InterfaceArtInfo>
			<Type>MAINMENU_CREATEACCOUNT</Type>
			<Path>Art/Interface/Main Menu/MM_CreateAccount.kfm</Path>
		</InterfaceArtInfo>
		<InterfaceArtInfo>
			<Type>MAINMENU_EXIT</Type>
			<Path>Art/Interface/Main Menu/CIV4MainMenuEXIT.kfm</Path>
		</InterfaceArtInfo>
		<InterfaceArtInfo>
			<Type>MAINMENU_LOAD</Type>
			<Path>Art/Interface/Screens/Loading/LoadingScreenBG.dds</Path>
		</InterfaceArtInfo>
		<InterfaceArtInfo>
			<Type>MAINMENU_SLIDESHOW_LOAD</Type>
			<Path>Art/Interface/Screens/Loading/LoadingScreenBGslideshow.dds</Path>
		</InterfaceArtInfo>
		<InterfaceArtInfo>
			<Type>MAINMENU_LOAD_WARLORDS</Type>
			<Path>Art/Interface/Screens/Loading/LoadingScreenBGWarlords.dds</Path>
		</InterfaceArtInfo>
		<InterfaceArtInfo>
			<Type>MAINMENU_SLIDESHOW_LOAD_WARLORDS</Type>
			<Path>Art/Interface/Screens/Loading/LoadingScreenBGslideshowWarlords.dds</Path>
		</InterfaceArtInfo>
		<InterfaceArtInfo>
			<Type>MAINMENU_LOAD_BTS</Type>
			<Path>Art/Interface/Screens/Loading/LoadingScreenBGBeyondtheSword.dds</Path>
		</InterfaceArtInfo>
		<InterfaceArtInfo>
			<Type>MAINMENU_SLIDESHOW_LOAD_CLASSICAL</Type>
			<Path>Art/Interface/Screens/Loading/LoadingScreenBGslideshowClassical.dds</Path>
		</InterfaceArtInfo>
		<InterfaceArtInfo>
			<Type>MAINMENU_LOAD_CLASSICAL</Type>
			<Path>Art/Interface/Screens/Loading/LoadingScreenBGClassical.dds</Path>
		</InterfaceArtInfo>
		<InterfaceArtInfo>
			<Type>MAINMENU_SLIDESHOW_LOAD_BTS</Type>
			<Path>Art/Interface/Screens/Loading/LoadingScreenBGslideshowBeyondtheSword.dds</Path>
		</InterfaceArtInfo>
		<InterfaceArtInfo>
			<Type>INTRO_LOGOS</Type>
			<Path>Art/Interface/Screens/Credits/Logos.dds</Path>
		</InterfaceArtInfo>
		<InterfaceArtInfo>
			<Type>MAINMENU_LOADGAME</Type>
			<Path>Art/Interface/Main Menu/CIV4MainMenuLoadGame.kfm</Path>
		</InterfaceArtInfo>
		<InterfaceArtInfo>
			<Type>MAINMENU_LOGIN</Type>
			<Path>Art/Interface/Main Menu/MM_Login.kfm</Path>
		</InterfaceArtInfo>
		<InterfaceArtInfo>
			<Type>MAINMENU_MP</Type>
			<Path>Art/Interface/Main Menu/CIV4MainMenuMultiplayer.kfm</Path>
		</InterfaceArtInfo>
		<InterfaceArtInfo>
			<Type>MAINMENU_MP_HOST</Type>
			<Path>Art/Interface/Main Menu/CIV4MainMenuHostGame.kfm</Path>
		</InterfaceArtInfo>
		<InterfaceArtInfo>
			<Type>MAINMENU_MP_JOIN</Type>
			<Path>Art/Interface/Main Menu/CIV4MainMenuJoinGame.kfm</Path>
		</InterfaceArtInfo>
		<InterfaceArtInfo>
			<Type>MAINMENU_NEWGAME</Type>
			<Path>Art/Interface/Main Menu/CIV4MainMenuNewGame.kfm</Path>
		</InterfaceArtInfo>
		<InterfaceArtInfo>
			<Type>MAINMENU_PLAY</Type>
			<Path>Art/Interface/Main Menu/CIV4MainMenuPLAY.kfm</Path>
		</InterfaceArtInfo>
		<InterfaceArtInfo>
			<Type>MAINMENU_REPLAY</Type>
			<Path>Art/Interface/Main Menu/CIV4MainMenuReplay.kfm</Path>
		</InterfaceArtInfo>
		<InterfaceArtInfo>
			<Type>MAINMENU_SCENE</Type>
			<Path>Art/Interface/Main Menu/CIV4MainMenuBG.nif</Path>
		</InterfaceArtInfo>
		<InterfaceArtInfo>
			<Type>MAINMENU_SCENE_CLASSICAL</Type>
			<Path>Art/Interface/Classical Main Menu/CIV4MainMenuBG.nif</Path>
		</InterfaceArtInfo>
		<InterfaceArtInfo>
			<Type>MAINMENU_SCENE_NO_SHADER</Type>
			<Path>Art/Interface/Warlords Main Menu/CIV4MainMenuBG_noshader.nif</Path>
		</InterfaceArtInfo>
		<InterfaceArtInfo>
			<Type>MAINMENU_SCENE_WARLORDS</Type>
			<Path>Art/Interface/Warlords Main Menu/CIV4MainMenuBG.kfm</Path>
		</InterfaceArtInfo>
		<InterfaceArtInfo>
			<Type>MAINMENU_SCENE_VANILLA</Type>
			<Path>Art/Interface/Civ4 Main Menu/CIV4MainMenuBG.nif</Path>
		</InterfaceArtInfo>
		<InterfaceArtInfo>
			<Type>MAINMENU_SP</Type>
			<Path>Art/Interface/Main Menu/CIV4MainMenuSinglePlayer.kfm</Path>
		</InterfaceArtInfo>
		<InterfaceArtInfo>
			<Type>MAINMENU_STARTGAME</Type>
			<Path>Art/Interface/Main Menu/CIV4MainMenuStartGame.kfm</Path>
		</InterfaceArtInfo>
		<InterfaceArtInfo>
			<Type>OVERLAY_FORTIFY</Type>
			<Path>Art/Interface/Buttons/Units/Medallion_Fortify.dds</Path>
		</InterfaceArtInfo>
		<InterfaceArtInfo>
			<Type>OVERLAY_HASMOVED</Type>
			<Path>Art/Interface/Buttons/Units/Medallion_HasMoved.dds</Path>
		</InterfaceArtInfo>
		<InterfaceArtInfo>
			<Type>OVERLAY_MOVE</Type>
			<Path>Art/Interface/Buttons/Units/Medallion_CanMove.dds</Path>
		</InterfaceArtInfo>
		<InterfaceArtInfo>
			<Type>OVERLAY_NOMOVE</Type>
			<Path>Art/Interface/Buttons/Units/Medallion_CantMove.dds</Path>
		</InterfaceArtInfo>
		<InterfaceArtInfo>
			<Type>POPUP_MINIMIZE</Type>
			<Path>Art/Interface/MainScreen/minimize_button.dds</Path>
		</InterfaceArtInfo>
		<InterfaceArtInfo>
			<Type>POPUPS_BACKGROUND</Type>
			<Path>Art/Interface/Popups/PopUpBackground.nif</Path>
		</InterfaceArtInfo>
		<InterfaceArtInfo>
			<Type>POPUPS_BACKGROUND_DDS</Type>
			<Path>Art/Interface/Popups/PopUpBackground.dds</Path>
		</InterfaceArtInfo>
		<InterfaceArtInfo>
			<Type>POPUPS_BACKGROUND_TRANSPARENT</Type>
			<Path>Art/Interface/Popups/PopUpBackgroundTRANS.nif</Path>
		</InterfaceArtInfo>
		<InterfaceArtInfo>
			<Type>POPUPS_CHECKBOX_16</Type>
			<Path>Art/Interface/Popups/CheckBox16_16.kfm</Path>
		</InterfaceArtInfo>
		<InterfaceArtInfo>
			<Type>POPUPS_CHECKBOX_24</Type>
			<Path>Art/Interface/Popups/CheckBox24_24.kfm</Path>
		</InterfaceArtInfo>
		<InterfaceArtInfo>
			<Type>POPUPS_CHECKBOX_32</Type>
			<Path>Art/Interface/Popups/CheckBox32_32.kfm</Path>
		</InterfaceArtInfo>
		<InterfaceArtInfo>
			<Type>POPUPS_CHECKBOXTOGGLE</Type>
			<Path>Art/Interface/Popups/PopupCheckBoxToggle.kfm</Path>
		</InterfaceArtInfo>
		<InterfaceArtInfo>
			<Type>POPUPS_EDITBOX</Type>
			<Path>Art/Interface/Popups/TextEntry.kfm</Path>
		</InterfaceArtInfo>
		<InterfaceArtInfo>
			<Type>POPUPS_EDITBOX_875</Type>
			<Path>Art/Interface/Popups/TextEntry875.nif</Path>
		</InterfaceArtInfo>
		<InterfaceArtInfo>
			<Type>POPUPS_EDITBOX_CARET</Type>
			<Path>Art/Interface/Popups/Caret.kfm</Path>
		</InterfaceArtInfo>
		<InterfaceArtInfo>
			<Type>POPUPS_EDITBOX_DDS</Type>
			<Path>Art/Interface/Popups/TextEntry.dds</Path>
		</InterfaceArtInfo>
		<InterfaceArtInfo>
			<Type>POPUPS_LIGHTS</Type>
			<Path>Art/Interface/Popups/Lights.nif</Path>
		</InterfaceArtInfo>
		<InterfaceArtInfo>
			<Type>POPUPS_OKBUTTON</Type>
			<Path>Art/Interface/Popups/Button_OK.kfm</Path>
		</InterfaceArtInfo>
		<InterfaceArtInfo>
			<Type>POPUPS_RADIOBUTTON</Type>
			<Path>Art/Interface/Popups/PopupRadioButton.kfm</Path>
		</InterfaceArtInfo>
		<InterfaceArtInfo>
			<Type>PROGRESS_BAR</Type>
			<Path>Art/Interface/LoadingBar/LoadingBar.kfm</Path>
		</InterfaceArtInfo>
		<InterfaceArtInfo>
			<Type>REWARD_BG</Type>
			<Path>art/interface/screens/Reward/RewardPopUp.nif</Path>
		</InterfaceArtInfo>
		<InterfaceArtInfo>
			<Type>REWARD_EXIT</Type>
			<Path>art/interface/screens/civics/CivicsRev-CancelButton.kfm</Path>
		</InterfaceArtInfo>
		<InterfaceArtInfo>
			<Type>SCREEN_BG</Type>
			<Path>Art/Interface/Screens/Civilopedia/CivilopediaBG2.dds</Path>
		</InterfaceArtInfo>
		<InterfaceArtInfo>
			<Type>TECH_HIGHLIGHT</Type>
			<Path>Art/Interface/Screens/TechTree/WidgetHILITE.dds</Path>
		</InterfaceArtInfo>
		<InterfaceArtInfo>
			<Type>SCREEN_BG_OPAQUE</Type>
			<Path>Art/Interface/Screens/Civilopedia/CivilopediaBG2-OPAQUE.dds</Path>
		</InterfaceArtInfo>
		<InterfaceArtInfo>
			<Type>SHADOW_UNITS</Type>
			<Path>Art/Units/UnitShadow_LOW.nif</Path>
		</InterfaceArtInfo>
		<InterfaceArtInfo>
			<Type>SPACESHIP_PROGRESS_BG</Type>
			<Path>Art/Interface/Screens/Spaceship/SS_Background.dds</Path>
		</InterfaceArtInfo>
		<InterfaceArtInfo>
			<Type>TECH_ARROWS_BROKEN_IN</Type>
			<Path>Art/Interface/Screens/TechTree/Broken2.kfm</Path>
		</InterfaceArtInfo>
		<InterfaceArtInfo>
			<Type>TECH_ARROWS_BROKEN_OUT</Type>
			<Path>Art/Interface/Screens/TechTree/Broken1.kfm</Path>
		</InterfaceArtInfo>
		<InterfaceArtInfo>
			<Type>TECH_BG</Type>
			<Path>Art/Interface/Screens/TechTree/TechTreeBG.nif</Path>
		</InterfaceArtInfo>
		<InterfaceArtInfo>
			<Type>TECH_PANEL_BLUE</Type>
			<Path>Art/Interface/Screens/TechTree/WidgetBLUE.dds</Path>
		</InterfaceArtInfo>
		<InterfaceArtInfo>
			<Type>TECH_PANEL_CYAN</Type>
			<Path>Art/Interface/Screens/TechTree/WidgetCYAN.dds</Path>
		</InterfaceArtInfo>
		<InterfaceArtInfo>
			<Type>TECH_PANEL_GREEN</Type>
			<Path>Art/Interface/Screens/TechTree/WidgetGREEN.dds</Path>
		</InterfaceArtInfo>
		<InterfaceArtInfo>
			<Type>TECH_PANEL_HILITE</Type>
			<Path>Art/Interface/Screens/TechTree/WidgetHILITE.dds</Path>
		</InterfaceArtInfo>
		<InterfaceArtInfo>
			<Type>TECH_PANEL_RED</Type>
			<Path>Art/Interface/Screens/TechTree/WidgetRED.dds</Path>
		</InterfaceArtInfo>
		<InterfaceArtInfo>
			<Type>TECH_SPLASH</Type>
			<Path>Art/Interface/Screens/Reward/TechDiscoveredBG.nif</Path>
		</InterfaceArtInfo>
		<InterfaceArtInfo>
			<Type>TECH_SPLASH_EXIT</Type>
			<Path>Art/Interface/Screens/Reward/ClearTableBTN.kfm</Path>
		</InterfaceArtInfo>
		<InterfaceArtInfo>
			<Type>TECH_TREE_BUTTON_BORDER</Type>
			<Path>Art/Interface/Screens/TechTree/BlackSquare.dds</Path>
		</InterfaceArtInfo>
		<InterfaceArtInfo>
			<Type>TEMP_BG</Type>
			<Path>Art/Interface/Screens/Civilopedia/CivilopediaBG.dds</Path>
		</InterfaceArtInfo>
		<InterfaceArtInfo>
			<Type>VOTING_BACKGROUND</Type>
			<Path>Art/Interface/Screens/Voting/VotingBG.nif</Path>
		</InterfaceArtInfo>
		<InterfaceArtInfo>
			<Type>WIDGET_DROPDOWN_ARROWBUTTON</Type>
			<Path>Art/Interface/Widgets/DropDown/DD_arrowButton.nif</Path>
		</InterfaceArtInfo>
		<InterfaceArtInfo>
			<Type>WIDGET_DROPDOWN_ARROWBUTTON_SM</Type>
			<Path>Art/Interface/DropDownMENU/DD2_BTN.nif</Path>
		</InterfaceArtInfo>
		<InterfaceArtInfo>
			<Type>WIDGET_DROPDOWN_BG_SM</Type>
			<Path>Art/Interface/DropDownMENU/DD2_ScrollBG.nif</Path>
		</InterfaceArtInfo>
		<InterfaceArtInfo>
			<Type>WIDGET_DROPDOWN_DOWN_SM</Type>
			<Path>Art/Interface/DropDownMENU/DD2_ScrollDOWN.kfm</Path>
		</InterfaceArtInfo>
		<InterfaceArtInfo>
			<Type>WIDGET_DROPDOWN_LOWERLISTBOX</Type>
			<Path>Art/Interface/Widgets/DropDown/DD_lowerListBox.nif</Path>
		</InterfaceArtInfo>
		<InterfaceArtInfo>
			<Type>WIDGET_DROPDOWN_LOWERLISTBOX350</Type>
			<Path>Art/Interface/Widgets/DropDown/DD_lowerListBox350.nif</Path>
		</InterfaceArtInfo>
		<InterfaceArtInfo>
			<Type>WIDGET_DROPDOWN_LOWERLISTBOX_SM</Type>
			<Path>Art/Interface/DropDownMENU/DD2_DropDown.nif</Path>
		</InterfaceArtInfo>
		<InterfaceArtInfo>
			<Type>WIDGET_DROPDOWN_LOWERLISTBOXBIG</Type>
			<Path>Art/Interface/Widgets/DropDown/DD_lowerListBoxBIG.nif</Path>
		</InterfaceArtInfo>
		<InterfaceArtInfo>
			<Type>WIDGET_DROPDOWN_LOWERLISTBOXBIG350</Type>
			<Path>Art/Interface/Widgets/DropDown/DD_lowerListBox350_6Deep.nif</Path>
		</InterfaceArtInfo>
		<InterfaceArtInfo>
			<Type>WIDGET_DROPDOWN_THUMB_SM</Type>
			<Path>Art/Interface/DropDownMENU/DD2_ScrollTHUMB.kfm</Path>
		</InterfaceArtInfo>
		<InterfaceArtInfo>
			<Type>WIDGET_DROPDOWN_UP_SM</Type>
			<Path>Art/Interface/DropDownMENU/DD2_ScrollUP.kfm</Path>
		</InterfaceArtInfo>
		<InterfaceArtInfo>
			<Type>WIDGET_DROPDOWN_UPPERLISTBOX</Type>
			<Path>Art/Interface/Widgets/DropDown/DD_upperListBox.nif</Path>
		</InterfaceArtInfo>
		<InterfaceArtInfo>
			<Type>WIDGET_DROPDOWN_UPPERLISTBOX_SM</Type>
			<Path>Art/Interface/DropDownMENU/DD2_TextEntry.nif</Path>
		</InterfaceArtInfo>
		<InterfaceArtInfo>
			<Type>WIDGET_EMPTY</Type>
			<Path>Art/Empty.nif</Path>
		</InterfaceArtInfo>
		<InterfaceArtInfo>
			<Type>WIDGET_LISTBOX_CHATLISTBOX</Type>
			<Path>Art/Interface/Widgets/ListBox/ListBox875x140.nif</Path>
		</InterfaceArtInfo>
		<InterfaceArtInfo>
			<Type>WIDGET_LISTBOX_STRINGBOX</Type>
			<Path>Art/Interface/Widgets/ListBox/ListBox360x515.nif</Path>
		</InterfaceArtInfo>
		<InterfaceArtInfo>
			<Type>WIDGET_LISTCONTROL_TAB</Type>
			<Path>Art/Interface/Widgets/DropDown/DD_6DeepDoubleList_TAB.kfm</Path>
		</InterfaceArtInfo>
		<InterfaceArtInfo>
			<Type>WIDGET_LISTCONTROL_TABBOX</Type>
			<Path>Art/Interface/Widgets/DropDown/DD_6DeepDoubleList.nif</Path>
		</InterfaceArtInfo>
		<InterfaceArtInfo>
			<Type>WIDGET_LISTCONTROL_TABBOX_HIGHLIGHTED</Type>
			<Path>Art/Interface/Widgets/DropDown/DD_6DeepDoubleList_HILITE.nif</Path>
		</InterfaceArtInfo>
		<InterfaceArtInfo>
			<Type>WIDGET_SCROLLBAR_DOWN_CTR</Type>
			<Path>Art/Interface/ScrollBar/ScrollBarDOWN_ctr.kfm</Path>
		</InterfaceArtInfo>
		<InterfaceArtInfo>
			<Type>WIDGET_SCROLLBAR_LEFT</Type>
			<Path>Art/Interface/ScrollBar/ScrollBarLEFT_ctr.kfm</Path>
		</InterfaceArtInfo>
		<InterfaceArtInfo>
			<Type>WIDGET_SCROLLBAR_RIGHT</Type>
			<Path>Art/Interface/ScrollBar/ScrollBarRIGHT_ctr.kfm</Path>
		</InterfaceArtInfo>
		<InterfaceArtInfo>
			<Type>WIDGET_SCROLLBAR_THUMB_HORZ</Type>
			<Path>Art/Interface/ScrollBar/ScrollBarTHUMB_ctrHORIZ.kfm</Path>
		</InterfaceArtInfo>
		<InterfaceArtInfo>
			<Type>WIDGET_SCROLLBAR_THUMB_VERT</Type>
			<Path>Art/Interface/ScrollBar/ScrollBarTHUMB_ctr.kfm</Path>
		</InterfaceArtInfo>
		<InterfaceArtInfo>
			<Type>WIDGET_SCROLLBAR_TILE_HORIZ</Type>
			<Path>Art/Interface/ScrollBar/ScrollBarTileHORIZ.dds</Path>
		</InterfaceArtInfo>
		<InterfaceArtInfo>
			<Type>WIDGET_SCROLLBAR_TILE_VERT</Type>
			<Path>Art/Interface/ScrollBar/ScrollBarTileVERT.dds</Path>
		</InterfaceArtInfo>
		<InterfaceArtInfo>
			<Type>WIDGET_SCROLLBAR_UP_CTR</Type>
			<Path>Art/Interface/ScrollBar/ScrollBarUP_ctr.kfm</Path>
		</InterfaceArtInfo>
		<InterfaceArtInfo>
			<Type>WORLDBUILDER_CITY_EDIT</Type>
			<Path>Art/Interface/Buttons/WorldBuilder/Palette_City.dds</Path>
		</InterfaceArtInfo>
		<InterfaceArtInfo>
			<Type>WORLDBUILDER_PLOT_TYPE_MOUNTAIN</Type>
			<Path>Art/Interface/Buttons/WorldBuilder/Plot_Type_Mountain.dds</Path>
		</InterfaceArtInfo>
		<InterfaceArtInfo>
			<Type>WORLDBUILDER_PLOT_TYPE_HILL</Type>
			<Path>Art/Interface/Buttons/WorldBuilder/Plot_Type_Hill.dds</Path>
		</InterfaceArtInfo>
		<InterfaceArtInfo>
			<Type>WORLDBUILDER_PLOT_TYPE_PLAINS</Type>
			<Path>Art/Interface/Buttons/WorldBuilder/Plot_Type_Plains.dds</Path>
		</InterfaceArtInfo>
		<InterfaceArtInfo>
			<Type>WORLDBUILDER_PLOT_TYPE_OCEAN</Type>
			<Path>Art/Interface/Buttons/WorldBuilder/Plot_Type_Ocean.dds</Path>
		</InterfaceArtInfo>
		<InterfaceArtInfo>
			<Type>WORLDBUILDER_RIVER_PLACEMENT</Type>
			<Path>Art/Interface/Buttons/WorldBuilder/River_Placement.dds</Path>
		</InterfaceArtInfo>
		<InterfaceArtInfo>
			<Type>WORLDBUILDER_EDITBACKGROUND</Type>
			<Path>Art/Interface/Screens/WorldBuilderEDIT/WorldBuilderEditSIDES.nif</Path>
		</InterfaceArtInfo>
		<InterfaceArtInfo>
			<Type>WORLDBUILDER_LOAD</Type>
			<Path>Art/Interface/Buttons/WorldBuilder/Extra_LoadWorld.dds</Path>
		</InterfaceArtInfo>
		<InterfaceArtInfo>
			<Type>WORLDBUILDER_MOUNTAIN_SMALL</Type>
			<Path>Art/Terrain/Features/Hills/MountainHeightSmall.tga</Path>
		</InterfaceArtInfo>
		<InterfaceArtInfo>
			<Type>WORLDBUILDER_NORMAL_TAB_MODE</Type>
			<Path>Art/Interface/Buttons/WorldBuilder/Palette_Extra.dds</Path>
		</InterfaceArtInfo>
		<InterfaceArtInfo>
			<Type>WORLDBUILDER_SAVE</Type>
			<Path>Art/Interface/Buttons/WorldBuilder/Extra_SaveWorld.dds</Path>
		</InterfaceArtInfo>
		<InterfaceArtInfo>
			<Type>WORLDBUILDER_EXIT</Type>
			<Path>Art/Interface/Buttons/WorldBuilder/Exit_WorldBuilder.dds</Path>
		</InterfaceArtInfo>
		<InterfaceArtInfo>
			<Type>WORLDBUILDER_ERASE</Type>
			<Path>Art/Interface/Buttons/WorldBuilder/Extra_Erase.dds</Path>
		</InterfaceArtInfo>
		<InterfaceArtInfo>
			<Type>WORLDBUILDER_CHANGE_ALL_PLOTS</Type>
			<Path>Art/Interface/Buttons/WorldBuilder/Change_All_Plots.dds</Path>
		</InterfaceArtInfo>
		<InterfaceArtInfo>
			<Type>WORLDBUILDER_LANDMARK_MODE</Type>
			<Path>Art/Interface/Buttons/WorldBuilder/LandMarks.dds</Path>
		</InterfaceArtInfo>
		<InterfaceArtInfo>
			<Type>WORLDBUILDER_TERRAINMASK_LARGE</Type>
			<Path>Art/Terrain/TerrainMasks/TerrainMaskLarge.tga</Path>
		</InterfaceArtInfo>
		<InterfaceArtInfo>
			<Type>WORLDBUILDER_TERRAINMASK_MEDIUM</Type>
			<Path>Art/Terrain/TerrainMasks/TerrainMaskMedium.tga</Path>
		</InterfaceArtInfo>
		<InterfaceArtInfo>
			<Type>WORLDBUILDER_TERRAINMASK_SMALL</Type>
			<Path>Art/Terrain/TerrainMasks/TerrainMaskSmall.tga</Path>
		</InterfaceArtInfo>
		<InterfaceArtInfo>
			<Type>WORLDBUILDER_UNIT_EDIT</Type>
			<Path>Art/Interface/Buttons/WorldBuilder/Palette_Unit.dds</Path>
		</InterfaceArtInfo>
		<InterfaceArtInfo>
			<Type>WORLDBUILDER_NORMAL_MAP_MODE</Type>
			<Path>Art/Interface/Buttons/WorldBuilder/NORMAL_MAP_MODE.dds</Path>
		</InterfaceArtInfo>
		<InterfaceArtInfo>
			<Type>WORLDBUILDER_NORMAL_UNIT_MODE</Type>
			<Path>Art/Interface/Buttons/WorldBuilder/NORMAL_PLAYER_MODE.dds</Path>
		</InterfaceArtInfo>
		<InterfaceArtInfo>
			<Type>WORLDBUILDER_TOGGLE_CITY_EDIT_MODE</Type>
			<Path>Art/Interface/Buttons/WorldBuilder/TOGGLE_CITY_EDITMODE_ON.dds</Path>
		</InterfaceArtInfo>
		<InterfaceArtInfo>
			<Type>WORLDBUILDER_TOGGLE_UNIT_EDIT_MODE</Type>
			<Path>Art/Interface/Buttons/WorldBuilder/TOGGLE_UNIT_EDITMODE_ON.dds</Path>
		</InterfaceArtInfo>
		<InterfaceArtInfo>
			<Type>WORLDBUILDER_REVEAL_TILE_MODE</Type>
			<Path>Art/Interface/Buttons/WorldBuilder/REVEALED_TILE_MODE.dds</Path>
		</InterfaceArtInfo>
		<InterfaceArtInfo>
			<Type>WORLDBUILDER_REVEAL_ALL_TILES</Type>
			<Path>Art/Interface/Buttons/WorldBuilder/REVEAL_ALL.dds</Path>
		</InterfaceArtInfo>
		<InterfaceArtInfo>
			<Type>WORLDBUILDER_UNREVEAL_ALL_TILES</Type>
			<Path>Art/Interface/Buttons/WorldBuilder/UNREVEAL_ALL.dds</Path>
		</InterfaceArtInfo>
		<InterfaceArtInfo>
			<Type>WORLDBUILDER_DIPLOMACY_MODE</Type>
			<Path>Art/Interface/Buttons/WorldBuilder/DIPLOMACY_MODE.dds</Path>
		</InterfaceArtInfo>
		<!-- globeview ui art -->
		<InterfaceArtInfo>
			<Type>INTERFACE_GLOBE_TOGGLE</Type>
			<Path>Art/Interface/MainScreen/GlobeButton.dds</Path>
		</InterfaceArtInfo>
		<InterfaceArtInfo>
			<Type>INTERFACE_GLOBE_TOGGLE_HILIGHT</Type>
			<Path>Art/Interface/MainScreen/GlobeButton_Hilight.dds</Path>
		</InterfaceArtInfo>
		<InterfaceArtInfo>
			<Type>INTERFACE_GLOBELAYER_BUTTON_HILIGHT</Type>
			<Path>Art/Interface/Globeview/Overlay.dds</Path>
		</InterfaceArtInfo>
		<!-- GlobeLayer icons -->
		<InterfaceArtInfo>
			<Type>INTERFACE_GLOBELAYER_RESOURCES</Type>
			<Path>Art/Interface/Globeview/ResourceLayer.dds</Path>
		</InterfaceArtInfo>
		<InterfaceArtInfo>
			<Type>INTERFACE_GLOBELAYER_CULTURE</Type>
			<Path>Art/Interface/Globeview/CultureLayer.dds</Path>
		</InterfaceArtInfo>
		<InterfaceArtInfo>
			<Type>INTERFACE_GLOBELAYER_TRADE</Type>
			<Path>Art/Interface/Globeview/TradeLayer.dds</Path>
		</InterfaceArtInfo>
		<InterfaceArtInfo>
			<Type>INTERFACE_GLOBELAYER_UNITS</Type>
			<Path>Art/Interface/Globeview/UnitsLayer.dds</Path>
		</InterfaceArtInfo>
		<InterfaceArtInfo>
			<Type>INTERFACE_GLOBELAYER_RELIGION</Type>
			<Path>Art/Interface/Globeview/ReligionLayer.dds</Path>
		</InterfaceArtInfo>
		<InterfaceArtInfo>
			<Type>INTERFACE_GLOBELAYER_PLOTDEBUG</Type>
			<Path>Art/Interface/Globeview/PlotDebugLayer.dds</Path>
		</InterfaceArtInfo>
		<InterfaceArtInfo>
			<Type>INTERFACE_GLOBELAYER_STRATEGY</Type>
			<Path>Art/Interface/Globeview/StrategyLayer.dds</Path>
		</InterfaceArtInfo>
		<InterfaceArtInfo>
			<Type>INTERFACE_TUTORIAL_HIGHLIGHT</Type>
			<Path>Art/Interface/Widgets/AreaHilite.dds</Path>
		</InterfaceArtInfo>
		<InterfaceArtInfo>
			<Type>INTERFACE_TUTORIAL_HIGHLIGHT_LARGE</Type>
			<Path>Art/Interface/Widgets/AreaHilite256.dds</Path>
		</InterfaceArtInfo>
		<InterfaceArtInfo>
			<Type>SCREEN_UN_BG</Type>
			<Path>Art/Interface/Screens/Reward/UN_BG.dds</Path>
		</InterfaceArtInfo>
		<InterfaceArtInfo>
			<Type>SCROLL_UP_ARROW</Type>
			<Path>Art/Interface/Buttons/up_arrow.dds</Path>
		</InterfaceArtInfo>
		<InterfaceArtInfo>
			<Type>SCROLL_DOWN_ARROW</Type>
			<Path>Art/Interface/Buttons/down_arrow.dds</Path>
		</InterfaceArtInfo>
		<InterfaceArtInfo>
			<Type>SCROLL_PAGE_UP_ARROW</Type>
			<Path>Art/Interface/Buttons/page_up_arrow.dds</Path>
		</InterfaceArtInfo>
		<InterfaceArtInfo>
			<Type>SCROLL_PAGE_DOWN_ARROW</Type>
			<Path>Art/Interface/Buttons/page_down_arrow.dds</Path>
		</InterfaceArtInfo>
		<InterfaceArtInfo>
			<Type>SCROLL_TOP_ARROW</Type>
			<Path>Art/Interface/Buttons/top_arrow.dds</Path>
		</InterfaceArtInfo>
		<InterfaceArtInfo>
			<Type>SCROLL_BOTTOM_ARROW</Type>
			<Path>Art/Interface/Buttons/bottom_arrow.dds</Path>
		</InterfaceArtInfo>
		<InterfaceArtInfo>
			<Type>WHITE_CIRCLE_20</Type>
			<Path>Art/Interface/Buttons/white_circle_20.dds</Path>
		</InterfaceArtInfo>
		<InterfaceArtInfo>
			<Type>WHITE_CIRCLE_40</Type>
			<Path>Art/Interface/Buttons/white_circle_40.dds</Path>
		</InterfaceArtInfo>
		<InterfaceArtInfo>
			<Type>WHITE_CIRCLE_50</Type>
			<Path>Art/Interface/Buttons/white_circle_50.dds</Path>
		</InterfaceArtInfo>
		<InterfaceArtInfo>
			<Type>ESPIONAGE_BUTTON</Type>
			<Path>,Art/Interface/Buttons/Process/ProcessCulture.dds,Art/Interface/Buttons/Beyond_the_Sword_Atlas.dds,8,16</Path>
		</InterfaceArtInfo>
		<InterfaceArtInfo>
			<Type>CULTURE_BUTTON</Type>
			<Path>Art/Interface/Buttons/Process/ProcessCulture.dds</Path>
		</InterfaceArtInfo>
		<InterfaceArtInfo>
			<Type>INTERFACE_STARS</Type>
			<Path>Art/Interface/Main Menu/stars.dds</Path>
		</InterfaceArtInfo>
		<InterfaceArtInfo>
			<Type>INTERFACE_BLACK</Type>
			<Path>Art/Interface/Screens/Black.dds</Path>
		</InterfaceArtInfo>
		<InterfaceArtInfo>
			<Type>INTERFACE_EVENT_BULLET</Type>
			<Path>,Art/Interface/Buttons/Process/Blank.dds,Art/Interface/Buttons/Beyond_the_Sword_Atlas.dds,8,5</Path>
		</InterfaceArtInfo>
		<InterfaceArtInfo>
			<Type>INTERFACE_EVENT_UNAVAILABLE_BULLET</Type>
			<Path>,Art/Interface/Buttons/Process/Blank.dds,Art/Interface/Buttons/Beyond_the_Sword_Atlas.dds,7,5</Path>
		</InterfaceArtInfo>
		<InterfaceArtInfo>
			<Type>INTERFACE_AUTOMATE</Type>
			<Path>Art/Interface/Buttons/Actions/Automate.dds</Path>
		</InterfaceArtInfo>

<!-- BUG - PLE - start -->

		<!-- General -->

		<InterfaceArtInfo>
			<Type>PLE_BUTTON_HILITE</Type>
			<Path>Art/PlotListEnhancements/PLE_button_select.dds</Path>
		</InterfaceArtInfo>

		<!-- Group Modes -->

		<InterfaceArtInfo>
			<Type>PLE_GRP_UPGRADE</Type>
			<Path>Art/PlotListEnhancements/PLE_GRP_UPGRADE_32.dds</Path>
		</InterfaceArtInfo>
		<InterfaceArtInfo>
			<Type>PLE_GRP_PROMO</Type>
			<Path>Art/PlotListEnhancements/PLE_GRP_PROMO_32.dds</Path>
		</InterfaceArtInfo>
		<InterfaceArtInfo>
			<Type>PLE_GRP_GROUPS</Type>
			<Path>Art/PlotListEnhancements/PLE_GRP_GROUPS_32.dds</Path>
		</InterfaceArtInfo>
		<InterfaceArtInfo>
			<Type>PLE_GRP_UNITTYPE</Type>
			<Path>Art/PlotListEnhancements/PLE_GRP_UNITTYPE_32.dds</Path>
		</InterfaceArtInfo>

		<!-- Filters -->

		<InterfaceArtInfo>
			<Type>PLE_RESET_FILTERS</Type>
			<Path>Art/PlotListEnhancements/PLE_RESET_FILTERS.dds</Path>
		</InterfaceArtInfo>
		<InterfaceArtInfo>
			<Type>PLE_FILTER_FOREIGN</Type>
			<Path>Art/PlotListEnhancements/PLE_FILTER_FOREIGN_32.dds</Path>
		</InterfaceArtInfo>
		<InterfaceArtInfo>
			<Type>PLE_FILTER_OWN</Type>
			<Path>Art/PlotListEnhancements/PLE_FILTER_OWN_32.dds</Path>
		</InterfaceArtInfo>
		<InterfaceArtInfo>
			<Type>PLE_FILTER_NOTWOUND</Type>
			<Path>Art/PlotListEnhancements/PLE_FILTER_NOTWOUND_32.dds</Path>
		</InterfaceArtInfo>
		<InterfaceArtInfo>
			<Type>PLE_FILTER_WOUND</Type>
			<Path>Art/PlotListEnhancements/PLE_FILTER_WOUND_32.dds</Path>
		</InterfaceArtInfo>
		<InterfaceArtInfo>
			<Type>PLE_FILTER_MIL</Type>
			<Path>Art/PlotListEnhancements/PLE_FILTER_MIL_32.dds</Path>
		</InterfaceArtInfo>
		<InterfaceArtInfo>
			<Type>PLE_FILTER_DOM</Type>
			<Path>Art/PlotListEnhancements/PLE_FILTER_DOMESTIC_32.dds</Path>
		</InterfaceArtInfo>
		<InterfaceArtInfo>
			<Type>PLE_FILTER_LAND</Type>
			<Path>Art/PlotListEnhancements/PLE_FILTER_LAND_32.dds</Path>
		</InterfaceArtInfo>
		<InterfaceArtInfo>
			<Type>PLE_FILTER_AIR</Type>
			<Path>Art/PlotListEnhancements/PLE_FILTER_AIR_32.dds</Path>
		</InterfaceArtInfo>
		<InterfaceArtInfo>
			<Type>PLE_FILTER_SEA</Type>
			<Path>Art/PlotListEnhancements/PLE_FILTER_SEA_32.dds</Path>
		</InterfaceArtInfo>
		<InterfaceArtInfo>
			<Type>PLE_FILTER_CANMOVE</Type>
			<Path>Art/PlotListEnhancements/PLE_FILTER_CANMOVE_32.dds</Path>
		</InterfaceArtInfo>
		<InterfaceArtInfo>
			<Type>PLE_FILTER_CANTMOVE</Type>
			<Path>Art/PlotListEnhancements/PLE_FILTER_CANTMOVE_32.dds</Path>
		</InterfaceArtInfo>

		<!-- Arrows -->

		<InterfaceArtInfo>
			<Type>PLE_ARROW_DOWN</Type>
			<Path>Art/PlotListEnhancements/arrowdown.dds</Path>
		</InterfaceArtInfo>
		<InterfaceArtInfo>
			<Type>PLE_ARROW_UP</Type>
			<Path>Art/PlotListEnhancements/arrowup.dds</Path>
		</InterfaceArtInfo>

		<!-- View Modes -->

		<InterfaceArtInfo>
			<Type>PLE_MODE_STACK_VERT</Type>
			<Path>Art/PlotListEnhancements/PLE_MODE_STACK_VERT.dds</Path>
		</InterfaceArtInfo>
		<InterfaceArtInfo>
			<Type>PLE_MODE_STACK_HORIZ</Type>
			<Path>Art/PlotListEnhancements/PLE_MODE_STACK_HORIZ.dds</Path>
		</InterfaceArtInfo>
		<InterfaceArtInfo>
			<Type>PLE_MODE_STANDARD</Type>
			<Path>Art/PlotListEnhancements/PLE_MODE_STANDARD.dds</Path>
		</InterfaceArtInfo>
		<InterfaceArtInfo>
			<Type>PLE_MODE_MULTILINE</Type>
			<Path>Art/PlotListEnhancements/PLE_MODE_MULTILINE.dds</Path>
		</InterfaceArtInfo>

		<!-- Icon Adornments -->

		<InterfaceArtInfo>
			<Type>OVERLAY_PROMOTION_FRAME</Type>
			<Path>Art/PlotListEnhancements/frame_promo.dds</Path>
		</InterfaceArtInfo>
		<InterfaceArtInfo>
			<Type>OVERLAY_UPGRADE</Type>
			<Path>Art/PlotListEnhancements/PLE_overlay_upgrade.dds</Path>
		</InterfaceArtInfo>

		<!-- Mission Tags -->

		<InterfaceArtInfo>
			<Type>OVERLAY_ACTION_SKIP</Type>
			<Path>Art/PlotListEnhancements/medallion_action_skip.dds</Path>
		</InterfaceArtInfo>
		<InterfaceArtInfo>
			<Type>OVERLAY_ACTION_SLEEP</Type>
			<Path>Art/PlotListEnhancements/medallion_action_sleep.dds</Path>
		</InterfaceArtInfo>
		<InterfaceArtInfo>
			<Type>OVERLAY_ACTION_GOTO</Type>
			<Path>Art/PlotListEnhancements/medallion_action_goto.dds</Path>
		</InterfaceArtInfo>
		<InterfaceArtInfo>
			<Type>OVERLAY_ACTION_FORTIFY</Type>
			<Path>Art/PlotListEnhancements/medallion_action_fortify.dds</Path>
		</InterfaceArtInfo>
		<InterfaceArtInfo>
			<Type>OVERLAY_ACTION_SENTRY</Type>
			<Path>Art/PlotListEnhancements/medallion_action_sentry.dds</Path>
		</InterfaceArtInfo>
		<InterfaceArtInfo>
			<Type>OVERLAY_ACTION_HEAL</Type>
			<Path>Art/PlotListEnhancements/medallion_action_heal.dds</Path>
		</InterfaceArtInfo>
		<InterfaceArtInfo>
			<Type>OVERLAY_ACTION_BUILD</Type>
			<Path>Art/PlotListEnhancements/medallion_action_build.dds</Path>
		</InterfaceArtInfo>
		<InterfaceArtInfo>
			<Type>OVERLAY_ACTION_AUTO_BUILD</Type>
			<Path>Art/PlotListEnhancements/medallion_action_auto_build.dds</Path>
		</InterfaceArtInfo>
		<InterfaceArtInfo>
			<Type>OVERLAY_ACTION_AUTO_CITY</Type>
			<Path>Art/PlotListEnhancements/medallion_action_auto_city.dds</Path>
		</InterfaceArtInfo>
		<InterfaceArtInfo>
			<Type>OVERLAY_ACTION_AUTO_NETWORK</Type>
			<Path>Art/PlotListEnhancements/medallion_action_auto_network.dds</Path>
		</InterfaceArtInfo>
		<InterfaceArtInfo>
			<Type>OVERLAY_ACTION_AUTO_RELIGION</Type>
			<Path>Art/PlotListEnhancements/medallion_action_auto_religion.dds</Path>
		</InterfaceArtInfo>
		<InterfaceArtInfo>
			<Type>OVERLAY_ACTION_EXPLORE</Type>
			<Path>Art/PlotListEnhancements/medallion_action_explore.dds</Path>
		</InterfaceArtInfo>
		<InterfaceArtInfo>
			<Type>OVERLAY_ACTION_INTERCEPT</Type>
			<Path>Art/PlotListEnhancements/medallion_action_intercept.dds</Path>
		</InterfaceArtInfo>
		<InterfaceArtInfo>
			<Type>OVERLAY_ACTION_PATROL</Type>
			<Path>Art/PlotListEnhancements/medallion_action_patrol.dds</Path>
		</InterfaceArtInfo>
		<InterfaceArtInfo>
			<Type>OVERLAY_ACTION_PLUNDER</Type>
			<Path>Art/PlotListEnhancements/medallion_action_blockade.dds</Path>
		</InterfaceArtInfo>

		<!-- Movement Dots -->

		<InterfaceArtInfo>
			<Type>OVERLAY_MOVE_INJURED</Type>
			<Path>Art/PlotListEnhancements/Medallion_canmove_injured.dds</Path>
		</InterfaceArtInfo>
		<InterfaceArtInfo>
			<Type>OVERLAY_HASMOVED_INJURED</Type>
			<Path>Art/PlotListEnhancements/medallion_hasmoved_injured.dds</Path>
		</InterfaceArtInfo>
		<InterfaceArtInfo>
			<Type>OVERLAY_NOMOVE_INJURED</Type>
			<Path>Art/PlotListEnhancements/medallion_cantmove_injured.dds</Path>
		</InterfaceArtInfo>
		<InterfaceArtInfo>
			<Type>OVERLAY_FORTIFY_INJURED</Type>
			<Path>Art/PlotListEnhancements/medallion_fortify_injured.dds</Path>
		</InterfaceArtInfo>
		<InterfaceArtInfo>
			<Type>OVERLAY_MOVE_GG</Type>
			<Path>Art/PlotListEnhancements/Medallion_canmove_GG.dds</Path>
		</InterfaceArtInfo>
		<InterfaceArtInfo>
			<Type>OVERLAY_HASMOVED_GG</Type>
			<Path>Art/PlotListEnhancements/medallion_hasmoved_GG.dds</Path>
		</InterfaceArtInfo>
		<InterfaceArtInfo>
			<Type>OVERLAY_NOMOVE_GG</Type>
			<Path>Art/PlotListEnhancements/medallion_cantmove_GG.dds</Path>
		</InterfaceArtInfo>
		<InterfaceArtInfo>
			<Type>OVERLAY_FORTIFY_GG</Type>
			<Path>Art/PlotListEnhancements/medallion_fortify_GG.dds</Path>
		</InterfaceArtInfo>
		<InterfaceArtInfo>
			<Type>OVERLAY_MOVE_INJURED_GG</Type>
			<Path>Art/PlotListEnhancements/Medallion_canmove_injured_GG.dds</Path>
		</InterfaceArtInfo>
		<InterfaceArtInfo>
			<Type>OVERLAY_HASMOVED_INJURED_GG</Type>
			<Path>Art/PlotListEnhancements/medallion_hasmoved_injured_GG.dds</Path>
		</InterfaceArtInfo>
		<InterfaceArtInfo>
			<Type>OVERLAY_NOMOVE_INJURED_GG</Type>
			<Path>Art/PlotListEnhancements/medallion_cantmove_injured_GG.dds</Path>
		</InterfaceArtInfo>
		<InterfaceArtInfo>
			<Type>OVERLAY_FORTIFY_INJURED_GG</Type>
			<Path>Art/PlotListEnhancements/medallion_fortify_injured_GG.dds</Path>
		</InterfaceArtInfo>

<!-- BUG - PLE - end -->

<!-- BUG - Tech Advisor - start -->

		<InterfaceArtInfo>
			<Type>DISCOVER_TECHNOLOGY_BUTTON</Type>
			<Path>Art/Interface/Buttons/Actions/Discover.dds</Path>
		</InterfaceArtInfo>

<!-- BUG - Tech Advisor - end -->

<!-- BUG - Sevopedia - start -->

		<InterfaceArtInfo>
			<Type>LINE_TLBR</Type>
			<Path>Art/Interface/UnitUpgradesGraph/line-tlbr.dds</Path>
		</InterfaceArtInfo>
		<InterfaceArtInfo>
			<Type>LINE_BLTR</Type>
			<Path>Art/Interface/UnitUpgradesGraph/line-bltr.dds</Path>
		</InterfaceArtInfo>
		<InterfaceArtInfo>
			<Type>LINE_STRAIT</Type>
			<Path>Art/Interface/UnitUpgradesGraph/line-strait.dds</Path>
		</InterfaceArtInfo>
		<InterfaceArtInfo>
			<Type>LINE_ARROW</Type>
			<Path>Art/Interface/UnitUpgradesGraph/line-arrow.dds</Path>
		</InterfaceArtInfo>

<!-- BUG - Sevopedia - end -->

<!-- BUG - specialists  - start  -->

		<InterfaceArtInfo>
			<Type>OVERLAY_CHEVRON5</Type>
			<Path>Art/Interface/screens/medallion_Chevron5.dds</Path>
		</InterfaceArtInfo>	
		<InterfaceArtInfo>
			<Type>OVERLAY_CHEVRON10</Type>
			<Path>Art/Interface/screens/medallion_Chevron10.dds</Path>
		</InterfaceArtInfo>	
		<InterfaceArtInfo>
			<Type>OVERLAY_CHEVRON20</Type>
			<Path>Art/Interface/screens/medallion_Chevron20.dds</Path>
		</InterfaceArtInfo>	

<!-- BUG - specialists  - end  -->		

<!-- BUG - Raw Yields - start -->

		<InterfaceArtInfo>
			<Type>RAW_YIELDS_TRADE</Type>
			<Path>Art/Interface/RawYields/button_trade.dds</Path>
		</InterfaceArtInfo>
		<InterfaceArtInfo>
			<Type>RAW_YIELDS_FOOD</Type>
			<Path>Art/Interface/RawYields/button_food.dds</Path>
		</InterfaceArtInfo>
		<InterfaceArtInfo>
			<Type>RAW_YIELDS_PRODUCTION</Type>
			<Path>Art/Interface/RawYields/button_production.dds</Path>
		</InterfaceArtInfo>
		<InterfaceArtInfo>
			<Type>RAW_YIELDS_COMMERCE</Type>
			<Path>Art/Interface/RawYields/button_commerce.dds</Path>
		</InterfaceArtInfo>
		<InterfaceArtInfo>
			<Type>RAW_YIELDS_WORKED_TILES</Type>
			<Path>Art/Interface/RawYields/button_worked_tiles.dds</Path>
		</InterfaceArtInfo>
		<InterfaceArtInfo>
			<Type>RAW_YIELDS_CITY_TILES</Type>
			<Path>Art/Interface/RawYields/button_city_tiles.dds</Path>
		</InterfaceArtInfo>
		<InterfaceArtInfo>
			<Type>RAW_YIELDS_OWNED_TILES</Type>
			<Path>Art/Interface/RawYields/button_all_tiles.dds</Path>
		</InterfaceArtInfo>
		<InterfaceArtInfo>
			<Type>RAW_YIELDS_ALL_TILES</Type>
			<Path>Art/Interface/RawYields/button_all_tiles.dds</Path>
		</InterfaceArtInfo>
		<InterfaceArtInfo>
			<Type>RAW_YIELDS_HIGHLIGHT</Type>
			<Path>Art/Interface/RawYields/button_highlight.dds</Path>
		</InterfaceArtInfo>

<!-- BUG - Raw Yields - end -->			

<!-- BUG - Wonders Tab - start -->			
		<InterfaceArtInfo>
			<Type>BUG_WORLDWONDER_OFF</Type>
			<Path>Art/BUG/World_Off.dds</Path>
		</InterfaceArtInfo>
		<InterfaceArtInfo>
			<Type>BUG_WORLDWONDER_ON</Type>
			<Path>Art/BUG/World_On.dds</Path>
		</InterfaceArtInfo>
		<InterfaceArtInfo>
			<Type>BUG_NATWONDER_OFF</Type>
			<Path>Art/BUG/National_Off.dds</Path>
		</InterfaceArtInfo>
		<InterfaceArtInfo>
			<Type>BUG_NATWONDER_ON</Type>
			<Path>Art/BUG/National_On.dds</Path>
		</InterfaceArtInfo>
		<InterfaceArtInfo>
			<Type>BUG_PROJECT_OFF</Type>
			<Path>Art/BUG/Projects_Off.dds</Path>
		</InterfaceArtInfo>
		<InterfaceArtInfo>
			<Type>BUG_PROJECT_ON</Type>
			<Path>Art/BUG/Projects_On.dds</Path>
		</InterfaceArtInfo>
<!-- BUG - Wonders Tab - end -->			

<!-- BUG - Main Interface - BUG Options Screen - Start -->			
		<InterfaceArtInfo>
			<Type>BUG_OPTIONS_SCREEN_BUTTON</Type>
			<Path>Art/BUG/options.dds</Path>
		</InterfaceArtInfo>
<!-- BUG - Main Interface - BUG Options Screen - end -->			

		<InterfaceArtInfo>
			<Type>QUESTION_MARK</Type>
			<Path>Art/BUG/QuestionMark.dds</Path>
		</InterfaceArtInfo>
		<InterfaceArtInfo>
			<Type>INTERFACE_BUTTON_NULL</Type>
			<Path>Art/BUG/Null.dds</Path>
		</InterfaceArtInfo>

	</InterfaceArtInfos>
</Civ4ArtDefines>
