<?xml version="1.0"?>
<!-- edited with XMLSPY v2004 rel. 2 U (http://www.xmlspy.com) by lcollins (Firaxis Games) -->
<!-- Sid Meier's Civilization 4 -->
<!-- Copyright Firaxis Games 2005 -->
<!-- -->
<!-- Basic Infos -->
<Civ4NewConceptInfos xmlns="x-schema:CIV4BasicInfoSchema.xml">
	<NewConceptInfos>
		<NewConceptInfo>
			<Type>CONCEPT_ESPIONAGE</Type>
			<Description>TXT_KEY_ESPIONAGE_CULTURE</Description>
			<Civilopedia>TXT_KEY_CONCEPT_ESPIONAGE_PEDIA_SR</Civilopedia>
		</NewConceptInfo>
		<NewConceptInfo>
			<Type>CONCEPT_COLONIES</Type>
			<Description>TXT_KEY_CONCEPT_COLONIES</Description>
			<Civilopedia>TXT_KEY_CONCEPT_COLONIES_PEDIA</Civilopedia>
		</NewConceptInfo>
		<NewConceptInfo>
			<Type>CONCEPT_CORPORATIONS</Type>
			<Description>TXT_KEY_CONCEPT_CORPORATIONS</Description>
			<Civilopedia>TXT_KEY_CONCEPT_CORPORATIONS_PEDIA</Civilopedia>
		</NewConceptInfo>
		<NewConceptInfo>
			<Type>CONCEPT_SEA_TRADE</Type>
			<Description>TXT_KEY_CONCEPT_SEA_TRADE</Description>
			<Civilopedia>TXT_KEY_CONCEPT_SEA_TRADE_PEDIA_TR</Civilopedia>
		</NewConceptInfo>
		<NewConceptInfo>
			<Type>CONCEPT_FLANK_ATTACK</Type>
			<Description>TXT_KEY_CONCEPT_FLANK_ATTACK</Description>
			<Civilopedia>TXT_KEY_CONCEPT_FLANK_ATTACK_PEDIA</Civilopedia>
		</NewConceptInfo>
		<NewConceptInfo>
			<Type>CONCEPT_GREAT_SPY</Type>
			<Description>TXT_KEY_CONCEPT_GREAT_SPY</Description>
			<Civilopedia>TXT_KEY_CONCEPT_GREAT_SPY_PEDIA</Civilopedia>
		</NewConceptInfo>
		<NewConceptInfo>
			<Type>CONCEPT_LATE_START</Type>
			<Description>TXT_KEY_CONCEPT_LATE_START</Description>
			<Civilopedia>TXT_KEY_CONCEPT_LATE_START_PEDIA</Civilopedia>
		</NewConceptInfo>
		<NewConceptInfo>
			<Type>CONCEPT_EVENTS</Type>
			<Description>TXT_KEY_CONCEPT_EVENTS</Description>
			<Civilopedia>TXT_KEY_CONCEPT_EVENTS_PEDIA</Civilopedia>
		</NewConceptInfo>
		<NewConceptInfo>
			<Type>CONCEPT_AIR_COMBAT</Type>
			<Description>TXT_KEY_CONCEPT_AIR_COMBAT</Description>
			<Civilopedia>TXT_KEY_CONCEPT_AIR_COMBAT_PEDIA_SR</Civilopedia>
		</NewConceptInfo>
		<NewConceptInfo>
			<Type>CONCEPT_AIR_PROMOTIONS</Type>
			<Description>TXT_KEY_CONCEPT_AIR_PROMOTIONS</Description>
			<Civilopedia>TXT_KEY_CONCEPT_AIR_PROMOTIONS_PEDIA</Civilopedia>
		</NewConceptInfo>
		<NewConceptInfo>
			<Type>CONCEPT_BTS_BUILDINGS</Type>
			<Description>TXT_KEY_BTS_BUILDINGS</Description>
			<Civilopedia>TXT_KEY_BTS_BUILDINGS_PEDIA</Civilopedia>
		</NewConceptInfo>
		<NewConceptInfo>
			<Type>CONCEPT_BTS_CIVS</Type>
			<Description>TXT_KEY_BTS_CIVS</Description>
			<Civilopedia>TXT_KEY_BTS_CIVS_PEDIA</Civilopedia>
		</NewConceptInfo>
		<NewConceptInfo>
			<Type>CONCEPT_BTS_UNITS</Type>
			<Description>TXT_KEY_BTS_UNITS</Description>
			<Civilopedia>TXT_KEY_BTS_UNITS_PEDIA</Civilopedia>
		</NewConceptInfo>
		<NewConceptInfo>
			<Type>CONCEPT_BTS_LEADERS</Type>
			<Description>TXT_KEY_BTS_LEADERS</Description>
			<Civilopedia>TXT_KEY_BTS_LEADERS_PEDIA</Civilopedia>
		</NewConceptInfo>
		<NewConceptInfo>
			<Type>CONCEPT_BTS_WONDERS</Type>
			<Description>TXT_KEY_BTS_WONDERS</Description>
			<Civilopedia>TXT_KEY_BTS_WONDERS_PEDIA</Civilopedia>
		</NewConceptInfo>
		<NewConceptInfo>
			<Type>CONCEPT_BTS_TECHS</Type>
			<Description>TXT_KEY_BTS_TECHS</Description>
			<Civilopedia>TXT_KEY_BTS_TECHS_PEDIA</Civilopedia>
		</NewConceptInfo>
		<NewConceptInfo>
			<Type>CONCEPT_BTS_RULES_CHANGES</Type>
			<Description>TXT_KEY_BTS_RULES_CHANGES</Description>
			<Civilopedia>TXT_KEY_BTS_RULES_CHANGES_PEDIA_SR</Civilopedia>
		</NewConceptInfo>
		<NewConceptInfo>
			<Type>CONCEPT_BTS_FOREST_PRESERVE</Type>
			<Description>TXT_KEY_BTS_FOREST_PRESERVE</Description>
			<Civilopedia>TXT_KEY_BTS_FOREST_PRESERVE_PEDIA</Civilopedia>
		</NewConceptInfo>
		<NewConceptInfo>
			<Type>CONCEPT_APOSTOLIC_PALACE</Type>
			<Description>TXT_KEY_CONCEPT_APOSTOLIC_PALACE</Description>
			<Civilopedia>TXT_KEY_CONCEPT_APOSTOLIC_PALACE_PEDIA</Civilopedia>
		</NewConceptInfo>
		<NewConceptInfo>
			<Type>CONCEPT_FORT</Type>
			<Description>TXT_KEY_CONCEPT_FORT</Description>
			<Civilopedia>TXT_KEY_CONCEPT_FORT_PEDIA</Civilopedia>
		</NewConceptInfo>
		<NewConceptInfo>
			<Type>CONCEPT_LIBERATION</Type>
			<Description>TXT_KEY_CONCEPT_LIBERATION</Description>
			<Civilopedia>TXT_KEY_CONCEPT_LIBERATION_PEDIA</Civilopedia>
		</NewConceptInfo>
		<!-- advc.004y: Shortcut categories restored (originally by
			 Ekmek) -->
		<NewConceptInfo>
			<Type>CONCEPT_SHORTCUTS_ADVISORS</Type>
			<Description>TXT_KEY_SHORTCUTS_ADVISORS</Description>
			<Civilopedia>TXT_KEY_SHORTCUTS_ADVISORS_PEDIA</Civilopedia>
		</NewConceptInfo>
		<NewConceptInfo>
			<Type>CONCEPT_SHORTCUTS_UNITS</Type>
			<Description>TXT_KEY_SHORTCUTS_UNITS</Description>
			<Civilopedia>TXT_KEY_SHORTCUTS_UNITS_PEDIA</Civilopedia>
		</NewConceptInfo>
		<NewConceptInfo>
			<Type>CONCEPT_SHORTCUTS_CITYSCREEN</Type>
			<Description>TXT_KEY_SHORTCUTS_CITYSCREEN</Description>
			<Civilopedia>TXT_KEY_SHORTCUTS_CITYSCREEN_PEDIA</Civilopedia>
		</NewConceptInfo>
		<NewConceptInfo>
			<Type>CONCEPT_SHORTCUTS_MOUSE</Type>
			<Description>TXT_KEY_SHORTCUTS_MOUSE</Description>
			<Civilopedia>TXT_KEY_SHORTCUTS_MOUSE_PEDIA</Civilopedia>
		</NewConceptInfo>
		<NewConceptInfo>
			<Type>CONCEPT_SHORTCUTS_BUG</Type>
			<Description>TXT_KEY_SHORTCUTS_BUG</Description>
			<Civilopedia>TXT_KEY_SHORTCUTS_BUG_PEDIA</Civilopedia>
		</NewConceptInfo>
		<NewConceptInfo>
			<Type>CONCEPT_SHORTCUTS_MAP</Type>
			<Description>TXT_KEY_SHORTCUTS_MAP</Description>
			<Civilopedia>TXT_KEY_SHORTCUTS_MAP_PEDIA</Civilopedia>
		</NewConceptInfo>
		<NewConceptInfo>
			<Type>CONCEPT_SHORTCUTS_GAME</Type>
			<Description>TXT_KEY_SHORTCUTS_GAME</Description>
			<Civilopedia>TXT_KEY_SHORTCUTS_GAME_PEDIA</Civilopedia>
		</NewConceptInfo>
		<NewConceptInfo>
			<Type>CONCEPT_SHORTCUTS_CAMERA</Type>
			<Description>TXT_KEY_SHORTCUTS_CAMERA</Description>
			<Civilopedia>TXT_KEY_SHORTCUTS_CAMERA_PEDIA</Civilopedia>
		</NewConceptInfo>
		<NewConceptInfo>
			<Type>CONCEPT_SHORTCUTS_MP</Type>
			<Description>TXT_KEY_SHORTCUTS_MP</Description>
			<Civilopedia>TXT_KEY_SHORTCUTS_MP_PEDIA</Civilopedia>
		</NewConceptInfo>
		<!-- advc.004y: Trait categories restored -->
		<NewConceptInfo>
			<Type>CONCEPT_TRAIT_AGGRESSIVE</Type>
			<Description>TXT_KEY_TRAIT_AGGRESSIVE</Description>
			<Civilopedia>TXT_KEY_TRAIT_AGGRESSIVE_PEDIA</Civilopedia>
		</NewConceptInfo>
		<NewConceptInfo>
			<Type>CONCEPT_TRAIT_CHARISMATIC</Type>
			<Description>TXT_KEY_TRAIT_CHARISMATIC</Description>
			<Civilopedia>TXT_KEY_TRAIT_CHARISMATIC_PEDIA</Civilopedia>
		</NewConceptInfo>
		<NewConceptInfo>
			<Type>CONCEPT_TRAIT_CREATIVE</Type>
			<Description>TXT_KEY_TRAIT_CREATIVE</Description>
			<Civilopedia>TXT_KEY_TRAIT_CREATIVE_PEDIA</Civilopedia>
		</NewConceptInfo>
		<NewConceptInfo>
			<Type>CONCEPT_TRAIT_EXPANSIVE</Type>
			<Description>TXT_KEY_TRAIT_EXPANSIVE</Description>
			<Civilopedia>TXT_KEY_TRAIT_EXPANSIVE_PEDIA</Civilopedia>
		</NewConceptInfo>
		<NewConceptInfo>
			<Type>CONCEPT_TRAIT_FINANCIAL</Type>
			<Description>TXT_KEY_TRAIT_FINANCIAL</Description>
			<Civilopedia>TXT_KEY_TRAIT_FINANCIAL_PEDIA</Civilopedia>
		</NewConceptInfo>
		<NewConceptInfo>
			<Type>CONCEPT_TRAIT_IMPERIALIST</Type>
			<Description>TXT_KEY_TRAIT_IMPERIALIST</Description>
			<Civilopedia>TXT_KEY_TRAIT_IMPERIALIST_PEDIA</Civilopedia>
		</NewConceptInfo>
		<NewConceptInfo>
			<Type>CONCEPT_TRAIT_INDUSTRIOUS</Type>
			<Description>TXT_KEY_TRAIT_INDUSTRIOUS</Description>
			<Civilopedia>TXT_KEY_TRAIT_INDUSTRIOUS_PEDIA</Civilopedia>
		</NewConceptInfo>
		<NewConceptInfo>
			<Type>CONCEPT_TRAIT_ORGANIZED</Type>
			<Description>TXT_KEY_TRAIT_ORGANIZED</Description>
			<Civilopedia>TXT_KEY_TRAIT_ORGANIZED_PEDIA</Civilopedia>
		</NewConceptInfo>
		<NewConceptInfo>
			<Type>CONCEPT_TRAIT_PHILOSOPHICAL</Type>
			<Description>TXT_KEY_TRAIT_PHILOSOPHICAL</Description>
			<Civilopedia>TXT_KEY_TRAIT_PHILOSOPHICAL_PEDIA</Civilopedia>
		</NewConceptInfo>
		<NewConceptInfo>
			<Type>CONCEPT_TRAIT_PROTECTIVE</Type>
			<Description>TXT_KEY_TRAIT_PROTECTIVE</Description>
			<Civilopedia>TXT_KEY_TRAIT_PROTECTIVE_PEDIA</Civilopedia>
		</NewConceptInfo>
		<NewConceptInfo>
			<Type>CONCEPT_TRAIT_SPIRITUAL</Type>
			<Description>TXT_KEY_TRAIT_SPIRITUAL</Description>
			<Civilopedia>TXT_KEY_TRAIT_SPIRITUAL_PEDIA</Civilopedia>
		</NewConceptInfo>
	</NewConceptInfos>
</Civ4NewConceptInfos>
