<?xml version="1.0"?>
<!-- edited with XMLSPY v2004 rel. 2 U (http://www.xmlspy.com) by Firaxis Games (Firaxis Games) -->
<!-- Sid Meier's Civilization 4 -->
<!-- Copyright Firaxis Games 2005 -->
<!-- -->
<!-- Color Vals -->
<!-- advc.002i: Most of the player colors changed (see comments below). See the
	 BtS Civ4ColorVals for the original values (K-Mod didn't change any
	 colors). Change all the player text colors. -->
<Civ4ColorVals xmlns="x-schema:CIV4InterfaceSchema.xml">
	<ColorVals>
		<ColorVal>
			<Type>COLOR_CLEAR</Type>
			<fRed>1.00</fRed>
			<fGreen>1.00</fGreen>
			<fBlue>1.00</fBlue>
			<fAlpha>0.00</fAlpha>
		</ColorVal>
		<ColorVal>
			<Type>COLOR_ALPHA_GREY</Type>
			<fRed>0.1</fRed>
			<fGreen>0.1</fGreen>
			<fBlue>0.1</fBlue>
			<fAlpha>0.45</fAlpha>
		</ColorVal>
		<ColorVal>
			<Type>COLOR_WHITE</Type>
			<fRed>1.00</fRed>
			<fGreen>1.00</fGreen>
			<fBlue>1.00</fBlue>
			<fAlpha>1.00</fAlpha>
		</ColorVal>
		<ColorVal>
			<Type>COLOR_BLACK</Type>
			<fRed>0.00</fRed>
			<fGreen>0.00</fGreen>
			<fBlue>0.00</fBlue>
			<fAlpha>1.00</fAlpha>
		</ColorVal>
		<ColorVal>
			<Type>COLOR_DARK_GREY</Type>
			<fRed>0.25</fRed>
			<fGreen>0.25</fGreen>
			<fBlue>0.25</fBlue>
			<fAlpha>1.00</fAlpha>
		</ColorVal>
		<ColorVal>
			<Type>COLOR_GREY</Type>
			<fRed>0.5</fRed>
			<fGreen>0.5</fGreen>
			<fBlue>0.5</fBlue>
			<fAlpha>1.00</fAlpha>
		</ColorVal>
		<ColorVal>
			<Type>COLOR_LIGHT_GREY</Type>
			<fRed>0.75</fRed>
			<fGreen>0.75</fGreen>
			<fBlue>0.75</fBlue>
			<fAlpha>1.00</fAlpha>
		</ColorVal>
		<ColorVal>
			<Type>COLOR_RED</Type>
			<fRed>1.00</fRed>
			<fGreen>0.00</fGreen>
			<fBlue>0.00</fBlue>
			<fAlpha>1.00</fAlpha>
		</ColorVal>
		<ColorVal>
			<Type>COLOR_GREEN</Type>
			<fRed>0.00</fRed>
			<fGreen>1.00</fGreen>
			<fBlue>0.00</fBlue>
			<fAlpha>1.00</fAlpha>
		</ColorVal>
		<ColorVal>
			<Type>COLOR_BLUE</Type>
			<fRed>0.00</fRed>
			<fGreen>0.00</fGreen>
			<fBlue>1.00</fBlue>
			<fAlpha>1.00</fAlpha>
		</ColorVal>
		<ColorVal>
			<Type>COLOR_CYAN</Type>
			<fRed>0.00</fRed>
			<fGreen>1.00</fGreen>
			<fBlue>1.00</fBlue>
			<fAlpha>1.00</fAlpha>
		</ColorVal>
		<ColorVal>
			<Type>COLOR_YELLOW</Type>
			<fRed>1.00</fRed>
			<fGreen>1.00</fGreen>
			<fBlue>0.00</fBlue>
			<fAlpha>1.00</fAlpha>
		</ColorVal>
		<ColorVal>
			<Type>COLOR_MAGENTA</Type>
			<fRed>1.00</fRed>
			<fGreen>0.00</fGreen>
			<fBlue>1.00</fBlue>
			<fAlpha>1.00</fAlpha>
		</ColorVal>
		<ColorVal>
			<Type>COLOR_YIELD_FOOD</Type>
			<fRed>0.99</fRed>
			<fGreen>0.58</fGreen>
			<fBlue>0.16</fBlue>
			<fAlpha>1.00</fAlpha>
		</ColorVal>
		<ColorVal>
			<Type>COLOR_YIELD_PRODUCTION</Type>
			<fRed>0.44</fRed>
			<fGreen>0.56</fGreen>
			<fBlue>0.74</fBlue>
			<fAlpha>1.00</fAlpha>
		</ColorVal>
		<ColorVal>
			<Type>COLOR_YIELD_COMMERCE</Type>
			<fRed>1.00</fRed>
			<fGreen>0.94</fGreen>
			<fBlue>0.08</fBlue>
			<fAlpha>1.00</fAlpha>
		</ColorVal>
		<ColorVal>
			<Type>COLOR_CITY_BLUE</Type>
			<fRed>0.07</fRed>
			<fGreen>0.46</fGreen>
			<fBlue>0.80</fBlue>
			<fAlpha>1.00</fAlpha>
		</ColorVal>
		<ColorVal>
			<Type>COLOR_CITY_GREY</Type>
			<fRed>0.35</fRed>
			<fGreen>0.25</fGreen>
			<fBlue>0.25</fBlue>
			<fAlpha>1.00</fAlpha>
		</ColorVal>
		<ColorVal>
			<Type>COLOR_CITY_BROWN</Type>
			<fRed>0.70</fRed>
			<fGreen>0.45</fGreen>
			<fBlue>0.00</fBlue>
			<fAlpha>1.00</fAlpha>
		</ColorVal>
		<ColorVal>
			<Type>COLOR_CITY_GREEN</Type>
			<fRed>0.18</fRed>
			<fGreen>0.53</fGreen>
			<fBlue>0.42</fBlue>
			<fAlpha>1.00</fAlpha>
		</ColorVal>
		<ColorVal>
			<Type>COLOR_FONT_RED</Type>
			<fRed>1.00</fRed>
			<fGreen>0.30</fGreen>
			<fBlue>0.15</fBlue>
			<fAlpha>1.00</fAlpha>
		</ColorVal>
		<ColorVal>
			<Type>COLOR_FONT_GREEN</Type>
			<fRed>0.10</fRed>
			<fGreen>0.95</fGreen>
			<fBlue>0.00</fBlue>
			<fAlpha>1.00</fAlpha>
		</ColorVal>
		<!-- advc.002i: was 0,90,20 -->
		<ColorVal>
			<Type>COLOR_RESEARCH_STORED</Type>
			<fRed>0.00</fRed>
			<fGreen>0.82</fGreen>
			<fBlue>0.35</fBlue>
			<fAlpha>1.00</fAlpha>
		</ColorVal>
		<!-- advc.002i: Alpha was 0.6 -->
		<ColorVal>
			<Type>COLOR_RESEARCH_RATE</Type>
			<fRed>0.00</fRed>
			<fGreen>0.90</fGreen>
			<fBlue>0.20</fBlue>
			<fAlpha>0.50</fAlpha>
		</ColorVal>
		<ColorVal>
			<Type>COLOR_CULTURE_STORED</Type>
			<fRed>0.60</fRed>
			<fGreen>0.00</fGreen>
			<fBlue>1.00</fBlue>
			<fAlpha>1.00</fAlpha>
		</ColorVal>
		<ColorVal>
			<Type>COLOR_CULTURE_RATE</Type>
			<fRed>0.60</fRed>
			<fGreen>0.00</fGreen>
			<fBlue>1.00</fBlue>
			<fAlpha>0.60</fAlpha>
		</ColorVal>
		<ColorVal>
			<Type>COLOR_GREAT_PEOPLE_STORED</Type>
			<fRed>1.00</fRed>
			<fGreen>1.00</fGreen>
			<fBlue>0.00</fBlue>
			<fAlpha>1.00</fAlpha>
		</ColorVal>
		<ColorVal>
			<Type>COLOR_GREAT_PEOPLE_RATE</Type>
			<fRed>1.00</fRed>
			<fGreen>1.00</fGreen>
			<fBlue>0.00</fBlue>
			<fAlpha>0.60</fAlpha>
		</ColorVal>
		<ColorVal>
			<Type>COLOR_NEGATIVE_RATE</Type>
			<fRed>1.00</fRed>
			<fGreen>0.00</fGreen>
			<fBlue>0.00</fBlue>
			<fAlpha>0.65</fAlpha>
		</ColorVal>
		<ColorVal>
			<Type>COLOR_EMPTY</Type>
			<fRed>0.0</fRed>
			<fGreen>0.0</fGreen>
			<fBlue>0.0</fBlue>
			<fAlpha>0.40</fAlpha>
		</ColorVal>
		<ColorVal>
			<Type>COLOR_POPUP_TEXT</Type>
			<fRed>1.00</fRed>
			<fGreen>1.00</fGreen>
			<fBlue>1.00</fBlue>
			<fAlpha>1.00</fAlpha>
		</ColorVal>
		<ColorVal>
			<Type>COLOR_POPUP_SELECTED</Type>
			<fRed>1.00</fRed>
			<fGreen>1.00</fGreen>
			<fBlue>0.00</fBlue>
			<fAlpha>0.75</fAlpha>
		</ColorVal>
		<ColorVal>
			<Type>COLOR_TECH_TEXT</Type>
			<fRed>0.50</fRed>
			<fGreen>1.00</fGreen>
			<fBlue>0.10</fBlue>
			<fAlpha>1.00</fAlpha>
		</ColorVal>
		<ColorVal>
			<Type>COLOR_UNIT_TEXT</Type>
			<fRed>1.00</fRed>
			<fGreen>1.00</fGreen>
			<fBlue>0.00</fBlue>
			<fAlpha>1.00</fAlpha>
		</ColorVal>
		<ColorVal>
			<Type>COLOR_BUILDING_TEXT</Type>
			<fRed>0.80</fRed>
			<fGreen>0.80</fGreen>
			<fBlue>0.85</fBlue>
			<fAlpha>1.00</fAlpha>
		</ColorVal>
		<ColorVal>
			<Type>COLOR_PROJECT_TEXT</Type>
			<fRed>0.80</fRed>
			<fGreen>0.80</fGreen>
			<fBlue>0.85</fBlue>
			<fAlpha>1.00</fAlpha>
		</ColorVal>
		<ColorVal>
			<Type>COLOR_HIGHLIGHT_TEXT</Type>
			<fRed>0.40</fRed>
			<fGreen>0.90</fGreen>
			<fBlue>1.00</fBlue>
			<fAlpha>1.00</fAlpha>
		</ColorVal>
		<!-- advc.106: Was 50,100,10%; unpleasantly bright. -->
		<ColorVal>
			<Type>COLOR_ALT_HIGHLIGHT_TEXT</Type>
			<fRed>0.25</fRed>
			<fGreen>0.96</fGreen>
			<fBlue>0.35</fBlue>
			<fAlpha>1.00</fAlpha>
		</ColorVal>
		<ColorVal>
			<Type>COLOR_WARNING_TEXT</Type>
			<fRed>1.00</fRed>
			<fGreen>0.30</fGreen>
			<fBlue>0.30</fBlue>
			<fAlpha>1.00</fAlpha>
		</ColorVal>
		<ColorVal>
			<Type>COLOR_POSITIVE_TEXT</Type>
			<fRed>0.50</fRed>
			<fGreen>1.00</fGreen>
			<fBlue>0.10</fBlue>
			<fAlpha>1.00</fAlpha>
		</ColorVal>
		<ColorVal>
			<Type>COLOR_NEGATIVE_TEXT</Type>
			<fRed>1.00</fRed>
			<fGreen>0.30</fGreen>
			<fBlue>0.30</fBlue>
			<fAlpha>1.00</fAlpha>
		</ColorVal>
		<ColorVal>
			<Type>COLOR_BROWN_TEXT</Type>
			<fRed>0.40</fRed>
			<fGreen>0.24</fGreen>
			<fBlue>0.16</fBlue>
			<fAlpha>1.00</fAlpha>
		</ColorVal>
		<ColorVal>
			<Type>COLOR_SELECTED_TEXT</Type>
			<fRed>1.00</fRed>
			<fGreen>0.82</fGreen>
			<fBlue>0.49</fBlue>
			<fAlpha>1.00</fAlpha>
		</ColorVal>
		<ColorVal>
			<Type>COLOR_WATER_TEXT</Type>
			<fRed>0.70</fRed>
			<fGreen>0.70</fGreen>
			<fBlue>1.00</fBlue>
			<fAlpha>1.00</fAlpha>
		</ColorVal>
		<ColorVal>
			<Type>COLOR_MENU_BLUE</Type>
			<fRed>0.28</fRed>
			<fGreen>0.83</fGreen>
			<fBlue>0.95</fBlue>
			<fAlpha>1.00</fAlpha>
		</ColorVal>
		<ColorVal>
			<Type>COLOR_DAWN_OF_MAN_TEXT</Type>
			<fRed>0.22</fRed>
			<fGreen>0.09</fGreen>
			<fBlue>0.03</fBlue>
			<fAlpha>1.00</fAlpha>
		</ColorVal>
		<ColorVal>
			<Type>COLOR_TECH_GREEN</Type>
			<fRed>0.16</fRed>
			<fGreen>0.70</fGreen>
			<fBlue>0.27</fBlue>
			<fAlpha>0.50</fAlpha>
		</ColorVal>
		<ColorVal>
			<Type>COLOR_TECH_BLUE</Type>
			<fRed>0.21</fRed>
			<fGreen>0.23</fGreen>
			<fBlue>0.68</fBlue>
			<fAlpha>0.50</fAlpha>
		</ColorVal>
		<ColorVal>
			<Type>COLOR_TECH_WORKING</Type>
			<fRed>0.21</fRed>
			<fGreen>0.23</fGreen>
			<fBlue>0.68</fBlue>
			<fAlpha>0.50</fAlpha>
		</ColorVal>
		<ColorVal>
			<Type>COLOR_TECH_BLACK</Type>
			<fRed>0.00</fRed>
			<fGreen>0.00</fGreen>
			<fBlue>0.00</fBlue>
			<fAlpha>0.50</fAlpha>
		</ColorVal>
		<ColorVal>
			<Type>COLOR_TECH_RED</Type>
			<fRed>1.00</fRed>
			<fGreen>0.00</fGreen>
			<fBlue>0.00</fBlue>
			<fAlpha>0.50</fAlpha>
		</ColorVal>
		<ColorVal>
			<Type>COLOR_PLAYER_BLACK</Type>
			<fRed>0.13</fRed>
			<fGreen>0.13</fGreen>
			<fBlue>0.13</fBlue>
			<fAlpha>1.00</fAlpha>
		</ColorVal>
		<ColorVal>
			<Type>COLOR_PLAYER_BLACK_TEXT</Type>
			<fRed>0.8</fRed>
			<fGreen>0.808</fGreen>
			<fBlue>0.851</fBlue>
			<fAlpha>1.00</fAlpha>
		</ColorVal>
		<!-- paled and brightened -->
		<ColorVal>
			<Type>COLOR_PLAYER_BLUE</Type>
			<fRed>0.26</fRed>
			<fGreen>0.44</fGreen>
			<fBlue>0.98</fBlue>
			<fAlpha>1.00</fAlpha>
		</ColorVal>
		<ColorVal>
			<Type>COLOR_PLAYER_LIGHT_BLUE_TEXT</Type>
			<fRed>0.58</fRed>
			<fGreen>0.74</fGreen>
			<fBlue>0.99</fBlue>
			<fAlpha>1.00</fAlpha>
		</ColorVal>
		<!-- darkened -->
		<ColorVal>
			<Type>COLOR_PLAYER_BROWN</Type>
			<fRed>0.36</fRed>
			<fGreen>0.20</fGreen>
			<fBlue>0.00</fBlue>
			<fAlpha>1.00</fAlpha>
		</ColorVal>
		<ColorVal>
			<Type>COLOR_PLAYER_BROWN_TEXT</Type>
			<fRed>0.61</fRed>
			<fGreen>0.37</fGreen>
			<fBlue>0.15</fBlue>
			<fAlpha>1.00</fAlpha>
		</ColorVal>
		<!-- desaturated, less red -->
		<ColorVal>
			<Type>COLOR_PLAYER_CYAN</Type>
			<fRed>0.43</fRed>
			<fGreen>0.82</fGreen>
			<fBlue>0.91</fBlue>
			<fAlpha>1.00</fAlpha>
		</ColorVal>
		<ColorVal>
			<Type>COLOR_PLAYER_CYAN_TEXT</Type>
			<fRed>0.58</fRed>
			<fGreen>0.86</fGreen>
			<fBlue>0.94</fBlue>
			<fAlpha>1.00</fAlpha>
		</ColorVal>
		<!-- darkened, less red -->
		<ColorVal>
			<Type>COLOR_PLAYER_DARK_BLUE</Type>
			<fRed>0.10</fRed>
			<fGreen>0.01</fGreen>
			<fBlue>0.49</fBlue>
			<fAlpha>1.00</fAlpha>
		</ColorVal>
		<ColorVal>
			<Type>COLOR_PLAYER_DARK_BLUE_TEXT</Type>
			<fRed>0.24</fRed>
			<fGreen>0.02</fGreen>
			<fBlue>0.85</fBlue>
			<fAlpha>1.00</fAlpha>
		</ColorVal>
		<!-- darkened -->
		<ColorVal>
			<Type>COLOR_PLAYER_DARK_CYAN</Type>
			<fRed>0.04</fRed>
			<fGreen>0.45</fGreen>
			<fBlue>0.45</fBlue>
			<fAlpha>1.00</fAlpha>
		</ColorVal>
		<ColorVal>
			<Type>COLOR_PLAYER_DARK_CYAN_TEXT</Type>
			<fRed>0.06</fRed>
			<fGreen>0.66</fGreen>
			<fBlue>0.67</fBlue>
			<fAlpha>1.00</fAlpha>
		</ColorVal>
		<!-- more brown (bean green) -->
		<ColorVal>
			<Type>COLOR_PLAYER_DARK_GREEN</Type>
			<fRed>0.22</fRed>
			<fGreen>0.41</fGreen>
			<fBlue>0.08</fBlue>
			<fAlpha>1.00</fAlpha>
		</ColorVal>
		<ColorVal>
			<Type>COLOR_PLAYER_DARK_DARK_GREEN</Type>
			<fRed>0.00</fRed>
			<fGreen>0.26</fGreen>
			<fBlue>0.00</fBlue>
			<fAlpha>1.00</fAlpha>
		</ColorVal>
		<ColorVal>
			<Type>COLOR_PLAYER_DARK_GREEN_TEXT</Type>
			<fRed>0.37</fRed>
			<fGreen>0.61</fGreen>
			<fBlue>0.15</fBlue>
			<fAlpha>1.00</fAlpha>
		</ColorVal>
		<ColorVal>
			<Type>COLOR_PLAYER_DARK_PINK</Type>
			<fRed>0.69</fRed>
			<fGreen>0.00</fGreen>
			<fBlue>0.38</fBlue>
			<fAlpha>1.00</fAlpha>
		</ColorVal>
		<ColorVal>
			<Type>COLOR_PLAYER_DARK_PINK_TEXT</Type>
			<fRed>0.89</fRed>
			<fGreen>0.00</fGreen>
			<fBlue>0.56</fBlue>
			<fAlpha>1.00</fAlpha>
		</ColorVal>
		<!-- slightly more blue -->
		<ColorVal>
			<Type>COLOR_PLAYER_DARK_PURPLE</Type>
			<fRed>0.40</fRed>
			<fGreen>0.00</fGreen>
			<fBlue>0.49</fBlue>
			<fAlpha>1.00</fAlpha>
		</ColorVal>
		<ColorVal>
			<Type>COLOR_PLAYER_DARK_PURPLE_TEXT</Type>
			<fRed>0.67</fRed>
			<fGreen>0.00</fGreen>
			<fBlue>0.77</fBlue>
			<fAlpha>1.00</fAlpha>
		</ColorVal>
		<!-- darkened -->
		<ColorVal>
			<Type>COLOR_PLAYER_DARK_RED</Type>
			<fRed>0.49</fRed>
			<fGreen>0.05</fGreen>
			<fBlue>0.05</fBlue>
			<fAlpha>1.00</fAlpha>
		</ColorVal>
		<ColorVal>
			<Type>COLOR_PLAYER_DARK_RED_TEXT</Type>
			<fRed>0.80</fRed>
			<fGreen>0.15</fGreen>
			<fBlue>0.12</fBlue>
			<fAlpha>1.00</fAlpha>
		</ColorVal>
		<!-- a little bit more orange -->
		<ColorVal>
			<Type>COLOR_PLAYER_DARK_YELLOW</Type>
			<fRed>1.00</fRed>
			<fGreen>0.75</fGreen>
			<fBlue>0.0</fBlue>
			<fAlpha>1.00</fAlpha>
		</ColorVal>
		<ColorVal>
			<Type>COLOR_PLAYER_DARK_YELLOW_TEXT</Type>
			<fRed>1.0</fRed>
			<fGreen>0.76</fGreen>
			<fBlue>0.00</fBlue>
			<fAlpha>1.00</fAlpha>
		</ColorVal>
		<!-- darkened -->
		<ColorVal>
			<Type>COLOR_PLAYER_GRAY</Type>
			<fRed>0.65</fRed>
			<fGreen>0.65</fGreen>
			<fBlue>0.65</fBlue>
			<fAlpha>1.00</fAlpha>
		</ColorVal>
		<ColorVal>
			<Type>COLOR_PLAYER_GRAY_TEXT</Type>
			<fRed>0.77</fRed>
			<fGreen>0.77</fGreen>
			<fBlue>0.77</fBlue>
			<fAlpha>1.00</fAlpha>
		</ColorVal>
		<!-- desaturated -->
		<ColorVal>
			<Type>COLOR_PLAYER_GREEN</Type>
			<fRed>0.49</fRed>
			<fGreen>0.81</fGreen>
			<fBlue>0.24</fBlue>
			<fAlpha>1.00</fAlpha>
		</ColorVal>
		<ColorVal>
			<Type>COLOR_PLAYER_GREEN_TEXT</Type>
			<fRed>0.60</fRed>
			<fGreen>0.91</fGreen>
			<fBlue>0.21</fBlue>
			<fAlpha>1.00</fAlpha>
		</ColorVal>
		<!-- desaturated -->
		<ColorVal>
			<Type>COLOR_PLAYER_ORANGE</Type>
			<fRed>1.00</fRed>
			<fGreen>0.46</fGreen>
			<fBlue>0.15</fBlue>
			<fAlpha>1.00</fAlpha>
		</ColorVal>
		<ColorVal>
			<Type>COLOR_PLAYER_ORANGE_TEXT</Type>
			<fRed>1.00</fRed>
			<fGreen>0.58</fGreen>
			<fBlue>0.19</fBlue>
			<fAlpha>1.00</fAlpha>
		</ColorVal>
		<!-- lightened; and it isn't and never was peach, it's a light brown,
			 perhaps "old gold" -->
		<ColorVal>
			<Type>COLOR_PLAYER_PEACH</Type>
			<fRed>0.62</fRed>
			<fGreen>0.52</fGreen>
			<fBlue>0.06</fBlue>
			<fAlpha>1.00</fAlpha>
		</ColorVal>
		<ColorVal>
			<Type>COLOR_PLAYER_PEACH_TEXT</Type>
			<fRed>0.73</fRed>
			<fGreen>0.63</fGreen>
			<fBlue>0.07</fBlue>
			<fAlpha>1.00</fAlpha>
		</ColorVal>
		<!-- more red -->
		<ColorVal>
			<Type>COLOR_PLAYER_PINK</Type>
			<fRed>1.00</fRed>
			<fGreen>0.62</fGreen>
			<fBlue>0.48</fBlue>
			<fAlpha>1.00</fAlpha>
		</ColorVal>
		<ColorVal>
			<Type>COLOR_PLAYER_PINK_TEXT</Type>
			<fRed>0.99</fRed>
			<fGreen>0.74</fGreen>
			<fBlue>0.61</fBlue>
			<fAlpha>1.00</fAlpha>
		</ColorVal>
		<!-- more red -->
		<ColorVal>
			<Type>COLOR_PLAYER_PURPLE</Type>
			<fRed>0.90</fRed>
			<fGreen>0.43</fGreen>
			<fBlue>0.92</fBlue>
			<fAlpha>1.00</fAlpha>
		</ColorVal>
		<ColorVal>
			<Type>COLOR_PLAYER_PURPLE_TEXT</Type>
			<fRed>0.95</fRed>
			<fGreen>0.58</fGreen>
			<fBlue>1.00</fBlue>
			<fAlpha>1.00</fAlpha>
		</ColorVal>
		<ColorVal>
			<Type>COLOR_PLAYER_RED</Type>
			<fRed>0.82</fRed>
			<fGreen>0.08</fGreen>
			<fBlue>0.1</fBlue>
			<fAlpha>1.00</fAlpha>
		</ColorVal>
		<ColorVal>
			<Type>COLOR_PLAYER_RED_TEXT</Type>
			<fRed>0.98</fRed>
			<fGreen>0.18</fGreen>
			<fBlue>0.22</fBlue>
			<fAlpha>1.00</fAlpha>
		</ColorVal>
		<ColorVal>
			<Type>COLOR_PLAYER_WHITE</Type>
			<fRed>0.90</fRed>
			<fGreen>0.90</fGreen>
			<fBlue>0.90</fBlue>
			<fAlpha>1.00</fAlpha>
		</ColorVal>
		<ColorVal>
			<Type>COLOR_PLAYER_WHITE_TEXT</Type>
			<fRed>0.96</fRed>
			<fGreen>0.96</fGreen>
			<fBlue>0.98</fBlue>
			<fAlpha>1.00</fAlpha>
		</ColorVal>
		<!-- a bit paler, very slight green tint -->
		<ColorVal>
			<Type>COLOR_PLAYER_YELLOW</Type>
			<fRed>0.97</fRed>
			<fGreen>1.00</fGreen>
			<fBlue>0.28</fBlue>
			<fAlpha>1.00</fAlpha>
		</ColorVal>
		<ColorVal>
			<Type>COLOR_PLAYER_YELLOW_TEXT</Type>
			<fRed>0.94</fRed>
			<fGreen>0.948</fGreen>
			<fBlue>0.27</fBlue>
			<fAlpha>1.00</fAlpha>
		</ColorVal>
		<!-- lightened -->
		<ColorVal>
			<Type>COLOR_PLAYER_LIGHT_GREEN</Type>
			<fRed>0.65</fRed>
			<fGreen>1.00</fGreen>
			<fBlue>0.65</fBlue>
			<fAlpha>1.00</fAlpha>
		</ColorVal>
		<ColorVal>
			<Type>COLOR_PLAYER_LIGHT_GREEN_TEXT</Type>
			<fRed>0.65</fRed>
			<fGreen>1.00</fGreen>
			<fBlue>0.65</fBlue>
			<fAlpha>1.00</fAlpha>
		</ColorVal>
		<!-- a little more red -->
		<ColorVal>
			<Type>COLOR_PLAYER_LIGHT_BLUE</Type>
			<fRed>0.51</fRed>
			<fGreen>0.65</fGreen>
			<fBlue>0.98</fBlue>
			<fAlpha>1.00</fAlpha>
		</ColorVal>
		<ColorVal>
			<Type>COLOR_PLAYER_BLUE_TEXT</Type>
			<fRed>0.38</fRed>
			<fGreen>0.61</fGreen>
			<fBlue>1.00</fBlue>
			<fAlpha>1.00</fAlpha>
		</ColorVal>
		<!-- lightened -->
		<ColorVal>
			<Type>COLOR_PLAYER_LIGHT_YELLOW</Type>
			<fRed>1.00</fRed>
			<fGreen>1.00</fGreen>
			<fBlue>0.62</fBlue>
			<fAlpha>1.00</fAlpha>
		</ColorVal>
		<ColorVal>
			<Type>COLOR_PLAYER_LIGHT_YELLOW_TEXT</Type>
			<fRed>0.87</fRed>
			<fGreen>0.87</fGreen>
			<fBlue>0.63</fBlue>
			<fAlpha>1.00</fAlpha>
		</ColorVal>
		<ColorVal>
			<Type>COLOR_PLAYER_LIGHT_PURPLE</Type>
			<fRed>0.70</fRed>
			<fGreen>0.60</fGreen>
			<fBlue>1.00</fBlue>
			<fAlpha>1.00</fAlpha>
		</ColorVal>
		<ColorVal>
			<Type>COLOR_PLAYER_LIGHT_PURPLE_TEXT</Type>
			<fRed>0.82</fRed>
			<fGreen>0.73</fGreen>
			<fBlue>1.00</fBlue>
			<fAlpha>1.00</fAlpha>
		</ColorVal>
		<!-- closer to pale orange because that's only used as a secondary
			 color. if it were used as a primary color, then light orange
			 should be paler: 91,67,36-->
		<ColorVal>
			<Type>COLOR_PLAYER_LIGHT_ORANGE</Type>
			<fRed>0.88</fRed>
			<fGreen>0.63</fGreen>
			<fBlue>0.31</fBlue>
			<fAlpha>1.00</fAlpha>
		</ColorVal>
		<ColorVal>
			<Type>COLOR_PLAYER_LIGHT_ORANGE_TEXT</Type>
			<fRed>0.96</fRed>
			<fGreen>0.80</fGreen>
			<fBlue>0.42</fBlue>
			<fAlpha>1.00</fAlpha>
		</ColorVal>
		<!-- desaturated -->
		<ColorVal>
			<Type>COLOR_PLAYER_MIDDLE_PURPLE</Type>
			<fRed>0.71</fRed>
			<fGreen>0.24</fGreen>
			<fBlue>0.71</fBlue>
			<fAlpha>1.00</fAlpha>
		</ColorVal>
		<ColorVal>
			<Type>COLOR_PLAYER_MIDDLE_PURPLE_TEXT</Type>
			<fRed>0.80</fRed>
			<fGreen>0.30</fGreen>
			<fBlue>0.80</fBlue>
			<fAlpha>1.00</fAlpha>
		</ColorVal>
		<!-- less red. only used as the secondary color for babylon,
			 which is why I made "pale orange" a bit closer to this color.
			 if goldenrod were used as a primary color, then pale orange should
			 be a bit lighter and more red than it currently is. -->
		<ColorVal>
			<Type>COLOR_PLAYER_GOLDENROD</Type>
			<fRed>0.78</fRed>
			<fGreen>0.59</fGreen>
			<fBlue>0.04</fBlue>
			<fAlpha>1.00</fAlpha>
		</ColorVal>
		<!-- if light black were used as a primary color, this could be given a
			 red tint: 40,35,35. blue tint is problematic because of the Blue
			 Marble ocean color in the fog of war.-->
		<ColorVal>
			<Type>COLOR_PLAYER_DARK_GRAY</Type>
			<fRed>0.35</fRed>
			<fGreen>0.35</fGreen>
			<fBlue>0.35</fBlue>
			<fAlpha>1.00</fAlpha>
		</ColorVal>
		<ColorVal>
			<Type>COLOR_PLAYER_DARK_GRAY_TEXT</Type>
			<fRed>0.49</fRed>
			<fGreen>0.49</fGreen>
			<fBlue>0.51</fBlue>
			<fAlpha>1.00</fAlpha>
		</ColorVal>
		<!-- less brown -->
		<ColorVal>
			<Type>COLOR_PLAYER_MIDDLE_GREEN</Type>
			<fRed>0.10</fRed>
			<fGreen>0.58</fGreen>
			<fBlue>0.000</fBlue>
			<fAlpha>1.00</fAlpha>
		</ColorVal>
		<ColorVal>
			<Type>COLOR_PLAYER_MIDDLE_GREEN_TEXT</Type>
			<fRed>0.13</fRed>
			<fGreen>0.72</fGreen>
			<fBlue>0.01</fBlue>
			<fAlpha>1.00</fAlpha>
		</ColorVal>
		<!-- more vibrant, a bit closer to the unused goldenrod -->
		<ColorVal>
			<Type>COLOR_PLAYER_DARK_LEMON</Type>
			<fRed>0.88</fRed>
			<fGreen>0.78</fGreen>
			<fBlue>0.20</fBlue>
			<fAlpha>1.00</fAlpha>
		</ColorVal>
		<ColorVal>
			<Type>COLOR_PLAYER_DARK_LEMON_TEXT</Type>
			<fRed>0.95</fRed>
			<fGreen>0.89</fGreen>
			<fBlue>0.22</fBlue>
			<fAlpha>1.00</fAlpha>
		</ColorVal>
		<!-- darkened -->
		<ColorVal>
			<Type>COLOR_PLAYER_MIDDLE_BLUE</Type>
			<fRed>0.11</fRed>
			<fGreen>0.26</fGreen>
			<fBlue>0.73</fBlue>
			<fAlpha>1.00</fAlpha>
		</ColorVal>
		<ColorVal>
			<Type>COLOR_PLAYER_MIDDLE_BLUE_TEXT</Type>
			<fRed>0.16</fRed>
			<fGreen>0.39</fGreen>
			<fBlue>0.90</fBlue>
			<fAlpha>1.00</fAlpha>
		</ColorVal>
		<!-- brightened -->
		<ColorVal>
			<Type>COLOR_PLAYER_MIDDLE_CYAN</Type>
			<fRed>0.02</fRed>
			<fGreen>0.76</fGreen>
			<fBlue>0.67</fBlue>
			<fAlpha>1.00</fAlpha>
		</ColorVal>
		<ColorVal>
			<Type>COLOR_PLAYER_MIDDLE_CYAN_TEXT</Type>
			<fRed>0.03</fRed>
			<fGreen>0.89</fGreen>
			<fBlue>0.82</fBlue>
			<fAlpha>1.00</fAlpha>
		</ColorVal>
		<!-- brightened (although unused except as a secondary color for the
			Maya) -->
		<ColorVal>
			<Type>COLOR_PLAYER_MAROON</Type>
			<fRed>0.58</fRed>
			<fGreen>0.23</fGreen>
			<fBlue>0.18</fBlue>
			<fAlpha>1.00</fAlpha>
		</ColorVal>
		<ColorVal>
			<Type>COLOR_PLAYER_LIGHT_BROWN</Type>
			<fRed>0.518</fRed>
			<fGreen>0.345</fGreen>
			<fBlue>0.075</fBlue>
			<fAlpha>1.00</fAlpha>
		</ColorVal>
		<ColorVal>
			<Type>COLOR_PLAYER_LIGHT_BROWN_TEXT</Type>
			<fRed>0.73</fRed>
			<fGreen>0.47</fGreen>
			<fBlue>0.18</fBlue>
			<fAlpha>1.00</fAlpha>
		</ColorVal>
		<!-- brightened -->
		<ColorVal>
			<Type>COLOR_PLAYER_DARK_ORANGE</Type>
			<fRed>0.98</fRed>
			<fGreen>0.24</fGreen>
			<fBlue>0.000</fBlue>
			<fAlpha>1.00</fAlpha>
		</ColorVal>
		<ColorVal>
			<Type>COLOR_PLAYER_DARK_ORANGE_TEXT</Type>
			<fRed>1.00</fRed>
			<fGreen>0.37</fGreen>
			<fBlue>0.00</fBlue>
			<fAlpha>1.00</fAlpha>
		</ColorVal>
		<ColorVal>
			<Type>COLOR_PLAYER_DARK_DARK_GREEN_TEXT</Type>
			<fRed>0.00</fRed>
			<fGreen>0.49</fGreen>
			<fBlue>0.07</fBlue>
			<fAlpha>1.00</fAlpha>
		</ColorVal>
		<!-- no change; only used as secondary color for Ottomans -->
		<ColorVal>
			<Type>COLOR_PLAYER_PALE_RED</Type>
			<fRed>0.780</fRed>
			<fGreen>0.282</fGreen>
			<fBlue>0.239</fBlue>
			<fAlpha>1.00</fAlpha>
		</ColorVal>
		<!-- more red -->
		<ColorVal>
			<Type>COLOR_PLAYER_DARK_INDIGO</Type>
			<fRed>0.35</fRed>
			<fGreen>0.10</fGreen>
			<fBlue>0.80</fBlue>
			<fAlpha>1.00</fAlpha>
		</ColorVal>
		<ColorVal>
			<Type>COLOR_PLAYER_DARK_INDIGO_TEXT</Type>
			<fRed>0.59</fRed>
			<fGreen>0.18</fGreen>
			<fBlue>1.00</fBlue>
			<fAlpha>1.00</fAlpha>
		</ColorVal>
		<!-- less red, closer to goldenrod. only used as secondary color of
			 Sumeria. -->
		<ColorVal>
			<Type>COLOR_PLAYER_PALE_ORANGE</Type>
			<fRed>0.79</fRed>
			<fGreen>0.49</fGreen>
			<fBlue>0.15</fBlue>
			<fAlpha>1.00</fAlpha>
		</ColorVal>
		<!-- blue tint added though it's entirely unused. -->
		<ColorVal>
			<Type>COLOR_PLAYER_LIGHT_BLACK</Type>
			<fRed>0.24</fRed>
			<fGreen>0.24</fGreen>
			<fBlue>0.29</fBlue>
			<fAlpha>1.00</fAlpha>
		</ColorVal>
		<ColorVal>
			<Type>COLOR_PLAYER_LIGHT_BLACK_TEXT</Type>
			<fRed>0.39</fRed>
			<fGreen>0.39</fGreen>
			<fBlue>0.47</fBlue>
			<fAlpha>1.00</fAlpha>
		</ColorVal>
	</ColorVals>
</Civ4ColorVals>
