<?xml version="1.0"?>
<!-- edited with XMLSPY v2004 rel. 2 U (http://www.xmlspy.com) by Alex Mantzaris (Firaxis Games) -->
<!-- Sid Meier's Civilization 4 -->
<!-- Copyright Firaxis Games 2005 -->
<!-- -->
<!-- Handicap Infos -->
<Civ4HandicapInfo xmlns="x-schema:CIV4GameInfoSchema.xml">
	<HandicapInfos>
		<!-- advc.126: Added free tech for later eras to
			 Settler and Chieftain. -->
		<HandicapInfo>
			<Type>HANDICAP_SETTLER</Type>
			<Description>TXT_KEY_HANDICAP_SETTLER</Description>
			<Help>TXT_KEY_HANDICAP_SETTLER_HELP</Help>
			<iFreeWinsVsBarbs>5</iFreeWinsVsBarbs>
			<iAnimalAttackProb>25</iAnimalAttackProb>
			<iStartingLocPercent>10</iStartingLocPercent>
			<!-- advc.250c: was 150 -->
			<iAdvancedStartPointsMod>100</iAdvancedStartPointsMod>
			<iGold>0</iGold>
			<iFreeUnits>24</iFreeUnits>
			<iUnitCostPercent>20</iUnitCostPercent>
			<!-- advc.251 (start> -->
			<iBuildTimePercent>100</iBuildTimePercent>
			<iBaseGrowthThresholdPercent>80</iBaseGrowthThresholdPercent>
			<iGPThresholdPercent>80</iGPThresholdPercent>
			<!-- was 60 -->
			<iResearchPercent>72</iResearchPercent>
			<iTrainPercent>80</iTrainPercent>
			<iConstructPercent>80</iConstructPercent>
			<iCreatePercent>80</iCreatePercent>
			<!-- advc.251 (end) -->
			<iDistanceMaintenancePercent>45</iDistanceMaintenancePercent>
			<iNumCitiesMaintenancePercent>40</iNumCitiesMaintenancePercent>
			<iMaxNumCitiesMaintenance>4</iMaxNumCitiesMaintenance>
			<iColonyMaintenancePercent>60</iColonyMaintenancePercent>
			<iMaxColonyMaintenance>200</iMaxColonyMaintenance>
			<iCorporationMaintenancePercent>60</iCorporationMaintenancePercent>
			<!-- advc.251: was 50 -->
			<iCivicUpkeepPercent>60</iCivicUpkeepPercent>
			<iInflationPercent>60</iInflationPercent>
			<!-- advc.251: was 4 -->
			<iHealthBonus>3</iHealthBonus>
			<!-- advc.251: was 6 -->
			<iHappyBonus>5</iHappyBonus>
			<!-- advc.148: was 2 -->
			<iAttitudeChange>3</iAttitudeChange>
			<iNoTechTradeModifier>100</iNoTechTradeModifier>
			<iTechTradeKnownModifier>-100</iTechTradeKnownModifier>
			<iUnownedTilesPerGameAnimal>100</iUnownedTilesPerGameAnimal>
			<iUnownedTilesPerBarbarianUnit>150</iUnownedTilesPerBarbarianUnit>
			<iUnownedWaterTilesPerBarbarianUnit>750</iUnownedWaterTilesPerBarbarianUnit>
			<iUnownedTilesPerBarbarianCity>160</iUnownedTilesPerBarbarianCity>
			<!-- advc.300: was 50 -->
			<iBarbarianCreationTurnsElapsed>55</iBarbarianCreationTurnsElapsed>
			<!-- advc.300: was 55 -->
			<iBarbarianCityCreationTurnsElapsed>60</iBarbarianCityCreationTurnsElapsed>
			<iBarbarianCityCreationProb>4</iBarbarianCityCreationProb>
			<!-- advc.313: was -70 -->
			<iAnimalBonus>-60</iAnimalBonus>
			<iBarbarianBonus>-40</iBarbarianBonus>
			<!-- advc.313: was -40 -->
			<iAIAnimalBonus>-25</iAIAnimalBonus>
			<iAIBarbarianBonus>-25</iAIBarbarianBonus>
			<iStartingDefenseUnits>0</iStartingDefenseUnits>
			<iStartingWorkerUnits>0</iStartingWorkerUnits>
			<iStartingExploreUnits>0</iStartingExploreUnits>
			<iAIStartingUnitMultiplier>0</iAIStartingUnitMultiplier>
			<iAIStartingDefenseUnits>0</iAIStartingDefenseUnits>
			<iAIStartingWorkerUnits>0</iAIStartingWorkerUnits>
			<iAIStartingExploreUnits>0</iAIStartingExploreUnits>
			<iBarbarianDefenders>1</iBarbarianDefenders>
			<iAIDeclareWarProb>25</iAIDeclareWarProb>
			<iAIWorkRateModifier>0</iAIWorkRateModifier>
			<!-- advc.251 (start) -->
			<!-- was 160 -->
			<iAIGrowthPercent>125</iAIGrowthPercent>
			<iAIGPThresholdPercent>125</iAIGPThresholdPercent>
			<!-- Lower tech costs for the AI -->
			<iAIResearchPercent>90</iAIResearchPercent>
			<!-- was 6x 160 -->
			<iAITrainPercent>125</iAITrainPercent>
			<iAIWorldTrainPercent>125</iAIWorldTrainPercent>
			<iAIConstructPercent>125</iAIConstructPercent>
			<iAIWorldConstructPercent>125</iAIWorldConstructPercent>
			<iAICreatePercent>125</iAICreatePercent>
			<iAIWorldCreatePercent>125</iAIWorldCreatePercent>
			<!-- advc.251 (end) -->
			<iAICivicUpkeepPercent>100</iAICivicUpkeepPercent>
			<iAIUnitCostPercent>100</iAIUnitCostPercent>
			<iAIUnitSupplyPercent>50</iAIUnitSupplyPercent>
			<iAIUnitUpgradePercent>50</iAIUnitUpgradePercent>
			<iAIInflationPercent>100</iAIInflationPercent>
			<iAIWarWearinessPercent>100</iAIWarWearinessPercent>
			<!-- advc.251: renamed -->
			<iAIHandicapIncrementTurns>0</iAIHandicapIncrementTurns>
			<!-- advc.250c: was 100 -->
			<iAIAdvancedStartPercent>67</iAIAdvancedStartPercent>
			<!-- advc.148 -->
			<iAIAttitudeChangePercent>30</iAIAttitudeChangePercent>
			<Goodies>
				<GoodyType>GOODY_HIGH_GOLD</GoodyType>
				<GoodyType>GOODY_HIGH_GOLD</GoodyType>
				<GoodyType>GOODY_HIGH_GOLD</GoodyType>
				<GoodyType>GOODY_HIGH_GOLD</GoodyType>
				<GoodyType>GOODY_LOW_GOLD</GoodyType>
				<GoodyType>GOODY_LOW_GOLD</GoodyType>
				<GoodyType>GOODY_MAP</GoodyType>
				<!-- advc.314: One GOODY_SETTLER entry removed -->
				<GoodyType>GOODY_SETTLER</GoodyType>
				<GoodyType>GOODY_WARRIOR</GoodyType>
				<GoodyType>GOODY_WARRIOR</GoodyType>
				<GoodyType>GOODY_SCOUT</GoodyType>
				<GoodyType>GOODY_WORKER</GoodyType>
				<GoodyType>GOODY_WORKER</GoodyType>
				<GoodyType>GOODY_EXPERIENCE</GoodyType>
				<GoodyType>GOODY_HEALING</GoodyType>
				<GoodyType>GOODY_TECH</GoodyType>
				<GoodyType>GOODY_TECH</GoodyType>
				<GoodyType>GOODY_TECH</GoodyType>
				<GoodyType>GOODY_TECH</GoodyType>
			</Goodies>
			<FreeTechs>
				<FreeTech>
					<TechType>TECH_THE_WHEEL</TechType>
					<bFreeTech>1</bFreeTech>
				</FreeTech>
				<FreeTech>
					<TechType>TECH_AGRICULTURE</TechType>
					<bFreeTech>1</bFreeTech>
				</FreeTech>
				<FreeTech>
					<TechType>TECH_MINING</TechType>
					<bFreeTech>1</bFreeTech>
				</FreeTech>
				<FreeTech>
					<TechType>TECH_MATHEMATICS</TechType>
					<bFreeTech>1</bFreeTech>
				</FreeTech>
				<FreeTech>
					<TechType>TECH_ALPHABET</TechType>
					<bFreeTech>1</bFreeTech>
				</FreeTech>
				<FreeTech>
					<TechType>TECH_MACHINERY</TechType>
					<bFreeTech>1</bFreeTech>
				</FreeTech>
				<FreeTech>
					<TechType>TECH_FEUDALISM</TechType>
					<bFreeTech>1</bFreeTech>
				</FreeTech>
				<FreeTech>
					<TechType>TECH_PRINTING_PRESS</TechType>
					<bFreeTech>1</bFreeTech>
				</FreeTech>
				<FreeTech>
					<TechType>TECH_GUNPOWDER</TechType>
					<bFreeTech>1</bFreeTech>
				</FreeTech>
				<FreeTech>
					<TechType>TECH_STEAM_POWER</TechType>
					<bFreeTech>1</bFreeTech>
				</FreeTech>
				<FreeTech>
					<TechType>TECH_STEEL</TechType>
					<bFreeTech>1</bFreeTech>
				</FreeTech>
				<FreeTech>
					<TechType>TECH_PLASTICS</TechType>
					<bFreeTech>1</bFreeTech>
				</FreeTech>
				<FreeTech>
					<TechType>TECH_REFRIGERATION</TechType>
					<bFreeTech>1</bFreeTech>
				</FreeTech>
			</FreeTechs>
			<AIFreeTechs/>
			<!-- advc.250a -->
			<iDifficulty>0</iDifficulty>
		</HandicapInfo>
		<HandicapInfo>
			<Type>HANDICAP_CHIEFTAIN</Type>
			<Description>TXT_KEY_HANDICAP_CHIEFTAIN</Description>
			<Help>TXT_KEY_HANDICAP_CHIEFTAIN_HELP</Help>
			<iFreeWinsVsBarbs>4</iFreeWinsVsBarbs>
			<iAnimalAttackProb>50</iAnimalAttackProb>
			<iStartingLocPercent>20</iStartingLocPercent>
			<!-- advc.250c: was 130 -->
			<iAdvancedStartPointsMod>100</iAdvancedStartPointsMod>
			<iGold>0</iGold>
			<iFreeUnits>18</iFreeUnits>
			<iUnitCostPercent>30</iUnitCostPercent>
			<!-- advc.251 (start) -->
			<iBuildTimePercent>100</iBuildTimePercent>
			<iBaseGrowthThresholdPercent>95</iBaseGrowthThresholdPercent>
			<iGPThresholdPercent>95</iGPThresholdPercent>
			<!-- was 75 -->
			<iResearchPercent>85</iResearchPercent>
			<iTrainPercent>95</iTrainPercent>
			<iConstructPercent>95</iConstructPercent>
			<iCreatePercent>95</iCreatePercent>
			<!-- advc.251 (end) -->
			<iDistanceMaintenancePercent>55</iDistanceMaintenancePercent>
			<iNumCitiesMaintenancePercent>50</iNumCitiesMaintenancePercent>
			<iMaxNumCitiesMaintenance>4</iMaxNumCitiesMaintenance>
			<iColonyMaintenancePercent>80</iColonyMaintenancePercent>
			<iMaxColonyMaintenance>200</iMaxColonyMaintenance>
			<iCorporationMaintenancePercent>80</iCorporationMaintenancePercent>
			<!-- advc.251: was 60 -->
			<iCivicUpkeepPercent>70</iCivicUpkeepPercent>
			<iInflationPercent>70</iInflationPercent>
			<iHealthBonus>3</iHealthBonus>
			<iHappyBonus>5</iHappyBonus>
			<!-- advc.148: was 1 -->
			<iAttitudeChange>2</iAttitudeChange>
			<iNoTechTradeModifier>90</iNoTechTradeModifier>
			<iTechTradeKnownModifier>-50</iTechTradeKnownModifier>
			<iUnownedTilesPerGameAnimal>80</iUnownedTilesPerGameAnimal>
			<iUnownedTilesPerBarbarianUnit>100</iUnownedTilesPerBarbarianUnit>
			<iUnownedWaterTilesPerBarbarianUnit>600</iUnownedWaterTilesPerBarbarianUnit>
			<iUnownedTilesPerBarbarianCity>150</iUnownedTilesPerBarbarianCity>
			<!-- advc.300: was 45 -->
			<iBarbarianCreationTurnsElapsed>50</iBarbarianCreationTurnsElapsed>
			<!-- advc.300: was 50 -->
			<iBarbarianCityCreationTurnsElapsed>55</iBarbarianCityCreationTurnsElapsed>
			<iBarbarianCityCreationProb>5</iBarbarianCityCreationProb>
			<!-- advc.313: was -60 -->
			<iAnimalBonus>-45</iAnimalBonus>
			<iBarbarianBonus>-30</iBarbarianBonus>
			<!-- advc.313: was -40 -->
			<iAIAnimalBonus>-25</iAIAnimalBonus>
			<iAIBarbarianBonus>-25</iAIBarbarianBonus>
			<iStartingDefenseUnits>0</iStartingDefenseUnits>
			<iStartingWorkerUnits>0</iStartingWorkerUnits>
			<iStartingExploreUnits>0</iStartingExploreUnits>
			<iAIStartingUnitMultiplier>0</iAIStartingUnitMultiplier>
			<iAIStartingDefenseUnits>0</iAIStartingDefenseUnits>
			<iAIStartingWorkerUnits>0</iAIStartingWorkerUnits>
			<iAIStartingExploreUnits>0</iAIStartingExploreUnits>
			<iBarbarianDefenders>1</iBarbarianDefenders>
			<iAIDeclareWarProb>50</iAIDeclareWarProb>
			<iAIWorkRateModifier>0</iAIWorkRateModifier>
			<!-- advc.251 (start) -->
			<!-- was 130 -->
			<iAIGrowthPercent>120</iAIGrowthPercent>
			<iAIGPThresholdPercent>120</iAIGPThresholdPercent>
			<iAIResearchPercent>100</iAIResearchPercent>
			<!-- was 6x 130 -->
			<iAITrainPercent>120</iAITrainPercent>
			<iAIWorldTrainPercent>120</iAIWorldTrainPercent>
			<iAIConstructPercent>120</iAIConstructPercent>
			<iAIWorldConstructPercent>120</iAIWorldConstructPercent>
			<iAICreatePercent>120</iAICreatePercent>
			<iAIWorldCreatePercent>120</iAIWorldCreatePercent>
			<!-- advc.251 (end) -->
			<iAICivicUpkeepPercent>100</iAICivicUpkeepPercent>
			<iAIUnitCostPercent>100</iAIUnitCostPercent>
			<iAIUnitSupplyPercent>50</iAIUnitSupplyPercent>
			<iAIUnitUpgradePercent>50</iAIUnitUpgradePercent>
			<iAIInflationPercent>90</iAIInflationPercent>
			<iAIWarWearinessPercent>90</iAIWarWearinessPercent>
			<!-- advc.251: renamed -->
			<iAIHandicapIncrementTurns>0</iAIHandicapIncrementTurns>
			<!-- advc.250c: was 100 -->
			<iAIAdvancedStartPercent>75</iAIAdvancedStartPercent>
			<!-- advc.148 -->
			<iAIAttitudeChangePercent>30</iAIAttitudeChangePercent>
			<Goodies>
				<GoodyType>GOODY_HIGH_GOLD</GoodyType>
				<GoodyType>GOODY_HIGH_GOLD</GoodyType>
				<GoodyType>GOODY_HIGH_GOLD</GoodyType>
				<!-- advc.314: was HIGH_GOLD -->
				<GoodyType>GOODY_TECH</GoodyType>
				<GoodyType>GOODY_LOW_GOLD</GoodyType>
				<GoodyType>GOODY_LOW_GOLD</GoodyType>
				<GoodyType>GOODY_MAP</GoodyType>
				<!-- advc.314: One GOODY_SETTLER entry removed -->
				<GoodyType>GOODY_SETTLER</GoodyType>
				<GoodyType>GOODY_WARRIOR</GoodyType>
				<GoodyType>GOODY_WARRIOR</GoodyType>
				<GoodyType>GOODY_SCOUT</GoodyType>
				<GoodyType>GOODY_WORKER</GoodyType>
				<GoodyType>GOODY_WORKER</GoodyType>
				<GoodyType>GOODY_EXPERIENCE</GoodyType>
				<GoodyType>GOODY_HEALING</GoodyType>
				<GoodyType>GOODY_TECH</GoodyType>
				<GoodyType>GOODY_TECH</GoodyType>
				<GoodyType>GOODY_TECH</GoodyType>
				<GoodyType>GOODY_BARBARIANS_WEAK</GoodyType>
			</Goodies>
			<FreeTechs>
				<FreeTech>
					<TechType>TECH_THE_WHEEL</TechType>
					<bFreeTech>1</bFreeTech>
				</FreeTech>
				<FreeTech>
					<TechType>TECH_AGRICULTURE</TechType>
					<bFreeTech>1</bFreeTech>
				</FreeTech>
				<FreeTech>
					<TechType>TECH_MATHEMATICS</TechType>
					<bFreeTech>1</bFreeTech>
				</FreeTech>
				<FreeTech>
					<TechType>TECH_MACHINERY</TechType>
					<bFreeTech>1</bFreeTech>
				</FreeTech>
				<FreeTech>
					<TechType>TECH_PRINTING_PRESS</TechType>
					<bFreeTech>1</bFreeTech>
				</FreeTech>
				<FreeTech>
					<TechType>TECH_STEAM_POWER</TechType>
					<bFreeTech>1</bFreeTech>
				</FreeTech>
				<FreeTech>
					<TechType>TECH_PLASTICS</TechType>
					<bFreeTech>1</bFreeTech>
				</FreeTech>
			</FreeTechs>
			<AIFreeTechs/>
			<!-- advc.250a -->
			<iDifficulty>10</iDifficulty>
		</HandicapInfo>
		<HandicapInfo>
			<Type>HANDICAP_WARLORD</Type>
			<Description>TXT_KEY_HANDICAP_WARLORD</Description>
			<Help>TXT_KEY_HANDICAP_WARLORD_HELP</Help>
			<iFreeWinsVsBarbs>3</iFreeWinsVsBarbs>
			<iAnimalAttackProb>75</iAnimalAttackProb>
			<!-- advc.108b: was 30 -->
			<iStartingLocPercent>35</iStartingLocPercent>
			<!-- advc.250c: was 110 -->
			<iAdvancedStartPointsMod>100</iAdvancedStartPointsMod>
			<iGold>0</iGold>
			<iFreeUnits>12</iFreeUnits>
			<iUnitCostPercent>40</iUnitCostPercent>
			<!-- advc.251 (start) -->
			<iBuildTimePercent>100</iBuildTimePercent>
			<iBaseGrowthThresholdPercent>100</iBaseGrowthThresholdPercent>
			<iGPThresholdPercent>100</iGPThresholdPercent>
			<iResearchPercent>90</iResearchPercent>
			<iTrainPercent>100</iTrainPercent>
			<iConstructPercent>100</iConstructPercent>
			<iCreatePercent>100</iCreatePercent>
			<!-- advc.251 (end) -->
			<iDistanceMaintenancePercent>65</iDistanceMaintenancePercent>
			<iNumCitiesMaintenancePercent>60</iNumCitiesMaintenancePercent>
			<iMaxNumCitiesMaintenance>5</iMaxNumCitiesMaintenance>
			<iColonyMaintenancePercent>90</iColonyMaintenancePercent>
			<iMaxColonyMaintenance>200</iMaxColonyMaintenance>
			<iCorporationMaintenancePercent>90</iCorporationMaintenancePercent>
			<!-- advc.251: was 70 -->
			<iCivicUpkeepPercent>80</iCivicUpkeepPercent>
			<iInflationPercent>80</iInflationPercent>
			<iHealthBonus>2</iHealthBonus>
			<iHappyBonus>4</iHappyBonus>
			<!-- advc.148: was 0 -->
			<iAttitudeChange>1</iAttitudeChange>
			<iNoTechTradeModifier>80</iNoTechTradeModifier>
			<iTechTradeKnownModifier>-25</iTechTradeKnownModifier>
			<iUnownedTilesPerGameAnimal>60</iUnownedTilesPerGameAnimal>
			<iUnownedTilesPerBarbarianUnit>80</iUnownedTilesPerBarbarianUnit>
			<iUnownedWaterTilesPerBarbarianUnit>550</iUnownedWaterTilesPerBarbarianUnit>
			<iUnownedTilesPerBarbarianCity>140</iUnownedTilesPerBarbarianCity>
			<!-- advc.300: was 40 -->
			<iBarbarianCreationTurnsElapsed>45</iBarbarianCreationTurnsElapsed>
			<!-- advc.300: was 45 -->
			<iBarbarianCityCreationTurnsElapsed>50</iBarbarianCityCreationTurnsElapsed>
			<iBarbarianCityCreationProb>5</iBarbarianCityCreationProb>
			<!-- advc.313: was -50 -->
			<iAnimalBonus>-30</iAnimalBonus>
			<iBarbarianBonus>-20</iBarbarianBonus>
			<!-- advc.313: was -40 -->
			<iAIAnimalBonus>-25</iAIAnimalBonus>
			<iAIBarbarianBonus>-25</iAIBarbarianBonus>
			<iStartingDefenseUnits>0</iStartingDefenseUnits>
			<iStartingWorkerUnits>0</iStartingWorkerUnits>
			<iStartingExploreUnits>0</iStartingExploreUnits>
			<iAIStartingUnitMultiplier>0</iAIStartingUnitMultiplier>
			<iAIStartingDefenseUnits>0</iAIStartingDefenseUnits>
			<iAIStartingWorkerUnits>0</iAIStartingWorkerUnits>
			<iAIStartingExploreUnits>0</iAIStartingExploreUnits>
			<iBarbarianDefenders>1</iBarbarianDefenders>
			<iAIDeclareWarProb>75</iAIDeclareWarProb>
			<iAIWorkRateModifier>0</iAIWorkRateModifier>
			<iAIGrowthPercent>110</iAIGrowthPercent>
			<!-- advc.251 -->
			<iAIGPThresholdPercent>110</iAIGPThresholdPercent>
			<!-- advc.251 -->
			<iAIResearchPercent>100</iAIResearchPercent>
			<iAITrainPercent>110</iAITrainPercent>
			<iAIWorldTrainPercent>110</iAIWorldTrainPercent>
			<iAIConstructPercent>110</iAIConstructPercent>
			<iAIWorldConstructPercent>110</iAIWorldConstructPercent>
			<iAICreatePercent>110</iAICreatePercent>
			<iAIWorldCreatePercent>110</iAIWorldCreatePercent>
			<iAICivicUpkeepPercent>100</iAICivicUpkeepPercent>
			<iAIUnitCostPercent>100</iAIUnitCostPercent>
			<iAIUnitSupplyPercent>50</iAIUnitSupplyPercent>
			<iAIUnitUpgradePercent>50</iAIUnitUpgradePercent>
			<iAIInflationPercent>80</iAIInflationPercent>
			<iAIWarWearinessPercent>80</iAIWarWearinessPercent>
			<!-- advc.251: renamed -->
			<iAIHandicapIncrementTurns>0</iAIHandicapIncrementTurns>
			<!-- advc.250c: was 100 -->
			<iAIAdvancedStartPercent>90</iAIAdvancedStartPercent>
			<!-- advc.148 -->
			<iAIAttitudeChangePercent>30</iAIAttitudeChangePercent>
			<Goodies>
				<GoodyType>GOODY_HIGH_GOLD</GoodyType>
				<GoodyType>GOODY_HIGH_GOLD</GoodyType>
				<GoodyType>GOODY_HIGH_GOLD</GoodyType>
				<GoodyType>GOODY_LOW_GOLD</GoodyType>
				<GoodyType>GOODY_LOW_GOLD</GoodyType>
				<!-- advc.314: was LOW_GOLD -->
				<GoodyType>GOODY_TECH</GoodyType>
				<GoodyType>GOODY_MAP</GoodyType>
				<GoodyType>GOODY_MAP</GoodyType>
				<!-- advc.314: GOODY_SETTLER entry removed -->
				<GoodyType>GOODY_WARRIOR</GoodyType>
				<GoodyType>GOODY_WARRIOR</GoodyType>
				<GoodyType>GOODY_SCOUT</GoodyType>
				<GoodyType>GOODY_WORKER</GoodyType>
				<GoodyType>GOODY_EXPERIENCE</GoodyType>
				<GoodyType>GOODY_HEALING</GoodyType>
				<GoodyType>GOODY_TECH</GoodyType>
				<GoodyType>GOODY_TECH</GoodyType>
				<GoodyType>GOODY_TECH</GoodyType>
				<GoodyType>GOODY_BARBARIANS_WEAK</GoodyType>
				<GoodyType>GOODY_BARBARIANS_STRONG</GoodyType>
			</Goodies>
			<FreeTechs>
				<FreeTech>
					<TechType>TECH_THE_WHEEL</TechType>
					<bFreeTech>1</bFreeTech>
				</FreeTech>
			</FreeTechs>
			<AIFreeTechs/>
			<!-- advc.250a -->
			<iDifficulty>20</iDifficulty>
		</HandicapInfo>
		<HandicapInfo>
			<Type>HANDICAP_NOBLE</Type>
			<Description>TXT_KEY_HANDICAP_NOBLE</Description>
			<Help>TXT_KEY_HANDICAP_NOBLE_HELP</Help>
			<iFreeWinsVsBarbs>2</iFreeWinsVsBarbs>
			<iAnimalAttackProb>85</iAnimalAttackProb>
			<!-- advc.108b: was 40 -->
			<iStartingLocPercent>49</iStartingLocPercent>
			<iAdvancedStartPointsMod>100</iAdvancedStartPointsMod>
			<iGold>0</iGold>
			<iFreeUnits>8</iFreeUnits>
			<iUnitCostPercent>50</iUnitCostPercent>
			<!-- advc.251 (start) -->
			<iBuildTimePercent>100</iBuildTimePercent>
			<iBaseGrowthThresholdPercent>100</iBaseGrowthThresholdPercent>
			<iGPThresholdPercent>100</iGPThresholdPercent>
			<!-- advc.251: Was 100. Note that this doesn't mean that humans
				 have an advantage over the AI; ResearchPercent applies to
				 all civs. -->
			<iResearchPercent>95</iResearchPercent>
			<iTrainPercent>100</iTrainPercent>
			<iConstructPercent>100</iConstructPercent>
			<iCreatePercent>100</iCreatePercent>
			<!-- advc.251 (end) -->
			<iDistanceMaintenancePercent>75</iDistanceMaintenancePercent>
			<iNumCitiesMaintenancePercent>70</iNumCitiesMaintenancePercent>
			<iMaxNumCitiesMaintenance>5</iMaxNumCitiesMaintenance>
			<iColonyMaintenancePercent>100</iColonyMaintenancePercent>
			<iMaxColonyMaintenance>200</iMaxColonyMaintenance>
			<iCorporationMaintenancePercent>100</iCorporationMaintenancePercent>
			<!-- advc.251: was 80 -->
			<iCivicUpkeepPercent>90</iCivicUpkeepPercent>
			<iInflationPercent>90</iInflationPercent>
			<iHealthBonus>2</iHealthBonus>
			<iHappyBonus>4</iHappyBonus>
			<!-- advc.148: was -1 -->
			<iAttitudeChange>0</iAttitudeChange>
			<iNoTechTradeModifier>70</iNoTechTradeModifier>
			<iTechTradeKnownModifier>0</iTechTradeKnownModifier>
			<iUnownedTilesPerGameAnimal>50</iUnownedTilesPerGameAnimal>
			<iUnownedTilesPerBarbarianUnit>60</iUnownedTilesPerBarbarianUnit>
			<iUnownedWaterTilesPerBarbarianUnit>500</iUnownedWaterTilesPerBarbarianUnit>
			<iUnownedTilesPerBarbarianCity>130</iUnownedTilesPerBarbarianCity>
			<!-- advc.300: was 35 -->
			<iBarbarianCreationTurnsElapsed>40</iBarbarianCreationTurnsElapsed>
			<!-- advc.300: was 40 -->
			<iBarbarianCityCreationTurnsElapsed>45</iBarbarianCityCreationTurnsElapsed>
			<iBarbarianCityCreationProb>6</iBarbarianCityCreationProb>
			<!-- advc.313: was -40 -->
			<iAnimalBonus>-25</iAnimalBonus>
			<iBarbarianBonus>-10</iBarbarianBonus>
			<!-- advc.313: was -40 -->
			<iAIAnimalBonus>-25</iAIAnimalBonus>
			<iAIBarbarianBonus>-25</iAIBarbarianBonus>
			<iStartingDefenseUnits>0</iStartingDefenseUnits>
			<iStartingWorkerUnits>0</iStartingWorkerUnits>
			<iStartingExploreUnits>0</iStartingExploreUnits>
			<iAIStartingUnitMultiplier>0</iAIStartingUnitMultiplier>
			<iAIStartingDefenseUnits>0</iAIStartingDefenseUnits>
			<iAIStartingWorkerUnits>0</iAIStartingWorkerUnits>
			<iAIStartingExploreUnits>0</iAIStartingExploreUnits>
			<iBarbarianDefenders>2</iBarbarianDefenders>
			<iAIDeclareWarProb>100</iAIDeclareWarProb>
			<iAIWorkRateModifier>0</iAIWorkRateModifier>
			<iAIGrowthPercent>100</iAIGrowthPercent>
			<!-- advc.251 -->
			<iAIGPThresholdPercent>100</iAIGPThresholdPercent>
			<!-- advc.251 -->
			<iAIResearchPercent>100</iAIResearchPercent>
			<iAITrainPercent>100</iAITrainPercent>
			<iAIWorldTrainPercent>100</iAIWorldTrainPercent>
			<iAIConstructPercent>100</iAIConstructPercent>
			<iAIWorldConstructPercent>100</iAIWorldConstructPercent>
			<iAICreatePercent>100</iAICreatePercent>
			<iAIWorldCreatePercent>100</iAIWorldCreatePercent>
			<iAICivicUpkeepPercent>100</iAICivicUpkeepPercent>
			<iAIUnitCostPercent>100</iAIUnitCostPercent>
			<iAIUnitSupplyPercent>50</iAIUnitSupplyPercent>
			<iAIUnitUpgradePercent>50</iAIUnitUpgradePercent>
			<iAIInflationPercent>80</iAIInflationPercent>
			<iAIWarWearinessPercent>80</iAIWarWearinessPercent>
			<!-- advc.251: renamed -->
			<iAIHandicapIncrementTurns>0</iAIHandicapIncrementTurns>
			<iAIAdvancedStartPercent>100</iAIAdvancedStartPercent>
			<!-- advc.148 -->
			<iAIAttitudeChangePercent>30</iAIAttitudeChangePercent>
			<Goodies>
				<GoodyType>GOODY_HIGH_GOLD</GoodyType>
				<GoodyType>GOODY_HIGH_GOLD</GoodyType>
				<GoodyType>GOODY_HIGH_GOLD</GoodyType>
				<GoodyType>GOODY_LOW_GOLD</GoodyType>
				<GoodyType>GOODY_LOW_GOLD</GoodyType>
				<GoodyType>GOODY_LOW_GOLD</GoodyType>
				<!-- advc.314: was LOW_GOLD -->
				<GoodyType>GOODY_TECH</GoodyType>
				<GoodyType>GOODY_MAP</GoodyType>
				<GoodyType>GOODY_MAP</GoodyType>
				<GoodyType>GOODY_WARRIOR</GoodyType>
				<GoodyType>GOODY_WARRIOR</GoodyType>
				<GoodyType>GOODY_SCOUT</GoodyType>
				<GoodyType>GOODY_EXPERIENCE</GoodyType>
				<GoodyType>GOODY_EXPERIENCE</GoodyType>
				<GoodyType>GOODY_HEALING</GoodyType>
				<GoodyType>GOODY_TECH</GoodyType>
				<GoodyType>GOODY_TECH</GoodyType>
				<GoodyType>GOODY_BARBARIANS_WEAK</GoodyType>
				<GoodyType>GOODY_BARBARIANS_WEAK</GoodyType>
				<GoodyType>GOODY_BARBARIANS_STRONG</GoodyType>
			</Goodies>
			<FreeTechs/>
			<AIFreeTechs/>
			<!-- advc.250a -->
			<iDifficulty>30</iDifficulty>
		</HandicapInfo>
		<HandicapInfo>
			<Type>HANDICAP_PRINCE</Type>
			<Description>TXT_KEY_HANDICAP_PRINCE</Description>
			<Help>TXT_KEY_HANDICAP_PRINCE_HELP</Help>
			<iFreeWinsVsBarbs>1</iFreeWinsVsBarbs>
			<iAnimalAttackProb>90</iAnimalAttackProb>
			<!-- advc.108b: was 50 -->
			<iStartingLocPercent>55</iStartingLocPercent>
			<!-- advc.250c: was 95 -->
			<iAdvancedStartPointsMod>100</iAdvancedStartPointsMod>
			<iGold>0</iGold>
			<iFreeUnits>6</iFreeUnits>
			<iUnitCostPercent>60</iUnitCostPercent>
			<!-- advc.251 (start) -->
			<iBuildTimePercent>100</iBuildTimePercent>
			<iBaseGrowthThresholdPercent>100</iBaseGrowthThresholdPercent>
			<iGPThresholdPercent>100</iGPThresholdPercent>
			<!-- was 110 -->
			<iResearchPercent>105</iResearchPercent>
			<iTrainPercent>100</iTrainPercent>
			<iConstructPercent>100</iConstructPercent>
			<iCreatePercent>100</iCreatePercent>
			<!-- advc.251 (end) -->
			<iDistanceMaintenancePercent>85</iDistanceMaintenancePercent>
			<iNumCitiesMaintenancePercent>80</iNumCitiesMaintenancePercent>
			<iMaxNumCitiesMaintenance>6</iMaxNumCitiesMaintenance>
			<!-- advc.251: was 110 -->
			<iColonyMaintenancePercent>105</iColonyMaintenancePercent>
			<iMaxColonyMaintenance>200</iMaxColonyMaintenance>
			<!-- advc.251: was 110 -->
			<iCorporationMaintenancePercent>105</iCorporationMaintenancePercent>
			<!-- advc.251: was 90 -->
			<iCivicUpkeepPercent>95</iCivicUpkeepPercent>
			<iInflationPercent>95</iInflationPercent>
			<iHealthBonus>2</iHealthBonus>
			<iHappyBonus>4</iHappyBonus>
			<!-- advc.148: was -1 -->
			<iAttitudeChange>0</iAttitudeChange>
			<iNoTechTradeModifier>60</iNoTechTradeModifier>
			<iTechTradeKnownModifier>0</iTechTradeKnownModifier>
			<!-- advc.300: was 40 -->
			<iUnownedTilesPerGameAnimal>45</iUnownedTilesPerGameAnimal>
			<iUnownedTilesPerBarbarianUnit>50</iUnownedTilesPerBarbarianUnit>
			<iUnownedWaterTilesPerBarbarianUnit>450</iUnownedWaterTilesPerBarbarianUnit>
			<iUnownedTilesPerBarbarianCity>120</iUnownedTilesPerBarbarianCity>
			<!-- advc.300: was 30 -->
			<iBarbarianCreationTurnsElapsed>35</iBarbarianCreationTurnsElapsed>
			<!-- advc.300: was 35 -->
			<iBarbarianCityCreationTurnsElapsed>40</iBarbarianCityCreationTurnsElapsed>
			<iBarbarianCityCreationProb>6</iBarbarianCityCreationProb>
			<!-- advc.313: was -30 -->
			<iAnimalBonus>-20</iAnimalBonus>
			<iBarbarianBonus>-5</iBarbarianBonus>
			<!-- advc.313: was -40 -->
			<iAIAnimalBonus>-25</iAIAnimalBonus>
			<iAIBarbarianBonus>-25</iAIBarbarianBonus>
			<iStartingDefenseUnits>0</iStartingDefenseUnits>
			<iStartingWorkerUnits>0</iStartingWorkerUnits>
			<iStartingExploreUnits>0</iStartingExploreUnits>
			<iAIStartingUnitMultiplier>0</iAIStartingUnitMultiplier>
			<iAIStartingDefenseUnits>0</iAIStartingDefenseUnits>
			<iAIStartingWorkerUnits>0</iAIStartingWorkerUnits>
			<iAIStartingExploreUnits>0</iAIStartingExploreUnits>
			<iBarbarianDefenders>2</iBarbarianDefenders>
			<iAIDeclareWarProb>100</iAIDeclareWarProb>
			<!-- advc.251: was 10 -->
			<iAIWorkRateModifier>5</iAIWorkRateModifier>
			<iAIGrowthPercent>100</iAIGrowthPercent>
			<!-- advc.251 -->
			<iAIGPThresholdPercent>100</iAIGPThresholdPercent>
			<!-- advc.251 -->
			<iAIResearchPercent>100</iAIResearchPercent>
			<iAITrainPercent>95</iAITrainPercent>
			<iAIWorldTrainPercent>100</iAIWorldTrainPercent>
			<iAIConstructPercent>95</iAIConstructPercent>
			<iAIWorldConstructPercent>100</iAIWorldConstructPercent>
			<iAICreatePercent>95</iAICreatePercent>
			<iAIWorldCreatePercent>100</iAIWorldCreatePercent>
			<iAICivicUpkeepPercent>95</iAICivicUpkeepPercent>
			<iAIUnitCostPercent>95</iAIUnitCostPercent>
			<iAIUnitSupplyPercent>50</iAIUnitSupplyPercent>
			<iAIUnitUpgradePercent>50</iAIUnitUpgradePercent>
			<iAIInflationPercent>80</iAIInflationPercent>
			<iAIWarWearinessPercent>80</iAIWarWearinessPercent>
			<!-- advc.251: Renamed; was 1 per era. -->
			<iAIHandicapIncrementTurns>100</iAIHandicapIncrementTurns>
			<!-- advc.250c: was 110 -->
			<iAIAdvancedStartPercent>125</iAIAdvancedStartPercent>
			<!-- advc.148 -->
			<iAIAttitudeChangePercent>40</iAIAttitudeChangePercent>
			<Goodies>
				<GoodyType>GOODY_HIGH_GOLD</GoodyType>
				<GoodyType>GOODY_HIGH_GOLD</GoodyType>
				<GoodyType>GOODY_LOW_GOLD</GoodyType>
				<GoodyType>GOODY_LOW_GOLD</GoodyType>
				<GoodyType>GOODY_LOW_GOLD</GoodyType>
				<!-- advc.314: was LOW_GOLD -->
				<GoodyType>GOODY_TECH</GoodyType>
				<GoodyType>GOODY_MAP</GoodyType>
				<GoodyType>GOODY_MAP</GoodyType>
				<GoodyType>GOODY_WARRIOR</GoodyType>
				<GoodyType>GOODY_WARRIOR</GoodyType>
				<GoodyType>GOODY_SCOUT</GoodyType>
				<GoodyType>GOODY_EXPERIENCE</GoodyType>
				<GoodyType>GOODY_EXPERIENCE</GoodyType>
				<GoodyType>GOODY_HEALING</GoodyType>
				<GoodyType>GOODY_TECH</GoodyType>
				<GoodyType>GOODY_TECH</GoodyType>
				<GoodyType>GOODY_BARBARIANS_WEAK</GoodyType>
				<GoodyType>GOODY_BARBARIANS_WEAK</GoodyType>
				<GoodyType>GOODY_BARBARIANS_WEAK</GoodyType>
				<GoodyType>GOODY_BARBARIANS_STRONG</GoodyType>
			</Goodies>
			<FreeTechs/>
			<AIFreeTechs/>
			<!-- advc.250a -->
			<iDifficulty>40</iDifficulty>
		</HandicapInfo>
		<!-- advc.126: Added free tech for later eras to
			 all handicaps below. -->
		<HandicapInfo>
			<Type>HANDICAP_MONARCH</Type>
			<Description>TXT_KEY_HANDICAP_MONARCH</Description>
			<Help>TXT_KEY_HANDICAP_MONARCH_HELP</Help>
			<iFreeWinsVsBarbs>0</iFreeWinsVsBarbs>
			<iAnimalAttackProb>90</iAnimalAttackProb>
			<!-- advc.108b: was 60 -->
			<iStartingLocPercent>65</iStartingLocPercent>
			<!-- advc.250c: was 90 -->
			<iAdvancedStartPointsMod>100</iAdvancedStartPointsMod>
			<iGold>0</iGold>
			<iFreeUnits>4</iFreeUnits>
			<iUnitCostPercent>70</iUnitCostPercent>
			<!-- advc.251 (start) -->
			<iBuildTimePercent>100</iBuildTimePercent>
			<iBaseGrowthThresholdPercent>100</iBaseGrowthThresholdPercent>
			<iGPThresholdPercent>100</iGPThresholdPercent>
			<!-- advc.251 (end) -->
			<iResearchPercent>115</iResearchPercent>
			<!-- advc.251 (start) -->
			<iTrainPercent>100</iTrainPercent>
			<iConstructPercent>100</iConstructPercent>
			<iCreatePercent>100</iCreatePercent>
			<!-- advc.251 (end) -->
			<iDistanceMaintenancePercent>90</iDistanceMaintenancePercent>
			<iNumCitiesMaintenancePercent>85</iNumCitiesMaintenancePercent>
			<iMaxNumCitiesMaintenance>6</iMaxNumCitiesMaintenance>
			<!-- advc.251: was 120 -->
			<iColonyMaintenancePercent>110</iColonyMaintenancePercent>
			<iMaxColonyMaintenance>200</iMaxColonyMaintenance>
			<!-- advc.251: was 120 -->
			<iCorporationMaintenancePercent>110</iCorporationMaintenancePercent>
			<!-- advc.251: was 95 -->
			<iCivicUpkeepPercent>100</iCivicUpkeepPercent>
			<iInflationPercent>100</iInflationPercent>
			<iHealthBonus>2</iHealthBonus>
			<iHappyBonus>4</iHappyBonus>
			<!-- advc.148: was -1 -->
			<iAttitudeChange>0</iAttitudeChange>
			<iNoTechTradeModifier>50</iNoTechTradeModifier>
			<iTechTradeKnownModifier>0</iTechTradeKnownModifier>
			<!-- advc.300: was 35 -->
			<iUnownedTilesPerGameAnimal>40</iUnownedTilesPerGameAnimal>
			<!-- advc.300: was 40 -->
			<iUnownedTilesPerBarbarianUnit>45</iUnownedTilesPerBarbarianUnit>
			<iUnownedWaterTilesPerBarbarianUnit>400</iUnownedWaterTilesPerBarbarianUnit>
			<iUnownedTilesPerBarbarianCity>110</iUnownedTilesPerBarbarianCity>
			<!-- advc.300: was 25 -->
			<iBarbarianCreationTurnsElapsed>30</iBarbarianCreationTurnsElapsed>
			<!-- advc.300: was 30 -->
			<iBarbarianCityCreationTurnsElapsed>35</iBarbarianCityCreationTurnsElapsed>
			<iBarbarianCityCreationProb>7</iBarbarianCityCreationProb>
			<!-- advc.313: was -20 -->
			<iAnimalBonus>-15</iAnimalBonus>
			<!-- advc.313: was 0 -->
			<iBarbarianBonus>-5</iBarbarianBonus>
			<!-- advc.313: was -40 -->
			<iAIAnimalBonus>-25</iAIAnimalBonus>
			<iAIBarbarianBonus>-25</iAIBarbarianBonus>
			<iStartingDefenseUnits>0</iStartingDefenseUnits>
			<iStartingWorkerUnits>0</iStartingWorkerUnits>
			<iStartingExploreUnits>0</iStartingExploreUnits>
			<iAIStartingUnitMultiplier>0</iAIStartingUnitMultiplier>
			<iAIStartingDefenseUnits>1</iAIStartingDefenseUnits>
			<iAIStartingWorkerUnits>0</iAIStartingWorkerUnits>
			<iAIStartingExploreUnits>0</iAIStartingExploreUnits>
			<iBarbarianDefenders>3</iBarbarianDefenders>
			<iAIDeclareWarProb>100</iAIDeclareWarProb>
			<!-- advc.251: was 20 -->
			<iAIWorkRateModifier>10</iAIWorkRateModifier>
			<iAIGrowthPercent>95</iAIGrowthPercent>
			<!-- advc.251 (start) -->
			<iAIGPThresholdPercent>95</iAIGPThresholdPercent>
			<iAIResearchPercent>105</iAIResearchPercent>
			<!-- was 90 -->
			<iAITrainPercent>95</iAITrainPercent>
			<!-- was 100 -->
			<iAIWorldTrainPercent>95</iAIWorldTrainPercent>
			<!-- was 90 -->
			<iAIConstructPercent>95</iAIConstructPercent>
			<!-- was 100 -->
			<iAIWorldConstructPercent>95</iAIWorldConstructPercent>
			<!-- was 90 -->
			<iAICreatePercent>95</iAICreatePercent>
			<!-- was 100 -->
			<iAIWorldCreatePercent>95</iAIWorldCreatePercent>
			<!-- advc.251 (end) -->
			<iAICivicUpkeepPercent>90</iAICivicUpkeepPercent>
			<iAIUnitCostPercent>90</iAIUnitCostPercent>
			<iAIUnitSupplyPercent>50</iAIUnitSupplyPercent>
			<iAIUnitUpgradePercent>50</iAIUnitUpgradePercent>
			<iAIInflationPercent>80</iAIInflationPercent>
			<iAIWarWearinessPercent>75</iAIWarWearinessPercent>
			<!-- advc.251: Renamed; was 2 per era. -->
			<iAIHandicapIncrementTurns>50</iAIHandicapIncrementTurns>
			<!-- advc.250c: was 120 -->
			<iAIAdvancedStartPercent>145</iAIAdvancedStartPercent>
			<!-- advc.148 -->
			<iAIAttitudeChangePercent>50</iAIAttitudeChangePercent>
			<Goodies>
				<GoodyType>GOODY_HIGH_GOLD</GoodyType>
				<GoodyType>GOODY_LOW_GOLD</GoodyType>
				<GoodyType>GOODY_LOW_GOLD</GoodyType>
				<GoodyType>GOODY_LOW_GOLD</GoodyType>
				<!-- advc.314: was LOW_GOLD -->
				<GoodyType>GOODY_TECH</GoodyType>
				<GoodyType>GOODY_MAP</GoodyType>
				<GoodyType>GOODY_MAP</GoodyType>
				<GoodyType>GOODY_WARRIOR</GoodyType>
				<GoodyType>GOODY_WARRIOR</GoodyType>
				<GoodyType>GOODY_SCOUT</GoodyType>
				<GoodyType>GOODY_EXPERIENCE</GoodyType>
				<GoodyType>GOODY_EXPERIENCE</GoodyType>
				<GoodyType>GOODY_HEALING</GoodyType>
				<GoodyType>GOODY_TECH</GoodyType>
				<GoodyType>GOODY_TECH</GoodyType>
				<GoodyType>GOODY_BARBARIANS_WEAK</GoodyType>
				<GoodyType>GOODY_BARBARIANS_WEAK</GoodyType>
				<GoodyType>GOODY_BARBARIANS_WEAK</GoodyType>
				<GoodyType>GOODY_BARBARIANS_STRONG</GoodyType>
				<GoodyType>GOODY_BARBARIANS_STRONG</GoodyType>
			</Goodies>
			<FreeTechs/>
			<AIFreeTechs>
				<FreeTech>
					<TechType>TECH_ARCHERY</TechType>
					<bFreeTech>1</bFreeTech>
				</FreeTech>
				<FreeTech>
					<TechType>TECH_MATHEMATICS</TechType>
					<bFreeTech>1</bFreeTech>
				</FreeTech>
				<FreeTech>
					<TechType>TECH_MACHINERY</TechType>
					<bFreeTech>1</bFreeTech>
				</FreeTech>
				<FreeTech>
					<TechType>TECH_PRINTING_PRESS</TechType>
					<bFreeTech>1</bFreeTech>
				</FreeTech>
				<FreeTech>
					<TechType>TECH_STEAM_POWER</TechType>
					<bFreeTech>1</bFreeTech>
				</FreeTech>
				<FreeTech>
					<TechType>TECH_PLASTICS</TechType>
					<bFreeTech>1</bFreeTech>
				</FreeTech>
			</AIFreeTechs>
			<!-- advc.250a -->
			<iDifficulty>50</iDifficulty>
		</HandicapInfo>
		<HandicapInfo>
			<Type>HANDICAP_EMPEROR</Type>
			<Description>TXT_KEY_HANDICAP_EMPEROR</Description>
			<Help>TXT_KEY_HANDICAP_EMPEROR_HELP</Help>
			<iFreeWinsVsBarbs>0</iFreeWinsVsBarbs>
			<iAnimalAttackProb>90</iAnimalAttackProb>
			<!-- advc.108b: was 70 -->
			<iStartingLocPercent>75</iStartingLocPercent>
			<!-- advc.250c: was 85 -->
			<iAdvancedStartPointsMod>100</iAdvancedStartPointsMod>
			<iGold>0</iGold>
			<iFreeUnits>3</iFreeUnits>
			<iUnitCostPercent>80</iUnitCostPercent>
			<!-- advc.251 (start) -->
			<iBuildTimePercent>110</iBuildTimePercent>
			<iBaseGrowthThresholdPercent>110</iBaseGrowthThresholdPercent>
			<iGPThresholdPercent>110</iGPThresholdPercent>
			<!-- advc.251 (end) -->
			<!-- advc.251 (start) -->
			<iResearchPercent>125</iResearchPercent>
			<iTrainPercent>110</iTrainPercent>
			<iConstructPercent>110</iConstructPercent>
			<iCreatePercent>110</iCreatePercent>
			<!-- advc.251 (end) -->
			<iDistanceMaintenancePercent>95</iDistanceMaintenancePercent>
			<iNumCitiesMaintenancePercent>90</iNumCitiesMaintenancePercent>
			<iMaxNumCitiesMaintenance>7</iMaxNumCitiesMaintenance>
			<!-- advc.251: was 115 -->
			<iColonyMaintenancePercent>115</iColonyMaintenancePercent>
			<iMaxColonyMaintenance>200</iMaxColonyMaintenance>
			<!-- advc.251: was 130 -->
			<iCorporationMaintenancePercent>115</iCorporationMaintenancePercent>
			<iCivicUpkeepPercent>100</iCivicUpkeepPercent>
			<iInflationPercent>100</iInflationPercent>
			<iHealthBonus>2</iHealthBonus>
			<iHappyBonus>4</iHappyBonus>
			<!-- advc.148: was -1 -->
			<iAttitudeChange>0</iAttitudeChange>
			<iNoTechTradeModifier>40</iNoTechTradeModifier>
			<iTechTradeKnownModifier>0</iTechTradeKnownModifier>
			<!-- advc.300: was 30 -->
			<iUnownedTilesPerGameAnimal>35</iUnownedTilesPerGameAnimal>
			<!-- advc.300: was 35 -->
			<iUnownedTilesPerBarbarianUnit>40</iUnownedTilesPerBarbarianUnit>
			<iUnownedWaterTilesPerBarbarianUnit>350</iUnownedWaterTilesPerBarbarianUnit>
			<iUnownedTilesPerBarbarianCity>100</iUnownedTilesPerBarbarianCity>
			<!-- advc.300: was 20 -->
			<iBarbarianCreationTurnsElapsed>25</iBarbarianCreationTurnsElapsed>
			<!-- advc.300: was 25 -->
			<iBarbarianCityCreationTurnsElapsed>30</iBarbarianCityCreationTurnsElapsed>
			<iBarbarianCityCreationProb>7</iBarbarianCityCreationProb>
			<iAnimalBonus>-10</iAnimalBonus>
			<!-- advc.313: was 0 -->
			<iBarbarianBonus>-5</iBarbarianBonus>
			<!-- advc.313: was -40 -->
			<iAIAnimalBonus>-25</iAIAnimalBonus>
			<iAIBarbarianBonus>-25</iAIBarbarianBonus>
			<iStartingDefenseUnits>0</iStartingDefenseUnits>
			<iStartingWorkerUnits>0</iStartingWorkerUnits>
			<iStartingExploreUnits>0</iStartingExploreUnits>
			<iAIStartingUnitMultiplier>0</iAIStartingUnitMultiplier>
			<iAIStartingDefenseUnits>2</iAIStartingDefenseUnits>
			<iAIStartingWorkerUnits>0</iAIStartingWorkerUnits>
			<!-- advc.250e: was 1 -->
			<iAIStartingExploreUnits>0</iAIStartingExploreUnits>
			<iBarbarianDefenders>3</iBarbarianDefenders>
			<iAIDeclareWarProb>100</iAIDeclareWarProb>
			<!-- advc.251: was 50 -->
			<iAIWorkRateModifier>15</iAIWorkRateModifier>
			<iAIGrowthPercent>90</iAIGrowthPercent>
			<!-- advc.251 (start) -->
			<iAIGPThresholdPercent>90</iAIGPThresholdPercent>
			<!-- Higher tech costs for the AI -->
			<iAIResearchPercent>110</iAIResearchPercent>
			<!-- was 85 -->
			<iAITrainPercent>95</iAITrainPercent>
			<!-- was 100 -->
			<iAIWorldTrainPercent>95</iAIWorldTrainPercent>
			<!-- was 85 -->
			<iAIConstructPercent>95</iAIConstructPercent>
			<!-- was 100 -->
			<iAIWorldConstructPercent>95</iAIWorldConstructPercent>
			<!-- was 85 -->
			<iAICreatePercent>95</iAICreatePercent>
			<!-- was 100 -->
			<iAIWorldCreatePercent>95</iAIWorldCreatePercent>
			<!-- advc.251 (end) -->
			<iAICivicUpkeepPercent>85</iAICivicUpkeepPercent>
			<iAIUnitCostPercent>85</iAIUnitCostPercent>
			<iAIUnitSupplyPercent>50</iAIUnitSupplyPercent>
			<iAIUnitUpgradePercent>50</iAIUnitUpgradePercent>
			<iAIInflationPercent>80</iAIInflationPercent>
			<iAIWarWearinessPercent>70</iAIWarWearinessPercent>
			<!-- advc.251: Renamed; was 3 per era. -->
			<iAIHandicapIncrementTurns>33</iAIHandicapIncrementTurns>
			<!-- advc.250c: was 135 -->
			<iAIAdvancedStartPercent>175</iAIAdvancedStartPercent>
			<!-- advc.148 -->
			<iAIAttitudeChangePercent>60</iAIAttitudeChangePercent>
			<Goodies>
				<GoodyType>GOODY_HIGH_GOLD</GoodyType>
				<GoodyType>GOODY_LOW_GOLD</GoodyType>
				<GoodyType>GOODY_LOW_GOLD</GoodyType>
				<GoodyType>GOODY_LOW_GOLD</GoodyType>
				<GoodyType>GOODY_LOW_GOLD</GoodyType>
				<!-- advc.314: was LOW_GOLD -->
				<GoodyType>GOODY_TECH</GoodyType>
				<GoodyType>GOODY_MAP</GoodyType>
				<GoodyType>GOODY_MAP</GoodyType>
				<GoodyType>GOODY_WARRIOR</GoodyType>
				<GoodyType>GOODY_SCOUT</GoodyType>
				<GoodyType>GOODY_EXPERIENCE</GoodyType>
				<GoodyType>GOODY_HEALING</GoodyType>
				<GoodyType>GOODY_TECH</GoodyType>
				<GoodyType>GOODY_TECH</GoodyType>
				<GoodyType>GOODY_BARBARIANS_WEAK</GoodyType>
				<GoodyType>GOODY_BARBARIANS_WEAK</GoodyType>
				<GoodyType>GOODY_BARBARIANS_WEAK</GoodyType>
				<GoodyType>GOODY_BARBARIANS_STRONG</GoodyType>
				<GoodyType>GOODY_BARBARIANS_STRONG</GoodyType>
				<GoodyType>GOODY_BARBARIANS_STRONG</GoodyType>
			</Goodies>
			<FreeTechs/>
			<AIFreeTechs>
				<FreeTech>
					<TechType>TECH_HUNTING</TechType>
					<bFreeTech>1</bFreeTech>
				</FreeTech>
				<FreeTech>
					<TechType>TECH_ARCHERY</TechType>
					<bFreeTech>1</bFreeTech>
				</FreeTech>
				<FreeTech>
					<TechType>TECH_MATHEMATICS</TechType>
					<bFreeTech>1</bFreeTech>
				</FreeTech>
				<FreeTech>
					<TechType>TECH_MACHINERY</TechType>
					<bFreeTech>1</bFreeTech>
				</FreeTech>
				<FreeTech>
					<TechType>TECH_PRINTING_PRESS</TechType>
					<bFreeTech>1</bFreeTech>
				</FreeTech>
				<FreeTech>
					<TechType>TECH_STEAM_POWER</TechType>
					<bFreeTech>1</bFreeTech>
				</FreeTech>
				<FreeTech>
					<TechType>TECH_PLASTICS</TechType>
					<bFreeTech>1</bFreeTech>
				</FreeTech>
			</AIFreeTechs>
			<!-- advc.250a -->
			<iDifficulty>60</iDifficulty>
		</HandicapInfo>
		<HandicapInfo>
			<Type>HANDICAP_IMMORTAL</Type>
			<Description>TXT_KEY_HANDICAP_IMMORTAL</Description>
			<Help>TXT_KEY_HANDICAP_IMMORTAL_HELP</Help>
			<iFreeWinsVsBarbs>0</iFreeWinsVsBarbs>
			<iAnimalAttackProb>90</iAnimalAttackProb>
			<!-- advc.108b: was 80 -->
			<iStartingLocPercent>85</iStartingLocPercent>
			<!-- advc.250c: was 80 -->
			<iAdvancedStartPointsMod>100</iAdvancedStartPointsMod>
			<iGold>0</iGold>
			<iFreeUnits>2</iFreeUnits>
			<iUnitCostPercent>90</iUnitCostPercent>
			<!-- advc.251 (start) -->
			<iBuildTimePercent>115</iBuildTimePercent>
			<iBaseGrowthThresholdPercent>120</iBaseGrowthThresholdPercent>
			<iGPThresholdPercent>120</iGPThresholdPercent>
			<!-- was 125 -->
			<iResearchPercent>135</iResearchPercent>
			<iTrainPercent>120</iTrainPercent>
			<iConstructPercent>120</iConstructPercent>
			<iCreatePercent>120</iCreatePercent>
			<!-- advc.251 (end) -->
			<iDistanceMaintenancePercent>100</iDistanceMaintenancePercent>
			<iNumCitiesMaintenancePercent>95</iNumCitiesMaintenancePercent>
			<iMaxNumCitiesMaintenance>7</iMaxNumCitiesMaintenance>
			<!-- advc.251: was 140 -->
			<iColonyMaintenancePercent>120</iColonyMaintenancePercent>
			<iMaxColonyMaintenance>200</iMaxColonyMaintenance>
			<!-- advc.251: was 140 -->
			<iCorporationMaintenancePercent>120</iCorporationMaintenancePercent>
			<iCivicUpkeepPercent>100</iCivicUpkeepPercent>
			<iInflationPercent>100</iInflationPercent>
			<iHealthBonus>2</iHealthBonus>
			<iHappyBonus>4</iHappyBonus>
			<!-- advc.148: was -1 -->
			<iAttitudeChange>0</iAttitudeChange>
			<iNoTechTradeModifier>30</iNoTechTradeModifier>
			<iTechTradeKnownModifier>0</iTechTradeKnownModifier>
			<!-- advc.300: was 25 -->
			<iUnownedTilesPerGameAnimal>30</iUnownedTilesPerGameAnimal>
			<!-- advc.300: was 30 -->
			<iUnownedTilesPerBarbarianUnit>35</iUnownedTilesPerBarbarianUnit>
			<iUnownedWaterTilesPerBarbarianUnit>300</iUnownedWaterTilesPerBarbarianUnit>
			<iUnownedTilesPerBarbarianCity>90</iUnownedTilesPerBarbarianCity>
			<!-- advc.300: was 15 -->
			<iBarbarianCreationTurnsElapsed>20</iBarbarianCreationTurnsElapsed>
			<!-- advc.300: was 20 -->
			<iBarbarianCityCreationTurnsElapsed>25</iBarbarianCityCreationTurnsElapsed>
			<iBarbarianCityCreationProb>8</iBarbarianCityCreationProb>
			<iAnimalBonus>-5</iAnimalBonus>
			<!-- advc.313: was 0 -->
			<iBarbarianBonus>-5</iBarbarianBonus>
			<!-- advc.313: was -40 -->
			<iAIAnimalBonus>-25</iAIAnimalBonus>
			<iAIBarbarianBonus>-25</iAIBarbarianBonus>
			<iStartingDefenseUnits>0</iStartingDefenseUnits>
			<iStartingWorkerUnits>0</iStartingWorkerUnits>
			<iStartingExploreUnits>0</iStartingExploreUnits>
			<iAIStartingUnitMultiplier>0</iAIStartingUnitMultiplier>
			<!-- advc.250e: was 3 -->
			<iAIStartingDefenseUnits>2</iAIStartingDefenseUnits>
			<iAIStartingWorkerUnits>1</iAIStartingWorkerUnits>
			<iAIStartingExploreUnits>1</iAIStartingExploreUnits>
			<!-- advc.250e: was 4 -->
			<iBarbarianDefenders>3</iBarbarianDefenders>
			<iAIDeclareWarProb>100</iAIDeclareWarProb>
			<!-- advc.251: was 75 -->
			<iAIWorkRateModifier>20</iAIWorkRateModifier>
			<iAIGrowthPercent>85</iAIGrowthPercent>
			<!-- advc.251 (start) -->
			<iAIGPThresholdPercent>85</iAIGPThresholdPercent>
			<!-- Higher tech costs for the AI -->
			<iAIResearchPercent>115</iAIResearchPercent>
			<!-- was 80 -->
			<iAITrainPercent>90</iAITrainPercent>
			<!-- was 100 -->
			<iAIWorldTrainPercent>90</iAIWorldTrainPercent>
			<!-- was 80 -->
			<iAIConstructPercent>90</iAIConstructPercent>
			<!-- was 100 -->
			<iAIWorldConstructPercent>90</iAIWorldConstructPercent>
			<!-- was 80 -->
			<iAICreatePercent>90</iAICreatePercent>
			<!-- was 100 -->
			<iAIWorldCreatePercent>90</iAIWorldCreatePercent>
			<!-- advc.251 (end) -->
			<iAICivicUpkeepPercent>80</iAICivicUpkeepPercent>
			<iAIUnitCostPercent>80</iAIUnitCostPercent>
			<iAIUnitSupplyPercent>50</iAIUnitSupplyPercent>
			<iAIUnitUpgradePercent>50</iAIUnitUpgradePercent>
			<iAIInflationPercent>80</iAIInflationPercent>
			<iAIWarWearinessPercent>60</iAIWarWearinessPercent>
			<!-- advc.251: Renamed; was 4 per era. -->
			<iAIHandicapIncrementTurns>25</iAIHandicapIncrementTurns>
			<!-- advc.250c: was 150 -->
			<iAIAdvancedStartPercent>210</iAIAdvancedStartPercent>
			<!-- advc.148 -->
			<iAIAttitudeChangePercent>70</iAIAttitudeChangePercent>
			<Goodies>
				<GoodyType>GOODY_LOW_GOLD</GoodyType>
				<GoodyType>GOODY_LOW_GOLD</GoodyType>
				<GoodyType>GOODY_LOW_GOLD</GoodyType>
				<GoodyType>GOODY_LOW_GOLD</GoodyType>
				<!-- advc.314: was LOW_GOLD -->
				<GoodyType>GOODY_TECH</GoodyType>
				<GoodyType>GOODY_MAP</GoodyType>
				<GoodyType>GOODY_MAP</GoodyType>
				<GoodyType>GOODY_WARRIOR</GoodyType>
				<GoodyType>GOODY_SCOUT</GoodyType>
				<GoodyType>GOODY_EXPERIENCE</GoodyType>
				<GoodyType>GOODY_HEALING</GoodyType>
				<GoodyType>GOODY_TECH</GoodyType>
				<GoodyType>GOODY_TECH</GoodyType>
				<GoodyType>GOODY_BARBARIANS_WEAK</GoodyType>
				<GoodyType>GOODY_BARBARIANS_WEAK</GoodyType>
				<GoodyType>GOODY_BARBARIANS_WEAK</GoodyType>
				<GoodyType>GOODY_BARBARIANS_STRONG</GoodyType>
				<GoodyType>GOODY_BARBARIANS_STRONG</GoodyType>
				<GoodyType>GOODY_BARBARIANS_STRONG</GoodyType>
				<GoodyType>GOODY_BARBARIANS_STRONG</GoodyType>
			</Goodies>
			<FreeTechs/>
			<AIFreeTechs>
				<FreeTech>
					<TechType>TECH_AGRICULTURE</TechType>
					<bFreeTech>1</bFreeTech>
				</FreeTech>
				<FreeTech>
					<TechType>TECH_HUNTING</TechType>
					<bFreeTech>1</bFreeTech>
				</FreeTech>
				<FreeTech>
					<TechType>TECH_ARCHERY</TechType>
					<bFreeTech>1</bFreeTech>
				</FreeTech>
				<FreeTech>
					<TechType>TECH_MATHEMATICS</TechType>
					<bFreeTech>1</bFreeTech>
				</FreeTech>
				<FreeTech>
					<TechType>TECH_MACHINERY</TechType>
					<bFreeTech>1</bFreeTech>
				</FreeTech>
				<FreeTech>
					<TechType>TECH_PRINTING_PRESS</TechType>
					<bFreeTech>1</bFreeTech>
				</FreeTech>
				<FreeTech>
					<TechType>TECH_STEAM_POWER</TechType>
					<bFreeTech>1</bFreeTech>
				</FreeTech>
				<FreeTech>
					<TechType>TECH_PLASTICS</TechType>
					<bFreeTech>1</bFreeTech>
				</FreeTech>
			</AIFreeTechs>
			<!-- advc.250a -->
			<iDifficulty>70</iDifficulty>
		</HandicapInfo>
		<HandicapInfo>
			<Type>HANDICAP_DEITY</Type>
			<Description>TXT_KEY_HANDICAP_DEITY</Description>
			<Help>TXT_KEY_HANDICAP_DEITY_HELP</Help>
			<iFreeWinsVsBarbs>0</iFreeWinsVsBarbs>
			<iAnimalAttackProb>90</iAnimalAttackProb>
			<!-- advc.108b: was 90 -->
			<iStartingLocPercent>95</iStartingLocPercent>
			<!-- advc.250c: was 75 -->
			<iAdvancedStartPointsMod>100</iAdvancedStartPointsMod>
			<iGold>0</iGold>
			<iFreeUnits>1</iFreeUnits>
			<iUnitCostPercent>100</iUnitCostPercent>
			<!-- advc.251 (start) -->
			<iBuildTimePercent>120</iBuildTimePercent>
			<iBaseGrowthThresholdPercent>130</iBaseGrowthThresholdPercent>
			<iGPThresholdPercent>130</iGPThresholdPercent>
			<!-- advc.251: was 130 -->
			<iResearchPercent>150</iResearchPercent>
			<iTrainPercent>130</iTrainPercent>
			<iConstructPercent>130</iConstructPercent>
			<iCreatePercent>130</iCreatePercent>
			<!-- advc.251 (end) -->
			<iDistanceMaintenancePercent>100</iDistanceMaintenancePercent>
			<iNumCitiesMaintenancePercent>100</iNumCitiesMaintenancePercent>
			<iMaxNumCitiesMaintenance>8</iMaxNumCitiesMaintenance>
			<!-- advc.251: was 150 -->
			<iColonyMaintenancePercent>130</iColonyMaintenancePercent>
			<iMaxColonyMaintenance>200</iMaxColonyMaintenance>
			<!-- advc.251: was 150 -->
			<iCorporationMaintenancePercent>130</iCorporationMaintenancePercent>
			<iCivicUpkeepPercent>100</iCivicUpkeepPercent>
			<iInflationPercent>100</iInflationPercent>
			<iHealthBonus>2</iHealthBonus>
			<iHappyBonus>4</iHappyBonus>
			<!-- advc.148: was -1 -->
			<iAttitudeChange>0</iAttitudeChange>
			<iNoTechTradeModifier>20</iNoTechTradeModifier>
			<iTechTradeKnownModifier>0</iTechTradeKnownModifier>
			<!-- advc.300: was 20 -->
			<iUnownedTilesPerGameAnimal>25</iUnownedTilesPerGameAnimal>
			<!-- advc.300: was 25 -->
			<iUnownedTilesPerBarbarianUnit>30</iUnownedTilesPerBarbarianUnit>
			<iUnownedWaterTilesPerBarbarianUnit>250</iUnownedWaterTilesPerBarbarianUnit>
			<iUnownedTilesPerBarbarianCity>80</iUnownedTilesPerBarbarianCity>
			<!-- advc.300: was 10 -->
			<iBarbarianCreationTurnsElapsed>15</iBarbarianCreationTurnsElapsed>
			<!-- advc.300: was 15 -->
			<iBarbarianCityCreationTurnsElapsed>25</iBarbarianCityCreationTurnsElapsed>
			<iBarbarianCityCreationProb>8</iBarbarianCityCreationProb>
			<iAnimalBonus>0</iAnimalBonus>
			<iBarbarianBonus>0</iBarbarianBonus>
			<!-- advc.313: was -40 -->
			<iAIAnimalBonus>-25</iAIAnimalBonus>
			<iAIBarbarianBonus>-25</iAIBarbarianBonus>
			<iStartingDefenseUnits>0</iStartingDefenseUnits>
			<iStartingWorkerUnits>0</iStartingWorkerUnits>
			<iStartingExploreUnits>0</iStartingExploreUnits>
			<!-- advc.250e: was 1 -->
			<iAIStartingUnitMultiplier>0</iAIStartingUnitMultiplier>
			<!-- advc.250e: was 4 -->
			<iAIStartingDefenseUnits>3</iAIStartingDefenseUnits>
			<iAIStartingWorkerUnits>1</iAIStartingWorkerUnits>
			<iAIStartingExploreUnits>1</iAIStartingExploreUnits>
			<iBarbarianDefenders>4</iBarbarianDefenders>
			<iAIDeclareWarProb>100</iAIDeclareWarProb>
			<!-- advc.251: was 100 -->
			<iAIWorkRateModifier>25</iAIWorkRateModifier>
			<iAIGrowthPercent>80</iAIGrowthPercent>
			<!-- advc.251 (start) -->
			<iAIGPThresholdPercent>80</iAIGPThresholdPercent>
			<!-- Higher tech costs for the AI -->
			<iAIResearchPercent>120</iAIResearchPercent>
			<!-- was 60 -->
			<iAITrainPercent>85</iAITrainPercent>
			<!-- was 100-->
			<iAIWorldTrainPercent>85</iAIWorldTrainPercent>
			<!-- was 60 -->
			<iAIConstructPercent>85</iAIConstructPercent>
			<!-- was 100 -->
			<iAIWorldConstructPercent>85</iAIWorldConstructPercent>
			<!-- was 60 -->
			<iAICreatePercent>85</iAICreatePercent>
			<!-- was 100 -->
			<iAIWorldCreatePercent>85</iAIWorldCreatePercent>
			<!-- was 60 -->
			<iAICivicUpkeepPercent>75</iAICivicUpkeepPercent>
			<!-- was 60 -->
			<iAIUnitCostPercent>75</iAIUnitCostPercent>
			<!-- advc.251 (end) -->
			<iAIUnitSupplyPercent>50</iAIUnitSupplyPercent>
			<iAIUnitUpgradePercent>50</iAIUnitUpgradePercent>
			<iAIInflationPercent>80</iAIInflationPercent>
			<iAIWarWearinessPercent>50</iAIWarWearinessPercent>
			<!-- advc.251: Renamed; was 5 per era. -->
			<iAIHandicapIncrementTurns>20</iAIHandicapIncrementTurns>
			<!-- advc.250c: was 170 -->
			<iAIAdvancedStartPercent>270</iAIAdvancedStartPercent>
			<!-- advc.148 -->
			<iAIAttitudeChangePercent>90</iAIAttitudeChangePercent>
			<Goodies>
				<GoodyType>GOODY_LOW_GOLD</GoodyType>
				<GoodyType>GOODY_LOW_GOLD</GoodyType>
				<GoodyType>GOODY_LOW_GOLD</GoodyType>
				<GoodyType>GOODY_LOW_GOLD</GoodyType>
				<!-- advc.314: was LOW_GOLD -->
				<GoodyType>GOODY_TECH</GoodyType>
				<GoodyType>GOODY_MAP</GoodyType>
				<GoodyType>GOODY_WARRIOR</GoodyType>
				<GoodyType>GOODY_SCOUT</GoodyType>
				<GoodyType>GOODY_EXPERIENCE</GoodyType>
				<GoodyType>GOODY_HEALING</GoodyType>
				<GoodyType>GOODY_TECH</GoodyType>
				<GoodyType>GOODY_TECH</GoodyType>
				<GoodyType>GOODY_BARBARIANS_WEAK</GoodyType>
				<GoodyType>GOODY_BARBARIANS_WEAK</GoodyType>
				<GoodyType>GOODY_BARBARIANS_STRONG</GoodyType>
				<GoodyType>GOODY_BARBARIANS_STRONG</GoodyType>
				<GoodyType>GOODY_BARBARIANS_STRONG</GoodyType>
				<GoodyType>GOODY_BARBARIANS_STRONG</GoodyType>
				<GoodyType>GOODY_BARBARIANS_STRONG</GoodyType>
				<GoodyType>GOODY_BARBARIANS_STRONG</GoodyType>
			</Goodies>
			<FreeTechs/>
			<AIFreeTechs>
				<FreeTech>
					<TechType>TECH_THE_WHEEL</TechType>
					<bFreeTech>1</bFreeTech>
				</FreeTech>
				<FreeTech>
					<TechType>TECH_AGRICULTURE</TechType>
					<bFreeTech>1</bFreeTech>
				</FreeTech>
				<FreeTech>
					<TechType>TECH_HUNTING</TechType>
					<bFreeTech>1</bFreeTech>
				</FreeTech>
				<FreeTech>
					<TechType>TECH_ARCHERY</TechType>
					<bFreeTech>1</bFreeTech>
				</FreeTech>
				<FreeTech>
					<TechType>TECH_MATHEMATICS</TechType>
					<bFreeTech>1</bFreeTech>
				</FreeTech>
				<FreeTech>
					<TechType>TECH_IRON_WORKING</TechType>
					<bFreeTech>1</bFreeTech>
				</FreeTech>
				<FreeTech>
					<TechType>TECH_MACHINERY</TechType>
					<bFreeTech>1</bFreeTech>
				</FreeTech>
				<FreeTech>
					<TechType>TECH_FEUDALISM</TechType>
					<bFreeTech>1</bFreeTech>
				</FreeTech>
				<FreeTech>
					<TechType>TECH_PRINTING_PRESS</TechType>
					<bFreeTech>1</bFreeTech>
				</FreeTech>
				<FreeTech>
					<TechType>TECH_GUNPOWDER</TechType>
					<bFreeTech>1</bFreeTech>
				</FreeTech>
				<FreeTech>
					<TechType>TECH_STEAM_POWER</TechType>
					<bFreeTech>1</bFreeTech>
				</FreeTech>
				<FreeTech>
					<TechType>TECH_STEEL</TechType>
					<bFreeTech>1</bFreeTech>
				</FreeTech>
				<FreeTech>
					<TechType>TECH_PLASTICS</TechType>
					<bFreeTech>1</bFreeTech>
				</FreeTech>
				<FreeTech>
					<TechType>TECH_REFRIGERATION</TechType>
					<bFreeTech>1</bFreeTech>
				</FreeTech>
			</AIFreeTechs>
			<!-- advc.250a -->
			<iDifficulty>85</iDifficulty>
		</HandicapInfo>
		<!-- advc.250a: Uncomment this to enable the King difficulty: -->
		<!--<HandicapInfo>
			<Type>HANDICAP_KING</Type>
			<Description>TXT_KEY_HANDICAP_KING</Description>
			<Help>TXT_KEY_HANDICAP_KING_HELP</Help>
			<iFreeWinsVsBarbs>0</iFreeWinsVsBarbs>
			<iAnimalAttackProb>90</iAnimalAttackProb>
			<iStartingLocPercent>100</iStartingLocPercent>
			<iAdvancedStartPointsMod>100</iAdvancedStartPointsMod>
			<iGold>0</iGold>
			<iFreeUnits>5</iFreeUnits>
			<iUnitCostPercent>70</iUnitCostPercent>
			<iBuildTimePercent>100</iBuildTimePercent>
			<iBaseGrowthThresholdPercent>100</iBaseGrowthThresholdPercent>
			<iGPThresholdPercent>100</iGPThresholdPercent>
			<iResearchPercent>110</iResearchPercent>
			<iTrainPercent>100</iTrainPercent>
			<iConstructPercent>100</iConstructPercent>
			<iCreatePercent>100</iCreatePercent>
			<iDistanceMaintenancePercent>90</iDistanceMaintenancePercent>
			<iNumCitiesMaintenancePercent>90</iNumCitiesMaintenancePercent>
			<iMaxNumCitiesMaintenance>6</iMaxNumCitiesMaintenance>
			<iColonyMaintenancePercent>115</iColonyMaintenancePercent>
			<iMaxColonyMaintenance>200</iMaxColonyMaintenance>
			<iCorporationMaintenancePercent>115</iCorporationMaintenancePercent>
			<iCivicUpkeepPercent>100</iCivicUpkeepPercent>
			<iInflationPercent>100</iInflationPercent>
			<iHealthBonus>2</iHealthBonus>
			<iHappyBonus>4</iHappyBonus>
			<iAttitudeChange>0</iAttitudeChange>
			<iNoTechTradeModifier>50</iNoTechTradeModifier>
			<iTechTradeKnownModifier>0</iTechTradeKnownModifier>
			<iUnownedTilesPerGameAnimal>40</iUnownedTilesPerGameAnimal>
			<iUnownedTilesPerBarbarianUnit>40</iUnownedTilesPerBarbarianUnit>
			<iUnownedWaterTilesPerBarbarianUnit>400</iUnownedWaterTilesPerBarbarianUnit>
			<iUnownedTilesPerBarbarianCity>100</iUnownedTilesPerBarbarianCity>
			<iBarbarianCreationTurnsElapsed>35</iBarbarianCreationTurnsElapsed>			<iBarbarianCityCreationTurnsElapsed>40</iBarbarianCityCreationTurnsElapsed>
			<iBarbarianCityCreationProb>6</iBarbarianCityCreationProb>
			<iAnimalBonus>-20</iAnimalBonus>
			<iBarbarianBonus>-5</iBarbarianBonus>
			<iAIAnimalBonus>-25</iAIAnimalBonus>
			<iAIBarbarianBonus>-25</iAIBarbarianBonus>
			<iStartingDefenseUnits>0</iStartingDefenseUnits>
			<iStartingWorkerUnits>0</iStartingWorkerUnits>
			<iStartingExploreUnits>0</iStartingExploreUnits>
			<iAIStartingUnitMultiplier>0</iAIStartingUnitMultiplier>
			<iAIStartingDefenseUnits>2</iAIStartingDefenseUnits>
			<iAIStartingWorkerUnits>1</iAIStartingWorkerUnits>
			<iAIStartingExploreUnits>0</iAIStartingExploreUnits>
			<iBarbarianDefenders>2</iBarbarianDefenders>
			<iAIDeclareWarProb>100</iAIDeclareWarProb>
			<iAIWorkRateModifier>10</iAIWorkRateModifier>
			<iAIGrowthPercent>100</iAIGrowthPercent>
			<iAIGPThresholdPercent>95</iAIGPThresholdPercent>
			<iAIResearchPercent>100</iAIResearchPercent>
			<iAITrainPercent>100</iAITrainPercent>
			<iAIWorldTrainPercent>100</iAIWorldTrainPercent>
			<iAIConstructPercent>100</iAIConstructPercent>
			<iAIWorldConstructPercent>100</iAIWorldConstructPercent>
			<iAICreatePercent>100</iAICreatePercent>
			<iAIWorldCreatePercent>100</iAIWorldCreatePercent>
			<iAICivicUpkeepPercent>90</iAICivicUpkeepPercent>
			<iAIUnitCostPercent>90</iAIUnitCostPercent>
			<iAIUnitSupplyPercent>50</iAIUnitSupplyPercent>
			<iAIUnitUpgradePercent>50</iAIUnitUpgradePercent>
			<iAIInflationPercent>80</iAIInflationPercent>
			<iAIWarWearinessPercent>80</iAIWarWearinessPercent>
			<iAIHandicapIncrementTurns>33</iAIHandicapIncrementTurns>
			<iAIAdvancedStartPercent>200</iAIAdvancedStartPercent>
			<iAIAttitudeChangePercent>60</iAIAttitudeChangePercent>
			<Goodies>
                <GoodyType>GOODY_HIGH_GOLD</GoodyType>
                <GoodyType>GOODY_HIGH_GOLD</GoodyType>
                <GoodyType>GOODY_LOW_GOLD</GoodyType>
                <GoodyType>GOODY_LOW_GOLD</GoodyType>
                <GoodyType>GOODY_BARBARIANS_STRONG</GoodyType>
				<GoodyType>GOODY_TECH</GoodyType>
                <GoodyType>GOODY_MAP</GoodyType>
                <GoodyType>GOODY_MAP</GoodyType>
                <GoodyType>GOODY_WARRIOR</GoodyType>
                <GoodyType>GOODY_WARRIOR</GoodyType>
                <GoodyType>GOODY_SCOUT</GoodyType>
                <GoodyType>GOODY_EXPERIENCE</GoodyType>
                <GoodyType>GOODY_EXPERIENCE</GoodyType>
                <GoodyType>GOODY_HEALING</GoodyType>
                <GoodyType>GOODY_TECH</GoodyType>
                <GoodyType>GOODY_TECH</GoodyType>
                <GoodyType>GOODY_BARBARIANS_WEAK</GoodyType>
                <GoodyType>GOODY_BARBARIANS_WEAK</GoodyType>
                <GoodyType>GOODY_BARBARIANS_WEAK</GoodyType>
                <GoodyType>GOODY_BARBARIANS_STRONG</GoodyType>
            </Goodies>
			<FreeTechs/>
			<AIFreeTechs>
				<FreeTech>
					<TechType>TECH_POTTERY</TechType>
					<bFreeTech>1</bFreeTech>
				</FreeTech>
				<FreeTech>
					<TechType>TECH_MATHEMATICS</TechType>
					<bFreeTech>1</bFreeTech>
				</FreeTech>
				<FreeTech>
					<TechType>TECH_MACHINERY</TechType>
					<bFreeTech>1</bFreeTech>
				</FreeTech>
				<FreeTech>
					<TechType>TECH_PRINTING_PRESS</TechType>
					<bFreeTech>1</bFreeTech>
				</FreeTech>
				<FreeTech>
					<TechType>TECH_STEAM_POWER</TechType>
					<bFreeTech>1</bFreeTech>
				</FreeTech>
				<FreeTech>
					<TechType>TECH_PLASTICS</TechType>
					<bFreeTech>1</bFreeTech>
				</FreeTech>
			</AIFreeTechs>
			<iDifficulty>65</iDifficulty>
		</HandicapInfo>-->
	</HandicapInfos>
</Civ4HandicapInfo>
