<?xml version="1.0"?>
<!-- edited with XMLSPY v2004 rel. 2 U (http://www.xmlspy.com) by Alex Mantzaris (Firaxis Games) -->
<!-- Sid Meier's Civilization 4 -->
<!-- Copyright Firaxis Games 2005 -->
<!-- -->
<!-- World Infos -->
<!-- NOTE: If you remove any of these you need to update Interface/WorldPickerInfos.xml -->
<Civ4WorldInfo xmlns="x-schema:CIV4GameInfoSchema.xml">
	<WorldInfos>
		<WorldInfo>
			<Type>WORLDSIZE_DUEL</Type>
			<Description>TXT_KEY_WORLD_DUEL</Description>
			<Help>TXT_KEY_WORLD_DUEL_HELP</Help>
			<iDefaultPlayers>2</iDefaultPlayers>
			<iUnitNameModifier>50</iUnitNameModifier>
			<iTargetNumCities>4</iTargetNumCities>
			<iNumFreeBuildingBonuses>1</iNumFreeBuildingBonuses>
			<iBuildingClassPrereqModifier>0</iBuildingClassPrereqModifier>
			<!-- advc.140: was -50 -->
			<iMaxConscriptModifier>-30</iMaxConscriptModifier>
			<!-- advc.140: was 37 -->
			<iWarWearinessModifier>30</iWarWearinessModifier>
			<!-- advc.137: was 10 -->
			<iGridWidth>8</iGridWidth>
			<iGridHeight>6</iGridHeight>
			<iTerrainGrainChange>-1</iTerrainGrainChange>
			<iFeatureGrainChange>-1</iFeatureGrainChange>
			<!-- advc.910: was 100 -->
			<iResearchPercent>95</iResearchPercent>
			<!-- advc.140: was 80 -->
			<iTradeProfitPercent>70</iTradeProfitPercent>
			<!-- advc.140: was 50 -->
			<iDistanceMaintenancePercent>60</iDistanceMaintenancePercent>
			<!-- advc.140: was 45 -->
			<iNumCitiesMaintenancePercent>40</iNumCitiesMaintenancePercent>
			<iColonyMaintenancePercent>67</iColonyMaintenancePercent>
			<iCorporationMaintenancePercent>400</iCorporationMaintenancePercent>
			<iNumCitiesAnarchyPercent>11</iNumCitiesAnarchyPercent>
			<!-- advc.250c: was 80 -->
			<iAdvancedStartPointsMod>100</iAdvancedStartPointsMod>
		</WorldInfo>
		<WorldInfo>
			<Type>WORLDSIZE_TINY</Type>
			<Description>TXT_KEY_WORLD_TINY</Description>
			<Help>TXT_KEY_WORLD_TINY_HELP</Help>
			<iDefaultPlayers>3</iDefaultPlayers>
			<iUnitNameModifier>40</iUnitNameModifier>
			<iTargetNumCities>4</iTargetNumCities>
			<iNumFreeBuildingBonuses>1</iNumFreeBuildingBonuses>
			<iBuildingClassPrereqModifier>0</iBuildingClassPrereqModifier>
			<!-- advc.140: was -25 -->
			<iMaxConscriptModifier>-15</iMaxConscriptModifier>
			<!-- advc.140: was 30 -->
			<iWarWearinessModifier>20</iWarWearinessModifier>
			<!-- advc.137: was 13 -->
			<iGridWidth>12</iGridWidth>
			<iGridHeight>8</iGridHeight>
			<iTerrainGrainChange>-1</iTerrainGrainChange>
			<iFeatureGrainChange>-1</iFeatureGrainChange>
			<!-- advc.910: was 110 -->
			<iResearchPercent>100</iResearchPercent>
			<!-- advc.140: was 70 -->
			<iTradeProfitPercent>63</iTradeProfitPercent>
			<!-- advc.140: was 60 -->
			<iDistanceMaintenancePercent>67</iDistanceMaintenancePercent>
			<!-- advc.140: was 40 -->
			<iNumCitiesMaintenancePercent>37</iNumCitiesMaintenancePercent>
			<iColonyMaintenancePercent>60</iColonyMaintenancePercent>
			<iCorporationMaintenancePercent>200</iCorporationMaintenancePercent>
			<iNumCitiesAnarchyPercent>10</iNumCitiesAnarchyPercent>
			<!-- advc.250c: was 85 -->
			<iAdvancedStartPointsMod>100</iAdvancedStartPointsMod>
		</WorldInfo>
		<WorldInfo>
			<Type>WORLDSIZE_SMALL</Type>
			<Description>TXT_KEY_WORLD_SMALL</Description>
			<Help>TXT_KEY_WORLD_SMALL_HELP</Help>
			<iDefaultPlayers>5</iDefaultPlayers>
			<iUnitNameModifier>30</iUnitNameModifier>
			<iTargetNumCities>5</iTargetNumCities>
			<iNumFreeBuildingBonuses>3</iNumFreeBuildingBonuses>
			<iBuildingClassPrereqModifier>25</iBuildingClassPrereqModifier>
			<iMaxConscriptModifier>0</iMaxConscriptModifier>
			<!-- advc.140: was 10 -->
			<iWarWearinessModifier>12</iWarWearinessModifier>
			<!-- advc.137: was 16 -->
			<iGridWidth>15</iGridWidth>
			<iGridHeight>10</iGridHeight>
			<iTerrainGrainChange>0</iTerrainGrainChange>
			<iFeatureGrainChange>0</iFeatureGrainChange>
			<!-- advc.910: was 120 -->
			<iResearchPercent>105</iResearchPercent>
			<!-- advc.140: was 60 -->
			<iTradeProfitPercent>55</iTradeProfitPercent>
			<!-- advc.140: was 70 -->
			<iDistanceMaintenancePercent>75</iDistanceMaintenancePercent>
			<!-- advc.140: was 35 -->
			<iNumCitiesMaintenancePercent>34</iNumCitiesMaintenancePercent>
			<iColonyMaintenancePercent>52</iColonyMaintenancePercent>
			<iCorporationMaintenancePercent>150</iCorporationMaintenancePercent>
			<iNumCitiesAnarchyPercent>9</iNumCitiesAnarchyPercent>
			<!-- advc.250c: was 90 -->
			<iAdvancedStartPointsMod>100</iAdvancedStartPointsMod>
		</WorldInfo>
		<WorldInfo>
			<Type>WORLDSIZE_STANDARD</Type>
			<Description>TXT_KEY_WORLD_STANDARD</Description>
			<Help>TXT_KEY_WORLD_STANDARD_HELP</Help>
			<!-- advc.137: was 7 -->
			<iDefaultPlayers>8</iDefaultPlayers>
			<iUnitNameModifier>20</iUnitNameModifier>
			<iTargetNumCities>5</iTargetNumCities>
			<!-- advc.140: was 5 -->
			<iNumFreeBuildingBonuses>4</iNumFreeBuildingBonuses>
			<!-- advc.054: Was 50. Doesn't actually make a difference b/c of
				 rounding and b/c the base number of req. buildings is always
				 1, 2 or 4 (never 3). -->
			<iBuildingClassPrereqModifier>38</iBuildingClassPrereqModifier>
			<!-- advc.140: was 25 -->
			<iMaxConscriptModifier>15</iMaxConscriptModifier>
			<!-- advc.140: was -10 -->
			<iWarWearinessModifier>0</iWarWearinessModifier>
			<!-- advc.137: was 21 -->
			<iGridWidth>20</iGridWidth>
			<iGridHeight>13</iGridHeight>
			<iTerrainGrainChange>0</iTerrainGrainChange>
			<iFeatureGrainChange>0</iFeatureGrainChange>
			<!-- advc.910: was 130 -->
			<iResearchPercent>115</iResearchPercent>
			<!-- advc.140: was 50 -->
			<iTradeProfitPercent>48</iTradeProfitPercent>
			<!-- advc.140: was 80 -->
			<iDistanceMaintenancePercent>82</iDistanceMaintenancePercent>
			<!-- advc.140: was 30 -->
			<iNumCitiesMaintenancePercent>31</iNumCitiesMaintenancePercent>
			<iColonyMaintenancePercent>45</iColonyMaintenancePercent>
			<iCorporationMaintenancePercent>100</iCorporationMaintenancePercent>
			<iNumCitiesAnarchyPercent>8</iNumCitiesAnarchyPercent>
			<iAdvancedStartPointsMod>100</iAdvancedStartPointsMod>
		</WorldInfo>
		<WorldInfo>
			<Type>WORLDSIZE_LARGE</Type>
			<Description>TXT_KEY_WORLD_LARGE</Description>
			<Help>TXT_KEY_WORLD_LARGE_HELP</Help>
			<!-- advc.137: was 9 -->
			<iDefaultPlayers>11</iDefaultPlayers>
			<iUnitNameModifier>10</iUnitNameModifier>
			<iTargetNumCities>6</iTargetNumCities>
			<!-- advc.140: was 6 -->
			<iNumFreeBuildingBonuses>5</iNumFreeBuildingBonuses>
			<!-- advc.054: was 75 -->
			<iBuildingClassPrereqModifier>50</iBuildingClassPrereqModifier>
			<!-- advc.140: was 50 -->
			<iMaxConscriptModifier>30</iMaxConscriptModifier>
			<!-- advc.140: was -30 -->
			<iWarWearinessModifier>-13</iWarWearinessModifier>
			<!-- advc.137: was 26 -->
			<iGridWidth>25</iGridWidth>
			<!-- advc.137: was 16 -->
			<iGridHeight>15</iGridHeight>
			<iTerrainGrainChange>1</iTerrainGrainChange>
			<iFeatureGrainChange>1</iFeatureGrainChange>
			<!-- advc.910: was 140 -->
			<iResearchPercent>137</iResearchPercent>
			<iTradeProfitPercent>40</iTradeProfitPercent>
			<!-- advc.140: was 90 -->
			<iDistanceMaintenancePercent>89</iDistanceMaintenancePercent>
			<!-- advc.140: was 25 -->
			<iNumCitiesMaintenancePercent>28</iNumCitiesMaintenancePercent>
			<iColonyMaintenancePercent>37</iColonyMaintenancePercent>
			<iCorporationMaintenancePercent>75</iCorporationMaintenancePercent>
			<iNumCitiesAnarchyPercent>7</iNumCitiesAnarchyPercent>
			<!-- advc.250c: was 110 -->
			<iAdvancedStartPointsMod>100</iAdvancedStartPointsMod>
		</WorldInfo>
		<WorldInfo>
			<Type>WORLDSIZE_HUGE</Type>
			<Description>TXT_KEY_WORLD_HUGE</Description>
			<Help>TXT_KEY_WORLD_HUGE_HELP</Help>
			<!-- advc.137: was 11 -->
			<iDefaultPlayers>16</iDefaultPlayers>
			<iUnitNameModifier>0</iUnitNameModifier>
			<iTargetNumCities>6</iTargetNumCities>
			<!-- advc.140: was 7 -->
			<iNumFreeBuildingBonuses>6</iNumFreeBuildingBonuses>
			<!-- advc.054: was 100 -->
			<iBuildingClassPrereqModifier>75</iBuildingClassPrereqModifier>
			<!-- advc.140: was 75 -->
			<iMaxConscriptModifier>45</iMaxConscriptModifier>
			<!-- advc.140: was -50 -->
			<iWarWearinessModifier>-25</iWarWearinessModifier>
			<!-- advc.137: was 32 -->
			<iGridWidth>31</iGridWidth>
			<!-- advc.137: was 20 -->
			<iGridHeight>19</iGridHeight>
			<iTerrainGrainChange>1</iTerrainGrainChange>
			<iFeatureGrainChange>1</iFeatureGrainChange>
			<iResearchPercent>150</iResearchPercent>
			<!-- advc.140: was 30 -->
			<iTradeProfitPercent>33</iTradeProfitPercent>
			<!-- advc.140: was 100 -->
			<iDistanceMaintenancePercent>97</iDistanceMaintenancePercent>
			<!-- advc.140: was 20 -->
			<iNumCitiesMaintenancePercent>25</iNumCitiesMaintenancePercent>
			<iColonyMaintenancePercent>30</iColonyMaintenancePercent>
			<iCorporationMaintenancePercent>50</iCorporationMaintenancePercent>
			<iNumCitiesAnarchyPercent>6</iNumCitiesAnarchyPercent>
			<!-- advc.250c: was 120 -->
			<iAdvancedStartPointsMod>100</iAdvancedStartPointsMod>
		</WorldInfo>
		<!-- advc.test: From vincentz's 34-civs micro mod. For testing
			 MAX_CIV_PLAYERS > 18. I haven't made any adjustments except
			 increase iDefaultPlayers to the highest number that I think
			 this map size can accommodate at Low sea level. -->
		<!--WorldInfo>
			<Type>WORLDSIZE_GIANT</Type>
			<Description>Giant</Description>
			<Help>No help text available</Help>
			<iDefaultPlayers>36</iDefaultPlayers>
			<iUnitNameModifier>0</iUnitNameModifier>
			<iTargetNumCities>6</iTargetNumCities>
			<iNumFreeBuildingBonuses>7</iNumFreeBuildingBonuses>
			<iBuildingClassPrereqModifier>100</iBuildingClassPrereqModifier>
			<iMaxConscriptModifier>75</iMaxConscriptModifier>
			<iWarWearinessModifier>-50</iWarWearinessModifier>
			<iGridWidth>40</iGridWidth>
			<iGridHeight>25</iGridHeight>
			<iTerrainGrainChange>2</iTerrainGrainChange>
			<iFeatureGrainChange>2</iFeatureGrainChange>
			<iResearchPercent>150</iResearchPercent>
			<iTradeProfitPercent>30</iTradeProfitPercent>
			<iDistanceMaintenancePercent>100</iDistanceMaintenancePercent>
			<iNumCitiesMaintenancePercent>20</iNumCitiesMaintenancePercent>
			<iColonyMaintenancePercent>30</iColonyMaintenancePercent>
			<iCorporationMaintenancePercent>50</iCorporationMaintenancePercent>
			<iNumCitiesAnarchyPercent>6</iNumCitiesAnarchyPercent>
			<iAdvancedStartPointsMod>120</iAdvancedStartPointsMod>
		</WorldInfo-->
		
	</WorldInfos>
</Civ4WorldInfo>
