<?xml version="1.0"?>
<!-- edited with XMLSPY v2004 rel. 2 U (http://www.xmlspy.com) by Jesse Smith (Firaxis Games) -->
<!-- Sid Meier's Civilization 4 -->
<!-- Copyright Firaxis Games 2005 -->
<!-- -->
<!-- Sea Level -->
<Civ4SeaLevelInfo xmlns="x-schema:CIV4GameInfoSchema.xml">
	<SeaLevelInfos>
		<SeaLevelInfo>
			<Type>SEALEVEL_LOW</Type>
			<Description>TXT_KEY_SEALEVEL_LOW</Description>
			<iSeaLevelChange>-8</iSeaLevelChange>
			<!-- advc.910 -->
			<iResearchPercent>120</iResearchPercent>
		</SeaLevelInfo>
		<SeaLevelInfo>
			<Type>SEALEVEL_MEDIUM</Type>
			<Description>TXT_KEY_SEALEVEL_MEDIUM</Description>
			<iSeaLevelChange>0</iSeaLevelChange>
			<!-- advc.910 -->
			<iResearchPercent>100</iResearchPercent>
		</SeaLevelInfo>
		<SeaLevelInfo>
			<Type>SEALEVEL_HIGH</Type>
			<Description>TXT_KEY_SEALEVEL_HIGH</Description>
			<iSeaLevelChange>6</iSeaLevelChange>
			<!-- advc.910 -->
			<iResearchPercent>85</iResearchPercent>
		</SeaLevelInfo>
	</SeaLevelInfos>
</Civ4SeaLevelInfo>
