<?xml version="1.0"?>
<!-- edited with XMLSPY v2004 rel. 2 U (http://www.xmlspy.com) by lcollins (Firaxis Games) -->
<!-- Sid Meier's Civilization 4 -->
<!-- Copyright Firaxis Games 2005 -->
<!-- -->
<!-- Specialist -->
<Civ4SpecialistInfos xmlns="x-schema:CIV4GameInfoSchema.xml">
	<SpecialistInfos>
		<SpecialistInfo>
			<Type>SPECIALIST_CITIZEN</Type>
			<Description>TXT_KEY_SPECIALIST_CITIZEN</Description>
			<Civilopedia>TXT_KEY_CONCEPT_SPECIALISTS_PEDIA</Civilopedia>
			<Strategy>TXT_KEY_SPECIALIST_CITIZEN_STRATEGY</Strategy>
			<Help/>
			<Texture>Art/Interface/MainScreen/CityScreen/Citizen.dds</Texture>
			<bVisible>1</bVisible>
			<GreatPeopleUnitClass>NONE</GreatPeopleUnitClass>
			<iGreatPeopleRateChange>0</iGreatPeopleRateChange>
			<Yields>
				<iYield>0</iYield>
				<iYield>1</iYield>
				<iYield>0</iYield>
			</Yields>
			<Commerces/>
			<iExperience>0</iExperience>
			<Flavors/>
			<HotKey/>
			<bAltDown>0</bAltDown>
			<bShiftDown>0</bShiftDown>
			<bCtrlDown>0</bCtrlDown>
			<iHotKeyPriority>0</iHotKeyPriority>
			<Button>Art/Interface/MainScreen/CityScreen/Citizen.dds</Button>
		</SpecialistInfo>
		<SpecialistInfo>
			<Type>SPECIALIST_PRIEST</Type>
			<Description>TXT_KEY_SPECIALIST_PRIEST</Description>
			<Civilopedia>TXT_KEY_CONCEPT_SPECIALISTS_PEDIA</Civilopedia>
			<Strategy>TXT_KEY_SPECIALIST_PRIEST_STRATEGY</Strategy>
			<Help/>
			<Texture>Art/Interface/MainScreen/CityScreen/Priest.dds</Texture>
			<bVisible>1</bVisible>
			<GreatPeopleUnitClass>UNITCLASS_PROPHET</GreatPeopleUnitClass>
			<iGreatPeopleRateChange>3</iGreatPeopleRateChange>
			<Yields>
				<iYield>0</iYield>
				<iYield>1</iYield>
				<iYield>0</iYield>
			</Yields>
			<Commerces>
				<iCommerce>1</iCommerce>
				<iCommerce>0</iCommerce>
				<iCommerce>0</iCommerce>
			</Commerces>
			<iExperience>0</iExperience>
			<Flavors/>
			<HotKey/>
			<bAltDown>0</bAltDown>
			<bShiftDown>0</bShiftDown>
			<bCtrlDown>0</bCtrlDown>
			<iHotKeyPriority>0</iHotKeyPriority>
			<Button>Art/Interface/MainScreen/CityScreen/Priest.dds</Button>
		</SpecialistInfo>
		<SpecialistInfo>
			<Type>SPECIALIST_ARTIST</Type>
			<Description>TXT_KEY_SPECIALIST_ARTIST</Description>
			<Civilopedia>TXT_KEY_CONCEPT_SPECIALISTS_PEDIA</Civilopedia>
			<Strategy>TXT_KEY_SPECIALIST_ARTIST_STRATEGY</Strategy>
			<Help/>
			<Texture>Art/Interface/MainScreen/CityScreen/Artist.dds</Texture>
			<bVisible>1</bVisible>
			<GreatPeopleUnitClass>UNITCLASS_ARTIST</GreatPeopleUnitClass>
			<iGreatPeopleRateChange>3</iGreatPeopleRateChange>
			<Yields/>
			<Commerces>
				<iCommerce>0</iCommerce>
				<iCommerce>1</iCommerce>
				<iCommerce>4</iCommerce>
			</Commerces>
			<iExperience>0</iExperience>
			<Flavors/>
			<HotKey/>
			<bAltDown>0</bAltDown>
			<bShiftDown>0</bShiftDown>
			<bCtrlDown>0</bCtrlDown>
			<iHotKeyPriority>0</iHotKeyPriority>
			<Button>Art/Interface/MainScreen/CityScreen/Artist.dds</Button>
		</SpecialistInfo>
		<SpecialistInfo>
			<Type>SPECIALIST_SCIENTIST</Type>
			<Description>TXT_KEY_SPECIALIST_SCIENTIST</Description>
			<Civilopedia>TXT_KEY_CONCEPT_SPECIALISTS_PEDIA</Civilopedia>
			<Strategy>TXT_KEY_SPECIALIST_SCIENTIST_STRATEGY</Strategy>
			<Help/>
			<Texture>Art/Interface/MainScreen/CityScreen/scientist.dds</Texture>
			<bVisible>1</bVisible>
			<GreatPeopleUnitClass>UNITCLASS_SCIENTIST</GreatPeopleUnitClass>
			<iGreatPeopleRateChange>3</iGreatPeopleRateChange>
			<Yields/>
			<Commerces>
				<iCommerce>0</iCommerce>
				<iCommerce>3</iCommerce>
				<iCommerce>0</iCommerce>
			</Commerces>
			<iExperience>0</iExperience>
			<Flavors/>
			<HotKey/>
			<bAltDown>0</bAltDown>
			<bShiftDown>0</bShiftDown>
			<bCtrlDown>0</bCtrlDown>
			<iHotKeyPriority>0</iHotKeyPriority>
			<Button>Art/Interface/MainScreen/CityScreen/scientist.dds</Button>
		</SpecialistInfo>
		<SpecialistInfo>
			<Type>SPECIALIST_MERCHANT</Type>
			<Description>TXT_KEY_SPECIALIST_MERCHANT</Description>
			<Civilopedia>TXT_KEY_CONCEPT_SPECIALISTS_PEDIA</Civilopedia>
			<Strategy>TXT_KEY_SPECIALIST_MERCHANT_STRATEGY</Strategy>
			<Help/>
			<Texture>Art/Interface/MainScreen/CityScreen/merchant.dds</Texture>
			<bVisible>1</bVisible>
			<GreatPeopleUnitClass>UNITCLASS_MERCHANT</GreatPeopleUnitClass>
			<iGreatPeopleRateChange>3</iGreatPeopleRateChange>
			<Yields/>
			<Commerces>
				<iCommerce>3</iCommerce>
				<iCommerce>0</iCommerce>
				<iCommerce>0</iCommerce>
			</Commerces>
			<iExperience>0</iExperience>
			<Flavors/>
			<HotKey/>
			<bAltDown>0</bAltDown>
			<bShiftDown>0</bShiftDown>
			<bCtrlDown>0</bCtrlDown>
			<iHotKeyPriority>0</iHotKeyPriority>
			<Button>Art/Interface/MainScreen/CityScreen/merchant.dds</Button>
		</SpecialistInfo>
		<SpecialistInfo>
			<Type>SPECIALIST_ENGINEER</Type>
			<Description>TXT_KEY_SPECIALIST_ENGINEER</Description>
			<Civilopedia>TXT_KEY_CONCEPT_SPECIALISTS_PEDIA</Civilopedia>
			<Strategy>TXT_KEY_SPECIALIST_ENGINEER_STRATEGY</Strategy>
			<Help/>
			<Texture>Art/Interface/MainScreen/CityScreen/engineer.dds</Texture>
			<bVisible>1</bVisible>
			<GreatPeopleUnitClass>UNITCLASS_ENGINEER</GreatPeopleUnitClass>
			<iGreatPeopleRateChange>3</iGreatPeopleRateChange>
			<Yields>
				<iYield>0</iYield>
				<iYield>2</iYield>
				<iYield>0</iYield>
			</Yields>
			<Commerces/>
			<iExperience>0</iExperience>
			<Flavors/>
			<HotKey/>
			<bAltDown>0</bAltDown>
			<bShiftDown>0</bShiftDown>
			<bCtrlDown>0</bCtrlDown>
			<iHotKeyPriority>0</iHotKeyPriority>
			<Button>Art/Interface/MainScreen/CityScreen/engineer.dds</Button>
		</SpecialistInfo>
		<SpecialistInfo>
			<Type>SPECIALIST_SPY</Type>
			<Description>TXT_KEY_UNIT_SPY</Description>
			<Civilopedia>TXT_KEY_CONCEPT_GREAT_SPY_PEDIA</Civilopedia>
			<Strategy>TXT_KEY_SPECIALIST_SPY_STRATEGY</Strategy>
			<Help/>
			<Texture>,Art/Interface/Buttons/TechTree/Corporation.dds,Art/Interface/Buttons/Beyond_the_Sword_Atlas.dds,5,14</Texture>
			<bVisible>1</bVisible>
			<GreatPeopleUnitClass>UNITCLASS_GREAT_SPY</GreatPeopleUnitClass>
			<iGreatPeopleRateChange>3</iGreatPeopleRateChange>
			<Yields/>
			<Commerces>
				<iCommerce>0</iCommerce>
				<iCommerce>1</iCommerce>
				<iCommerce>0</iCommerce>
				<iCommerce>4</iCommerce>
			</Commerces>
			<iExperience>0</iExperience>
			<Flavors/>
			<HotKey/>
			<bAltDown>0</bAltDown>
			<bShiftDown>0</bShiftDown>
			<bCtrlDown>0</bCtrlDown>
			<iHotKeyPriority>0</iHotKeyPriority>
			<Button>Art/Interface/MainScreen/CityScreen/spy.dds</Button>
		</SpecialistInfo>
		<SpecialistInfo>
			<Type>SPECIALIST_GREAT_PRIEST</Type>
			<Description>TXT_KEY_SPECIALIST_GREAT_PRIEST</Description>
			<Civilopedia>TXT_KEY_CONCEPT_GREAT_PEOPLE_PEDIA</Civilopedia>
			<Strategy>TXT_KEY_SPECIALIST_GREAT_PRIEST_STRATEGY</Strategy>
			<Help/>
			<Texture>Art/Interface/MainScreen/CityScreen/Great_Priest.dds</Texture>
			<bVisible>0</bVisible>
			<GreatPeopleUnitClass>NONE</GreatPeopleUnitClass>
			<iGreatPeopleRateChange>0</iGreatPeopleRateChange>
			<Yields>
				<iYield>0</iYield>
				<iYield>2</iYield>
				<iYield>0</iYield>
			</Yields>
			<Commerces>
				<iCommerce>5</iCommerce>
				<iCommerce>0</iCommerce>
				<iCommerce>0</iCommerce>
			</Commerces>
			<iExperience>0</iExperience>
			<Flavors/>
			<HotKey/>
			<bAltDown>0</bAltDown>
			<bShiftDown>0</bShiftDown>
			<bCtrlDown>0</bCtrlDown>
			<iHotKeyPriority>0</iHotKeyPriority>
			<Button>Art/Interface/MainScreen/CityScreen/Great_Priest.dds</Button>
		</SpecialistInfo>
		<SpecialistInfo>
			<Type>SPECIALIST_GREAT_ARTIST</Type>
			<Description>TXT_KEY_SPECIALIST_GREAT_ARTIST</Description>
			<Civilopedia>TXT_KEY_CONCEPT_GREAT_PEOPLE_PEDIA</Civilopedia>
			<Strategy>TXT_KEY_SPECIALIST_GREAT_ARTIST_STRATEGY</Strategy>
			<Help/>
			<Texture>Art/Interface/MainScreen/CityScreen/Great_Artist.dds</Texture>
			<bVisible>0</bVisible>
			<GreatPeopleUnitClass>NONE</GreatPeopleUnitClass>
			<iGreatPeopleRateChange>0</iGreatPeopleRateChange>
			<Yields/>
			<Commerces>
				<iCommerce>3</iCommerce>
				<iCommerce>0</iCommerce>
				<iCommerce>12</iCommerce>
			</Commerces>
			<iExperience>0</iExperience>
			<Flavors/>
			<HotKey/>
			<bAltDown>0</bAltDown>
			<bShiftDown>0</bShiftDown>
			<bCtrlDown>0</bCtrlDown>
			<iHotKeyPriority>0</iHotKeyPriority>
			<Button>Art/Interface/MainScreen/CityScreen/Great_Artist.dds</Button>
		</SpecialistInfo>
		<SpecialistInfo>
			<Type>SPECIALIST_GREAT_SCIENTIST</Type>
			<Description>TXT_KEY_SPECIALIST_GREAT_SCIENTIST</Description>
			<Civilopedia>TXT_KEY_CONCEPT_GREAT_PEOPLE_PEDIA</Civilopedia>
			<Strategy>TXT_KEY_SPECIALIST_GREAT_SCIENTIST_STRATEGY</Strategy>
			<Help/>
			<Texture>Art/Interface/MainScreen/CityScreen/Great_Scientist.dds</Texture>
			<bVisible>0</bVisible>
			<GreatPeopleUnitClass>NONE</GreatPeopleUnitClass>
			<iGreatPeopleRateChange>0</iGreatPeopleRateChange>
			<Yields>
				<iYield>0</iYield>
				<iYield>1</iYield>
				<iYield>0</iYield>
			</Yields>
			<Commerces>
				<iCommerce>0</iCommerce>
				<iCommerce>6</iCommerce>
				<iCommerce>0</iCommerce>
			</Commerces>
			<iExperience>0</iExperience>
			<Flavors/>
			<HotKey/>
			<bAltDown>0</bAltDown>
			<bShiftDown>0</bShiftDown>
			<bCtrlDown>0</bCtrlDown>
			<iHotKeyPriority>0</iHotKeyPriority>
			<Button>Art/Interface/MainScreen/CityScreen/Great_Scientist.dds</Button>
		</SpecialistInfo>
		<SpecialistInfo>
			<Type>SPECIALIST_GREAT_MERCHANT</Type>
			<Description>TXT_KEY_SPECIALIST_GREAT_MERCHANT</Description>
			<Civilopedia>TXT_KEY_CONCEPT_GREAT_PEOPLE_PEDIA</Civilopedia>
			<Strategy>TXT_KEY_SPECIALIST_GREAT_MERCHANT_STRATEGY</Strategy>
			<Help/>
			<Texture>Art/Interface/MainScreen/CityScreen/Great_Merchant.dds</Texture>
			<bVisible>0</bVisible>
			<GreatPeopleUnitClass>NONE</GreatPeopleUnitClass>
			<iGreatPeopleRateChange>0</iGreatPeopleRateChange>
			<Yields>
				<iYield>1</iYield>
				<iYield>0</iYield>
				<iYield>0</iYield>
			</Yields>
			<Commerces>
				<iCommerce>6</iCommerce>
				<iCommerce>0</iCommerce>
				<iCommerce>0</iCommerce>
			</Commerces>
			<iExperience>0</iExperience>
			<Flavors/>
			<HotKey/>
			<bAltDown>0</bAltDown>
			<bShiftDown>0</bShiftDown>
			<bCtrlDown>0</bCtrlDown>
			<iHotKeyPriority>0</iHotKeyPriority>
			<Button>Art/Interface/MainScreen/CityScreen/Great_Merchant.dds</Button>
		</SpecialistInfo>
		<SpecialistInfo>
			<Type>SPECIALIST_GREAT_ENGINEER</Type>
			<Description>TXT_KEY_SPECIALIST_GREAT_ENGINEER</Description>
			<Civilopedia>TXT_KEY_CONCEPT_GREAT_PEOPLE_PEDIA</Civilopedia>
			<Strategy>TXT_KEY_SPECIALIST_GREAT_ENGINEER_STRATEGY</Strategy>
			<Help/>
			<Texture>Art/Interface/MainScreen/CityScreen/Great_Engineer.dds</Texture>
			<bVisible>0</bVisible>
			<GreatPeopleUnitClass>NONE</GreatPeopleUnitClass>
			<iGreatPeopleRateChange>0</iGreatPeopleRateChange>
			<Yields>
				<iYield>0</iYield>
				<iYield>3</iYield>
				<iYield>0</iYield>
			</Yields>
			<Commerces>
				<iCommerce>0</iCommerce>
				<iCommerce>3</iCommerce>
				<iCommerce>0</iCommerce>
			</Commerces>
			<iExperience>0</iExperience>
			<Flavors/>
			<HotKey/>
			<bAltDown>0</bAltDown>
			<bShiftDown>0</bShiftDown>
			<bCtrlDown>0</bCtrlDown>
			<iHotKeyPriority>0</iHotKeyPriority>
			<Button>Art/Interface/MainScreen/CityScreen/Great_Engineer.dds</Button>
		</SpecialistInfo>
		<SpecialistInfo>
			<Type>SPECIALIST_GREAT_GENERAL</Type>
			<Description>TXT_KEY_SPECIALIST_GREAT_GENERAL</Description>
			<Civilopedia>TXT_KEY_CONCEPT_GREAT_GENERALS_PEDIA</Civilopedia>
			<Strategy>TXT_KEY_SPECIALIST_GREAT_GENERAL_STRATEGY</Strategy>
			<Help/>
			<Texture>,Art/Interface/MainScreen/CityScreen/Great_Engineer.dds,Art/Interface/Buttons/Warlords_Atlas_2.dds,2,6</Texture>
			<bVisible>0</bVisible>
			<GreatPeopleUnitClass>NONE</GreatPeopleUnitClass>
			<iGreatPeopleRateChange>0</iGreatPeopleRateChange>
			<Yields>
				<iYield>0</iYield>
				<iYield>0</iYield>
				<iYield>0</iYield>
			</Yields>
			<Commerces>
				<iCommerce>0</iCommerce>
				<iCommerce>0</iCommerce>
				<iCommerce>0</iCommerce>
			</Commerces>
			<iExperience>2</iExperience>
			<Flavors/>
			<HotKey/>
			<bAltDown>0</bAltDown>
			<bShiftDown>0</bShiftDown>
			<bCtrlDown>0</bCtrlDown>
			<iHotKeyPriority>0</iHotKeyPriority>
			<Button>,Art/Interface/MainScreen/CityScreen/Great_Engineer.dds,Art/Interface/Buttons/Warlords_Atlas_2.dds,2,6</Button>
		</SpecialistInfo>
		<SpecialistInfo>
			<Type>SPECIALIST_GREAT_SPY</Type>
			<Description>TXT_KEY_SPECIALIST_GREAT_SPY</Description>
			<Civilopedia>TXT_KEY_CONCEPT_GREAT_SPY_PEDIA</Civilopedia>
			<Strategy>TXT_KEY_SPECIALIST_GREAT_SPY_STRATEGY</Strategy>
			<Help/>
			<Texture>,Art/Interface/Buttons/TechTree/Corporation.dds,Art/Interface/Buttons/Beyond_the_Sword_Atlas.dds,6,14</Texture>
			<bVisible>0</bVisible>
			<GreatPeopleUnitClass>NONE</GreatPeopleUnitClass>
			<iGreatPeopleRateChange>0</iGreatPeopleRateChange>
			<Yields/>
			<Commerces>
				<iCommerce>0</iCommerce>
				<iCommerce>3</iCommerce>
				<iCommerce>0</iCommerce>
				<iCommerce>12</iCommerce>
			</Commerces>
			<iExperience>0</iExperience>
			<Flavors/>
			<HotKey/>
			<bAltDown>0</bAltDown>
			<bShiftDown>0</bShiftDown>
			<bCtrlDown>0</bCtrlDown>
			<iHotKeyPriority>0</iHotKeyPriority>
			<Button>Art/Interface/MainScreen/CityScreen/great_spy.dds</Button>
		</SpecialistInfo>
	</SpecialistInfos>
</Civ4SpecialistInfos>
