<?xml version="1.0"?>
<!-- edited with XMLSPY v2004 rel. 2 U (http://www.xmlspy.com) by Alex Mantzaris (Firaxis Games) -->
<!-- Sid Meier's Civilization 4 -->
<!-- Copyright Firaxis Games 2005 -->
<!-- -->
<!-- Game Option -->
<Civ4GameOptionInfos xmlns="x-schema:CIV4GameInfoSchema.xml">
	<GameOptionInfos>
	
		<GameOptionInfo>
			<Type>GAMEOPTION_ADVANCED_START</Type>
			<Description>TXT_KEY_GAME_OPTION_ADVANCED_START</Description>
			<Help>TXT_KEY_GAME_OPTION_ADVANCED_START_HELP</Help>
			<bDefault>0</bDefault>
			<bVisible>1</bVisible>
		</GameOptionInfo>
		<GameOptionInfo>
			<Type>GAMEOPTION_SPAH</Type>
			<Description>TXT_KEY_GAME_OPTION_SPAH</Description>
			<Help>TXT_KEY_GAME_OPTION_SPAH_HELP</Help>
			<bDefault>0</bDefault>
			<bVisible>1</bVisible>
		</GameOptionInfo>
		<GameOptionInfo>
			<Type>GAMEOPTION_NO_CITY_FLIPPING</Type>
			<Description>TXT_KEY_GAME_OPTION_NO_CITY_FLIPPING</Description>
			<Help>TXT_KEY_GAME_OPTION_NO_CITY_FLIPPING_HELP</Help>
			<bDefault>0</bDefault>
			<bVisible>1</bVisible>
		</GameOptionInfo>
		<!-- advc.101: Renamed Type to "NO" flipping just to avoid
			 confusion. -->
		<GameOptionInfo>
			<Type>GAMEOPTION_NO_FLIPPING_AFTER_CONQUEST</Type>
			<Description>TXT_KEY_GAME_OPTION_FLIPPING_AFTER_CONQUEST</Description>
			<Help>TXT_KEY_GAME_OPTION_FLIPPING_AFTER_CONQUEST_HELP</Help>
			<bDefault>1</bDefault>
			<bVisible>1</bVisible>
		</GameOptionInfo>
		<GameOptionInfo>
			<Type>GAMEOPTION_NO_BARBARIANS</Type>
			<Description>TXT_KEY_GAME_OPTION_NO_BARBARIANS</Description>
			<Help>TXT_KEY_GAME_OPTION_NO_BARBARIANS_HELP</Help>
			<bDefault>0</bDefault>
			<bVisible>1</bVisible>
		</GameOptionInfo>
		<GameOptionInfo>
			<Type>GAMEOPTION_RAGING_BARBARIANS</Type>
			<Description>TXT_KEY_GAME_OPTION_RAGING_BARBARIANS</Description>
			<Help>TXT_KEY_GAME_OPTION_RAGING_BARBARIANS_HELP</Help>
			<bDefault>0</bDefault>
			<bVisible>1</bVisible>
		</GameOptionInfo>
		<GameOptionInfo>
			<Type>GAMEOPTION_AGGRESSIVE_AI</Type>
			<Description>TXT_KEY_GAME_OPTION_AGGRESSIVE_AI</Description>
			<Help>TXT_KEY_GAME_OPTION_AGGRESSIVE_AI_HELP</Help>
			<bDefault>0</bDefault>
			<bVisible>1</bVisible>
		</GameOptionInfo>
		<GameOptionInfo>
			<Type>GAMEOPTION_LEAD_ANY_CIV</Type>
			<Description>TXT_KEY_GAME_OPTION_LEAD_ANY_CIV</Description>
			<Help>TXT_KEY_GAME_OPTION_LEAD_ANY_CIV_HELP</Help>
			<bDefault>0</bDefault>
			<bVisible>1</bVisible>
		</GameOptionInfo>
		<!-- advc.003: According to DarkLunaPhantom, this option has to remain
			 in the eighth position.
			 https://github.com/DarkLunaPhantom/Civ4-K-Mod/commit/908160ecea97d427cc24736fb4fb1e1b51f282f3 -->
		<GameOptionInfo>
			<Type>GAMEOPTION_RANDOM_PERSONALITIES</Type>
			<Description>TXT_KEY_GAME_OPTION_RANDOM_PERSONALITIES</Description>
			<Help>TXT_KEY_GAME_OPTION_RANDOM_PERSONALITIES_HELP</Help>
			<bDefault>0</bDefault>
			<bVisible>1</bVisible>
		</GameOptionInfo>
		<GameOptionInfo>
			<Type>GAMEOPTION_PICK_RELIGION</Type>
			<Description>TXT_KEY_GAME_OPTION_PICK_RELIGION</Description>
			<Help>TXT_KEY_GAME_OPTION_PICK_RELIGION_HELP</Help>
			<bDefault>0</bDefault>
			<bVisible>1</bVisible>
		</GameOptionInfo>
		<GameOptionInfo>
			<Type>GAMEOPTION_NO_TECH_TRADING</Type>
			<Description>TXT_KEY_GAME_OPTION_NO_TECH_TRADING</Description>
			<Help>TXT_KEY_GAME_OPTION_NO_TECH_TRADING_HELP</Help>
			<bDefault>0</bDefault>
			<bVisible>1</bVisible>
		</GameOptionInfo>
		<GameOptionInfo>
			<Type>GAMEOPTION_NO_TECH_BROKERING</Type>
			<Description>TXT_KEY_GAME_OPTION_NO_TECH_BROKERING</Description>
			<Help>TXT_KEY_GAME_OPTION_NO_TECH_BROKERING_HELP</Help>
			<bDefault>0</bDefault>
			<bVisible>1</bVisible>
		</GameOptionInfo>
		<GameOptionInfo>
			<Type>GAMEOPTION_PERMANENT_ALLIANCES</Type>
			<Description>TXT_KEY_GAME_OPTION_PERMANENT_ALLIANCES</Description>
			<Help>TXT_KEY_GAME_OPTION_PERMANENT_ALLIANCES_HELP</Help>
			<bDefault>0</bDefault>
			<bVisible>1</bVisible>
		</GameOptionInfo>
		<GameOptionInfo>
			<Type>GAMEOPTION_ALWAYS_WAR</Type>
			<Description>TXT_KEY_GAME_OPTION_ALWAYS_WAR</Description>
			<Help>TXT_KEY_GAME_OPTION_ALWAYS_WAR_HELP</Help>
			<bDefault>0</bDefault>
			<bVisible>1</bVisible>
		</GameOptionInfo>
		<GameOptionInfo>
			<Type>GAMEOPTION_ALWAYS_PEACE</Type>
			<Description>TXT_KEY_MP_OPTION_ALWAYS_PEACE</Description>
			<Help>TXT_KEY_MP_OPTION_ALWAYS_PEACE_HELP</Help>
			<bDefault>0</bDefault>
			<bVisible>1</bVisible>
		</GameOptionInfo>
		<GameOptionInfo>
			<Type>GAMEOPTION_ONE_CITY_CHALLENGE</Type>
			<Description>TXT_KEY_GAME_OPTION_ONE_CITY_CHALLENGE</Description>
			<Help>TXT_KEY_GAME_OPTION_ONE_CITY_CHALLENGE_HELP</Help>
			<bDefault>0</bDefault>
			<bVisible>1</bVisible>
		</GameOptionInfo>
		<!-- advc.054: Visible was 1. The AdvCiv DLL makes it visible on the
			 Custom Scenario screen in any case. -->
		<GameOptionInfo>
			<Type>GAMEOPTION_NO_CHANGING_WAR_PEACE</Type>
			<Description>TXT_KEY_GAME_OPTION_NO_CHANGING_WAR_PEACE</Description>
			<Help>TXT_KEY_GAME_OPTION_NO_CHANGING_WAR_PEACE_HELP</Help>
			<bDefault>0</bDefault>
			<bVisible>0</bVisible>
		</GameOptionInfo>
		<!-- advc.701: Taking the spot of NEW_RANDOM_SEED so that it's grouped
			 with the other special challenge options. -->
		<GameOptionInfo>
			<Type>GAMEOPTION_RISE_FALL</Type>
			<Description>TXT_KEY_GAME_OPTION_RISE_FALL</Description>
			<Help>TXT_KEY_GAME_OPTION_RISE_FALL_HELP</Help>
			<bDefault>0</bDefault>
			<bVisible>1</bVisible>
		</GameOptionInfo>
		<GameOptionInfo>
			<Type>GAMEOPTION_LOCK_MODS</Type>
			<Description>TXT_KEY_GAME_OPTION_LOCK_MODS</Description>
			<Help>TXT_KEY_GAME_OPTION_LOCK_MODS_HELP</Help>
			<bDefault>0</bDefault>
			<bVisible>1</bVisible>
		</GameOptionInfo>
		<!-- advc.701: Taking the spot of COMPLETE_KILLS (removed). -->
		<GameOptionInfo>
			<Type>GAMEOPTION_NEW_RANDOM_SEED</Type>
			<Description>TXT_KEY_GAME_OPTION_NEW_RANDOM_SEED</Description>
			<Help>TXT_KEY_GAME_OPTION_NEW_RANDOM_SEED_HELP</Help>
			<bDefault>0</bDefault>
			<bVisible>1</bVisible>
		</GameOptionInfo>
		<GameOptionInfo>
			<Type>GAMEOPTION_NO_VASSAL_STATES</Type>
			<Description>TXT_KEY_GAME_OPTION_NO_VASSAL_STATES</Description>
			<Help>TXT_KEY_GAME_OPTION_NO_VASSAL_STATES_HELP</Help>
			<bDefault>0</bDefault>
			<bVisible>1</bVisible>
		</GameOptionInfo>
		<GameOptionInfo>
			<Type>GAMEOPTION_NO_GOODY_HUTS</Type>
			<Description>TXT_KEY_GAME_OPTION_NO_GOODY_HUTS</Description>
			<Help>TXT_KEY_GAME_OPTION_NO_GOODY_HUTS_HELP</Help>
			<bDefault>0</bDefault>
			<bVisible>1</bVisible>
		</GameOptionInfo>
		<!-- advc.104z: bDefault was 0 -->
		<GameOptionInfo>
			<Type>GAMEOPTION_NO_EVENTS</Type>
			<Description>TXT_KEY_GAME_OPTION_NO_EVENTS</Description>
			<Help>TXT_KEY_GAME_OPTION_NO_EVENTS_HELP</Help>
			<bDefault>1</bDefault>
			<bVisible>1</bVisible>
		</GameOptionInfo>
		<GameOptionInfo>
			<Type>GAMEOPTION_NO_ESPIONAGE</Type>
			<Description>TXT_KEY_GAME_OPTION_NO_ESPIONAGE</Description>
			<Help>TXT_KEY_GAME_OPTION_NO_ESPIONAGE_HELP</Help>
			<bDefault>0</bDefault>
			<bVisible>0</bVisible>
		</GameOptionInfo>
		<GameOptionInfo>
			<Type>GAMEOPTION_NO_CITY_RAZING</Type>
			<Description>TXT_KEY_GAME_OPTION_NO_CITY_RAZING</Description>
			<Help>TXT_KEY_GAME_OPTION_NO_CITY_RAZING_HELP</Help>
			<bDefault>0</bDefault>
			<bVisible>1</bVisible>
		</GameOptionInfo>
		<!-- advc.309: Added NO_ANIMALS and made NO_ESPIONAGE invisible. -->
		<GameOptionInfo>
			<Type>GAMEOPTION_NO_ANIMALS</Type>
			<Description>TXT_KEY_GAME_OPTION_NO_ANIMALS</Description>
			<Help>TXT_KEY_GAME_OPTION_NO_ANIMALS_HELP</Help>
			<bDefault>0</bDefault>
			<bVisible>1</bVisible>
		</GameOptionInfo>
		<!-- advc.912d -->
		<GameOptionInfo>
			<Type>GAMEOPTION_NO_SLAVERY</Type>
			<Description>TXT_KEY_GAME_OPTION_NO_SLAVERY</Description>
			<Help>TXT_KEY_GAME_OPTION_NO_SLAVERY_HELP</Help>
			<bDefault>0</bDefault>
			<bVisible>1</bVisible>
		</GameOptionInfo>

	</GameOptionInfos>
</Civ4GameOptionInfos>
