<?xml version="1.0"?>
<!-- edited with XMLSPY v2004 rel. 2 U (http://www.xmlspy.com) by Jesse Smith (Firaxis Games) -->
<!-- Sid Meier's Civilization 4 -->
<!-- Copyright Firaxis Games 2005 -->
<!-- -->
<!-- Upkeep -->

<!-- advc.200: This file is from original BtS (vanilla actually, BtS made
     no changes); copied here to replace K-Mod's modified version. -->

<Civ4UpkeepInfo xmlns="x-schema:CIV4GameInfoSchema.xml">
	<UpkeepInfos>
		<UpkeepInfo>
			<Type>UPKEEP_LOW</Type>
			<Description>TXT_KEY_UPKEEP_LOW</Description>
			<Strategy>TXT_KEY_UPKEEP_LOW_HELP</Strategy>
			<iPopulationPercent>8</iPopulationPercent>
			<iCityPercent>40</iCityPercent>
		</UpkeepInfo>
		<UpkeepInfo>
			<Type>UPKEEP_MEDIUM</Type>
			<Description>TXT_KEY_UPKEEP_MEDIUM</Description>
			<Strategy>TXT_KEY_UPKEEP_MEDIUM_HELP</Strategy>
			<iPopulationPercent>12</iPopulationPercent>
			<iCityPercent>50</iCityPercent>
		</UpkeepInfo>
		<UpkeepInfo>
			<Type>UPKEEP_HIGH</Type>
			<Description>TXT_KEY_UPKEEP_HIGH</Description>
			<Strategy>TXT_KEY_UPKEEP_HIGH_HELP</Strategy>
			<iPopulationPercent>16</iPopulationPercent>
			<iCityPercent>60</iCityPercent>
		</UpkeepInfo>
	</UpkeepInfos>
</Civ4UpkeepInfo>
