<?xml version="1.0"?>
<!-- edited with XMLSPY v2004 rel. 3 U (http://www.xmlspy.com) by Eric MacDonald (Firaxis Games) -->
<!-- Sid Meier's Civilization 4 -->
<!-- Copyright Firaxis Games 2005 -->
<!-- -->
<!-- Hints Infos -->
<Civ4Hints xmlns="x-schema:CIV4GameInfoSchema.xml">
	<HintInfos>
		<HintInfo>
			<Description>TXT_KEY_HINT_INTERFACE_1</Description>
		</HintInfo>
		<HintInfo>
			<Description>TXT_KEY_HINT_INTERFACE_2</Description>
		</HintInfo>
		<HintInfo>
			<Description>TXT_KEY_HINT_INTERFACE_3</Description>
		</HintInfo>
		<HintInfo>
			<Description>TXT_KEY_HINT_INTERFACE_4</Description>
		</HintInfo>
		<HintInfo>
			<Description>TXT_KEY_HINT_INTERFACE_5</Description>
		</HintInfo>
		<HintInfo>
			<Description>TXT_KEY_HINT_INTERFACE_6</Description>
		</HintInfo>
		<HintInfo>
			<Description>TXT_KEY_HINT_INTERFACE_7</Description>
		</HintInfo>
		<HintInfo>
			<Description>TXT_KEY_HINT_INTERFACE_8</Description>
		</HintInfo>
		<HintInfo>
			<Description>TXT_KEY_HINT_INTERFACE_9</Description>
		</HintInfo>
		<HintInfo>
			<Description>TXT_KEY_HINT_INTERFACE_10</Description>
		</HintInfo>
		<HintInfo>
			<Description>TXT_KEY_HINT_INTERFACE_11</Description>
		</HintInfo>
		<HintInfo>
			<Description>TXT_KEY_HINT_INTERFACE_12</Description>
		</HintInfo>
		<HintInfo>
			<Description>TXT_KEY_HINT_INTERFACE_13</Description>
		</HintInfo>
		<HintInfo>
			<Description>TXT_KEY_HINT_INTERFACE_14</Description>
		</HintInfo>
		<HintInfo>
			<Description>TXT_KEY_HINT_INTERFACE_15</Description>
		</HintInfo>
		<HintInfo>
			<Description>TXT_KEY_HINT_INTERFACE_16</Description>
		</HintInfo>
		<HintInfo>
			<Description>TXT_KEY_HINT_INTERFACE_17</Description>
		</HintInfo>
		<HintInfo>
			<Description>TXT_KEY_HINT_INTERFACE_18</Description>
		</HintInfo>
		<HintInfo>
			<Description>TXT_KEY_HINT_INTERFACE_19</Description>
		</HintInfo>
		<HintInfo>
			<Description>TXT_KEY_HINT_INTERFACE_20</Description>
		</HintInfo>
		<HintInfo>
			<Description>TXT_KEY_HINT_INTERFACE_21</Description>
		</HintInfo>
		<HintInfo>
			<Description>TXT_KEY_HINT_INTERFACE_22</Description>
		</HintInfo>
		<HintInfo>
			<Description>TXT_KEY_HINT_INTERFACE_23</Description>
		</HintInfo>
		<HintInfo>
			<Description>TXT_KEY_HINT_INTERFACE_24</Description>
		</HintInfo>
		<HintInfo>
			<Description>TXT_KEY_HINT_INTERFACE_25</Description>
		</HintInfo>
		<HintInfo>
			<Description>TXT_KEY_HINT_INTERFACE_26</Description>
		</HintInfo>
		<HintInfo>
			<Description>TXT_KEY_HINT_INTERFACE_27</Description>
		</HintInfo>
		<HintInfo>
			<Description>TXT_KEY_HINT_INTERFACE_28</Description>
		</HintInfo>
		<HintInfo>
			<Description>TXT_KEY_HINT_INTERFACE_29</Description>
		</HintInfo>
		<HintInfo>
			<Description>TXT_KEY_HINT_INTERFACE_30</Description>
		</HintInfo>
		<HintInfo>
			<Description>TXT_KEY_HINT_INTERFACE_31</Description>
		</HintInfo>
		<HintInfo>
			<Description>TXT_KEY_HINT_INTERFACE_32</Description>
		</HintInfo>
		<HintInfo>
			<Description>TXT_KEY_HINT_INTERFACE_33</Description>
		</HintInfo>
		<HintInfo>
			<Description>TXT_KEY_HINT_INTERFACE_34</Description>
		</HintInfo>
		<HintInfo>
			<Description>TXT_KEY_HINT_INTERFACE_35</Description>
		</HintInfo>
		<HintInfo>
			<Description>TXT_KEY_HINT_INTERFACE_36</Description>
		</HintInfo>
		<HintInfo>
			<Description>TXT_KEY_HINT_INTERFACE_37</Description>
		</HintInfo>
		<HintInfo>
			<Description>TXT_KEY_HINT_INTERFACE_38</Description>
		</HintInfo>
		<HintInfo>
			<Description>TXT_KEY_HINT_INTERFACE_39</Description>
		</HintInfo>
		<HintInfo>
			<Description>TXT_KEY_HINT_INTERFACE_40</Description>
		</HintInfo>
		<HintInfo>
			<Description>TXT_KEY_HINT_INTERFACE_41</Description>
		</HintInfo>
		<HintInfo>
			<Description>TXT_KEY_HINT_INTERFACE_42</Description>
		</HintInfo>
		<HintInfo>
			<Description>TXT_KEY_HINT_INTERFACE_43</Description>
		</HintInfo>
		<HintInfo>
			<Description>TXT_KEY_HINT_INTERFACE_44</Description>
		</HintInfo>
		<HintInfo>
			<Description>TXT_KEY_HINT_INTERFACE_45</Description>
		</HintInfo>
		<HintInfo>
			<Description>TXT_KEY_HINT_INTERFACE_46</Description>
		</HintInfo>
		<HintInfo>
			<Description>TXT_KEY_HINT_INTERFACE_47</Description>
		</HintInfo>
		<HintInfo>
			<Description>TXT_KEY_HINT_INTERFACE_48</Description>
		</HintInfo>
		<HintInfo>
			<Description>TXT_KEY_HINT_INTERFACE_49</Description>
		</HintInfo>
		<HintInfo>
			<Description>TXT_KEY_HINT_INTERFACE_50</Description>
		</HintInfo>
		<HintInfo>
			<Description>TXT_KEY_HINT_INTERFACE_51</Description>
		</HintInfo>
		<HintInfo>
			<Description>TXT_KEY_HINT_INTERFACE_52</Description>
		</HintInfo>
		<HintInfo>
			<Description>TXT_KEY_HINT_INTERFACE_53</Description>
		</HintInfo>
		<HintInfo>
			<Description>TXT_KEY_HINT_INTERFACE_54</Description>
		</HintInfo>
		<HintInfo>
			<Description>TXT_KEY_HINT_INTERFACE_55</Description>
		</HintInfo>
		<HintInfo>
			<Description>TXT_KEY_HINT_INTERFACE_56</Description>
		</HintInfo>
		<HintInfo>
			<Description>TXT_KEY_HINT_INTERFACE_57</Description>
		</HintInfo>
		<HintInfo>
			<Description>TXT_KEY_HINT_INTERFACE_58</Description>
		</HintInfo>
		<HintInfo>
			<Description>TXT_KEY_HINT_INTERFACE_59</Description>
		</HintInfo>
		<HintInfo>
			<Description>TXT_KEY_HINT_INTERFACE_60</Description>
		</HintInfo>
		<HintInfo>
			<Description>TXT_KEY_HINT_INTERFACE_61</Description>
		</HintInfo>
		<HintInfo>
			<Description>TXT_KEY_HINT_INTERFACE_62</Description>
		</HintInfo>
		<HintInfo>
			<Description>TXT_KEY_HINT_INTERFACE_63</Description>
		</HintInfo>
		<HintInfo>
			<Description>TXT_KEY_HINT_INTERFACE_64</Description>
		</HintInfo>
		<HintInfo>
			<Description>TXT_KEY_HINT_INTERFACE_65</Description>
		</HintInfo>
		<HintInfo>
			<Description>TXT_KEY_HINT_INTERFACE_66</Description>
		</HintInfo>
		<HintInfo>
			<Description>TXT_KEY_HINT_INTERFACE_67</Description>
		</HintInfo>
		<HintInfo>
			<Description>TXT_KEY_HINT_INTERFACE_68</Description>
		</HintInfo>
		<HintInfo>
			<Description>TXT_KEY_HINT_1</Description>
		</HintInfo>
		<HintInfo>
			<Description>TXT_KEY_HINT_2</Description>
		</HintInfo>
		<HintInfo>
			<Description>TXT_KEY_HINT_3</Description>
		</HintInfo>
		<HintInfo>
			<Description>TXT_KEY_HINT_4</Description>
		</HintInfo>
		<HintInfo>
			<Description>TXT_KEY_HINT_5</Description>
		</HintInfo>
		<HintInfo>
			<Description>TXT_KEY_HINT_6</Description>
		</HintInfo>
		<HintInfo>
			<Description>TXT_KEY_HINT_7</Description>
		</HintInfo>
		<HintInfo>
			<Description>TXT_KEY_HINT_8</Description>
		</HintInfo>
		<HintInfo>
			<Description>TXT_KEY_HINT_9</Description>
		</HintInfo>
		<HintInfo>
			<Description>TXT_KEY_HINT_10</Description>
		</HintInfo>
		<HintInfo>
			<Description>TXT_KEY_HINT_11</Description>
		</HintInfo>
		<HintInfo>
			<Description>TXT_KEY_HINT_12</Description>
		</HintInfo>
		<HintInfo>
			<Description>TXT_KEY_HINT_13</Description>
		</HintInfo>
		<HintInfo>
			<Description>TXT_KEY_HINT_14</Description>
		</HintInfo>
		<HintInfo>
			<Description>TXT_KEY_HINT_15</Description>
		</HintInfo>
		<HintInfo>
			<Description>TXT_KEY_HINT_16</Description>
		</HintInfo>
		<HintInfo>
			<Description>TXT_KEY_HINT_17</Description>
		</HintInfo>
		<HintInfo>
			<Description>TXT_KEY_HINT_18</Description>
		</HintInfo>
		<HintInfo>
			<Description>TXT_KEY_HINT_19</Description>
		</HintInfo>
		<HintInfo>
			<Description>TXT_KEY_HINT_20</Description>
		</HintInfo>
		<HintInfo>
			<Description>TXT_KEY_HINT_21</Description>
		</HintInfo>
		<HintInfo>
			<Description>TXT_KEY_HINT_22</Description>
		</HintInfo>
		<HintInfo>
			<Description>TXT_KEY_HINT_23</Description>
		</HintInfo>
		<HintInfo>
			<Description>TXT_KEY_HINT_24</Description>
		</HintInfo>
		<HintInfo>
			<Description>TXT_KEY_HINT_25</Description>
		</HintInfo>
		<HintInfo>
			<Description>TXT_KEY_HINT_26</Description>
		</HintInfo>
		<HintInfo>
			<Description>TXT_KEY_HINT_27</Description>
		</HintInfo>
		<HintInfo>
			<Description>TXT_KEY_HINT_28</Description>
		</HintInfo>
		<HintInfo>
			<Description>TXT_KEY_HINT_29</Description>
		</HintInfo>
		<HintInfo>
			<Description>TXT_KEY_HINT_30</Description>
		</HintInfo>
		<HintInfo>
			<Description>TXT_KEY_HINT_31</Description>
		</HintInfo>
		<HintInfo>
			<Description>TXT_KEY_HINT_32</Description>
		</HintInfo>
		<HintInfo>
			<Description>TXT_KEY_HINT_33</Description>
		</HintInfo>
		<HintInfo>
			<Description>TXT_KEY_HINT_34</Description>
		</HintInfo>
		<HintInfo>
			<Description>TXT_KEY_HINT_35</Description>
		</HintInfo>
		<HintInfo>
			<Description>TXT_KEY_HINT_36</Description>
		</HintInfo>
		<HintInfo>
			<Description>TXT_KEY_HINT_37</Description>
		</HintInfo>
		<HintInfo>
			<Description>TXT_KEY_HINT_38</Description>
		</HintInfo>
		<HintInfo>
			<Description>TXT_KEY_HINT_39</Description>
		</HintInfo>
		<HintInfo>
			<Description>TXT_KEY_HINT_40</Description>
		</HintInfo>
		<HintInfo>
			<Description>TXT_KEY_HINT_41</Description>
		</HintInfo>
		<HintInfo>
			<Description>TXT_KEY_HINT_42</Description>
		</HintInfo>
		<HintInfo>
			<Description>TXT_KEY_HINT_43</Description>
		</HintInfo>
		<HintInfo>
			<Description>TXT_KEY_HINT_44</Description>
		</HintInfo>
		<HintInfo>
			<Description>TXT_KEY_HINT_45</Description>
		</HintInfo>
		<HintInfo>
			<Description>TXT_KEY_HINT_46</Description>
		</HintInfo>
		<HintInfo>
			<Description>TXT_KEY_HINT_47</Description>
		</HintInfo>
		<HintInfo>
			<Description>TXT_KEY_HINT_48</Description>
		</HintInfo>
		<HintInfo>
			<Description>TXT_KEY_HINT_49</Description>
		</HintInfo>
		<HintInfo>
			<Description>TXT_KEY_HINT_50</Description>
		</HintInfo>
		<HintInfo>
			<Description>TXT_KEY_HINT_51</Description>
		</HintInfo>
		<HintInfo>
			<Description>TXT_KEY_HINT_52</Description>
		</HintInfo>
		<HintInfo>
			<Description>TXT_KEY_HINT_53</Description>
		</HintInfo>
		<HintInfo>
			<Description>TXT_KEY_HINT_54</Description>
		</HintInfo>
		<HintInfo>
			<Description>TXT_KEY_HINT_55</Description>
		</HintInfo>
		<HintInfo>
			<Description>TXT_KEY_HINT_56</Description>
		</HintInfo>
		<HintInfo>
			<Description>TXT_KEY_HINT_57</Description>
		</HintInfo>
		<HintInfo>
			<Description>TXT_KEY_HINT_58</Description>
		</HintInfo>
		<HintInfo>
			<Description>TXT_KEY_HINT_59</Description>
		</HintInfo>
		<HintInfo>
			<Description>TXT_KEY_HINT_60</Description>
		</HintInfo>
		<HintInfo>
			<Description>TXT_KEY_HINT_61</Description>
		</HintInfo>
		<HintInfo>
			<Description>TXT_KEY_HINT_62</Description>
		</HintInfo>
		<HintInfo>
			<Description>TXT_KEY_HINT_63</Description>
		</HintInfo>
		<HintInfo>
			<Description>TXT_KEY_HINT_64</Description>
		</HintInfo>
		<HintInfo>
			<Description>TXT_KEY_HINT_65</Description>
		</HintInfo>
		<HintInfo>
			<Description>TXT_KEY_HINT_67</Description>
		</HintInfo>
		<HintInfo>
			<Description>TXT_KEY_HINT_68</Description>
		</HintInfo>
		<HintInfo>
			<Description>TXT_KEY_HINT_69</Description>
		</HintInfo>
		<HintInfo>
			<Description>TXT_KEY_HINT_70</Description>
		</HintInfo>
		<HintInfo>
			<Description>TXT_KEY_HINT_71</Description>
		</HintInfo>
		<HintInfo>
			<Description>TXT_KEY_HINT_72</Description>
		</HintInfo>
		<HintInfo>
			<Description>TXT_KEY_HINT_73</Description>
		</HintInfo>
<!-- K-Mod hints -->
		<HintInfo>
			<Description>TXT_KEY_BUG_HINT_INTERFACE_1</Description>
		</HintInfo>
		<HintInfo>
			<Description>TXT_KEY_KMOD_HINT_1</Description>
		</HintInfo>
		<HintInfo>
			<Description>TXT_KEY_KMOD_HINT_2</Description>
		</HintInfo>
		<HintInfo>
			<Description>TXT_KEY_KMOD_HINT_3</Description>
		</HintInfo>
		<HintInfo>
			<Description>TXT_KEY_KMOD_HINT_4</Description>
		</HintInfo>
		<HintInfo>
			<Description>TXT_KEY_KMOD_HINT_5</Description>
		</HintInfo>
		<HintInfo>
			<Description>TXT_KEY_KMOD_HINT_6</Description>
		</HintInfo>
		<HintInfo>
			<Description>TXT_KEY_KMOD_HINT_7</Description>
		</HintInfo>
		<HintInfo>
			<Description>TXT_KEY_KMOD_HINT_8</Description>
		</HintInfo>
		<HintInfo>
			<Description>TXT_KEY_KMOD_HINT_9</Description>
		</HintInfo>
		<HintInfo>
			<Description>TXT_KEY_KMOD_HINT_10</Description>
		</HintInfo>
		<HintInfo>
			<Description>TXT_KEY_KMOD_HINT_11</Description>
		</HintInfo>
		<HintInfo>
			<Description>TXT_KEY_KMOD_HINT_12</Description>
		</HintInfo>
		<HintInfo>
			<Description>TXT_KEY_KMOD_HINT_13</Description>
		</HintInfo>
		<HintInfo>
			<Description>TXT_KEY_KMOD_HINT_14</Description>
		</HintInfo> <!-- suppress cycling -->
		<HintInfo>
			<Description>TXT_KEY_KMOD_HINT_15</Description>
		</HintInfo> <!-- right-click on +/- -->
		<!-- k146: Alt+Wake -->
		<HintInfo>
			<Description>TXT_KEY_KMOD_HINT_16</Description>
		</HintInfo>
		
		<!-- advc.008d: Copied K-Mod hints to increase their probability: -->
		<HintInfo>
			<Description>TXT_KEY_BUG_HINT_INTERFACE_1</Description>
		</HintInfo>
		<HintInfo>
			<Description>TXT_KEY_KMOD_HINT_1</Description>
		</HintInfo>
		<HintInfo>
			<Description>TXT_KEY_KMOD_HINT_2</Description>
		</HintInfo>
		<HintInfo>
			<Description>TXT_KEY_KMOD_HINT_3</Description>
		</HintInfo>
		<HintInfo>
			<Description>TXT_KEY_KMOD_HINT_4</Description>
		</HintInfo>
		<!-- Skip 5 b/c it won't be true anymore when I'm through with my
			 balance changes -->
		<HintInfo>
			<Description>TXT_KEY_KMOD_HINT_6</Description>
		</HintInfo>
		<HintInfo>
			<Description>TXT_KEY_KMOD_HINT_7</Description>
		</HintInfo>
		<HintInfo>
			<Description>TXT_KEY_KMOD_HINT_8</Description>
		</HintInfo>
		<HintInfo>
			<Description>TXT_KEY_KMOD_HINT_9</Description>
		</HintInfo>
		<HintInfo>
			<Description>TXT_KEY_KMOD_HINT_10</Description>
		</HintInfo>
		<HintInfo>
			<Description>TXT_KEY_KMOD_HINT_11</Description>
		</HintInfo>
		<HintInfo>
			<Description>TXT_KEY_KMOD_HINT_12</Description>
		</HintInfo>
		<HintInfo>
			<Description>TXT_KEY_KMOD_HINT_13</Description>
		</HintInfo>
		<HintInfo>
			<Description>TXT_KEY_KMOD_HINT_14</Description>
		</HintInfo>
		<HintInfo>
			<Description>TXT_KEY_KMOD_HINT_15</Description>
		</HintInfo>
		<!-- Skip 16 b/c it's rarely useful -->
		<!-- These have been replaced or updated; should receive higher
			 probability too. -->
		<HintInfo>
			<Description>TXT_KEY_HINT_INTERFACE_1</Description>
		</HintInfo>
		<HintInfo>
			<Description>TXT_KEY_HINT_INTERFACE_6</Description>
		</HintInfo>
		<HintInfo>
			<Description>TXT_KEY_HINT_INTERFACE_45</Description>
		</HintInfo>
		<HintInfo>
			<Description>TXT_KEY_HINT_14</Description>
		</HintInfo>
		<HintInfo>
			<Description>TXT_KEY_HINT_13</Description>
		</HintInfo>
		<HintInfo>
			<Description>TXT_KEY_HINT_70</Description>
		</HintInfo>
		<HintInfo>
			<Description>TXT_KEY_HINT_71</Description>
		</HintInfo>
		<HintInfo>
			<Description>TXT_KEY_HINT_16</Description>
		</HintInfo>
		<HintInfo>
			<Description>TXT_KEY_HINT_43</Description>
		</HintInfo>
		<HintInfo>
			<Description>TXT_KEY_HINT_64</Description>
		</HintInfo>
		<HintInfo>
			<Description>TXT_KEY_HINT_56</Description>
		</HintInfo>
		<HintInfo>
			<Description>TXT_KEY_HINT_31</Description>
		</HintInfo>
		<HintInfo>
			<Description>TXT_KEY_HINT_16</Description>
		</HintInfo>
		<HintInfo>
			<Description>TXT_KEY_HINT_73</Description>
		</HintInfo>
		<HintInfo>
			<Description>TXT_KEY_HINT_46</Description>
		</HintInfo>
		
		<!-- AdvCiv hints, two times each -->
		<HintInfo>
			<Description>TXT_KEY_ADVC_HINT_1</Description>
		</HintInfo>
		<HintInfo>
			<Description>TXT_KEY_ADVC_HINT_2</Description>
		</HintInfo>
		<HintInfo>
			<Description>TXT_KEY_ADVC_HINT_3</Description>
		</HintInfo>
		<HintInfo>
			<Description>TXT_KEY_ADVC_HINT_4</Description>
		</HintInfo>
		<HintInfo>
			<Description>TXT_KEY_ADVC_HINT_5</Description>
		</HintInfo>
		<HintInfo>
			<Description>TXT_KEY_ADVC_HINT_6</Description>
		</HintInfo>
		<!-- advc.130j: TXT_KEY_ADVC_HINT_7 and 8 no longer apply -->
		<HintInfo>
			<Description>TXT_KEY_ADVC_HINT_9</Description>
		</HintInfo>
		<HintInfo>
			<Description>TXT_KEY_ADVC_HINT_10</Description>
		</HintInfo>
		<HintInfo>
			<Description>TXT_KEY_ADVC_HINT_11</Description>
		</HintInfo>
		<HintInfo>
			<Description>TXT_KEY_ADVC_HINT_12</Description>
		</HintInfo>
		<HintInfo>
			<Description>TXT_KEY_ADVC_HINT_13</Description>
		</HintInfo>
		<HintInfo>
			<Description>TXT_KEY_ADVC_HINT_14</Description>
		</HintInfo>
		<HintInfo>
			<Description>TXT_KEY_ADVC_HINT_15</Description>
		</HintInfo>
		<HintInfo>
			<Description>TXT_KEY_ADVC_HINT_16</Description>
		</HintInfo>
		<HintInfo>
			<Description>TXT_KEY_ADVC_HINT_17</Description>
		</HintInfo>
		<HintInfo>
			<Description>TXT_KEY_ADVC_HINT_18</Description>
		</HintInfo>
		<HintInfo>
			<Description>TXT_KEY_ADVC_HINT_19</Description>
		</HintInfo>
		<HintInfo>
			<Description>TXT_KEY_ADVC_HINT_20</Description>
		</HintInfo>
		<HintInfo>
			<Description>TXT_KEY_ADVC_HINT_21</Description>
		</HintInfo>
		<!-- Skip 22-26; shouldn't be as frequent. -->
		<HintInfo>
			<Description>TXT_KEY_ADVC_HINT_27</Description>
		</HintInfo>
		<HintInfo>
			<Description>TXT_KEY_ADVC_HINT_28</Description>
		</HintInfo>
		<HintInfo>
			<Description>TXT_KEY_ADVC_HINT_29</Description>
		</HintInfo>
		<HintInfo>
			<Description>TXT_KEY_ADVC_HINT_30</Description>
		</HintInfo>
		<HintInfo>
			<Description>TXT_KEY_ADVC_HINT_31</Description>
		</HintInfo>
		<HintInfo>
			<Description>TXT_KEY_ADVC_HINT_32</Description>
		</HintInfo>
		<!-- Skip 33-34; shouldn't be as frequent. -->
		<HintInfo>
			<Description>TXT_KEY_ADVC_HINT_35</Description>
		</HintInfo>
		<HintInfo>
			<Description>TXT_KEY_ADVC_HINT_36</Description>
		</HintInfo>
		<!-- Skip 37 -->
		<HintInfo>
			<Description>TXT_KEY_ADVC_HINT_38</Description>
		</HintInfo>
		<HintInfo>
			<Description>TXT_KEY_ADVC_HINT_1</Description>
		</HintInfo>
		<HintInfo>
			<Description>TXT_KEY_ADVC_HINT_2</Description>
		</HintInfo>
		<HintInfo>
			<Description>TXT_KEY_ADVC_HINT_3</Description>
		</HintInfo>
		<HintInfo>
			<Description>TXT_KEY_ADVC_HINT_4</Description>
		</HintInfo>
		<HintInfo>
			<Description>TXT_KEY_ADVC_HINT_5</Description>
		</HintInfo>
		<HintInfo>
			<Description>TXT_KEY_ADVC_HINT_6</Description>
		</HintInfo>
		<!-- advc.130j: TXT_KEY_ADVC_HINT_7 and 8 no longer apply -->
		<HintInfo>
			<Description>TXT_KEY_ADVC_HINT_9</Description>
		</HintInfo>
		<HintInfo>
			<Description>TXT_KEY_ADVC_HINT_10</Description>
		</HintInfo>
		<HintInfo>
			<Description>TXT_KEY_ADVC_HINT_11</Description>
		</HintInfo>
		<HintInfo>
			<Description>TXT_KEY_ADVC_HINT_12</Description>
		</HintInfo>
		<HintInfo>
			<Description>TXT_KEY_ADVC_HINT_13</Description>
		</HintInfo>
		<HintInfo>
			<Description>TXT_KEY_ADVC_HINT_14</Description>
		</HintInfo>
		<HintInfo>
			<Description>TXT_KEY_ADVC_HINT_15</Description>
		</HintInfo>
		<HintInfo>
			<Description>TXT_KEY_ADVC_HINT_16</Description>
		</HintInfo>
		<HintInfo>
			<Description>TXT_KEY_ADVC_HINT_17</Description>
		</HintInfo>
		<HintInfo>
			<Description>TXT_KEY_ADVC_HINT_18</Description>
		</HintInfo>
		<HintInfo>
			<Description>TXT_KEY_ADVC_HINT_19</Description>
		</HintInfo>
		<HintInfo>
			<Description>TXT_KEY_ADVC_HINT_20</Description>
		</HintInfo>
		<HintInfo>
			<Description>TXT_KEY_ADVC_HINT_21</Description>
		</HintInfo>
		<HintInfo>
			<Description>TXT_KEY_ADVC_HINT_22</Description>
		</HintInfo>
		<HintInfo>
			<Description>TXT_KEY_ADVC_HINT_23</Description>
		</HintInfo>
		<HintInfo>
			<Description>TXT_KEY_ADVC_HINT_24</Description>
		</HintInfo>
		<HintInfo>
			<Description>TXT_KEY_ADVC_HINT_25</Description>
		</HintInfo>
		<HintInfo>
			<Description>TXT_KEY_ADVC_HINT_26</Description>
		</HintInfo>
		<HintInfo>
			<Description>TXT_KEY_ADVC_HINT_27</Description>
		</HintInfo>
		<HintInfo>
			<Description>TXT_KEY_ADVC_HINT_28</Description>
		</HintInfo>
		<HintInfo>
			<Description>TXT_KEY_ADVC_HINT_29</Description>
		</HintInfo>
		<HintInfo>
			<Description>TXT_KEY_ADVC_HINT_30</Description>
		</HintInfo>
		<HintInfo>
			<Description>TXT_KEY_ADVC_HINT_31</Description>
		</HintInfo>
		<HintInfo>
			<Description>TXT_KEY_ADVC_HINT_32</Description>
		</HintInfo>
		<HintInfo>
			<Description>TXT_KEY_ADVC_HINT_33</Description>
		</HintInfo>
		<HintInfo>
			<Description>TXT_KEY_ADVC_HINT_34</Description>
		</HintInfo>
		<HintInfo>
			<Description>TXT_KEY_ADVC_HINT_35</Description>
		</HintInfo>
		<HintInfo>
			<Description>TXT_KEY_ADVC_HINT_36</Description>
		</HintInfo>
		<HintInfo>
			<Description>TXT_KEY_ADVC_HINT_37</Description>
		</HintInfo>
		<HintInfo>
			<Description>TXT_KEY_ADVC_HINT_38</Description>
		</HintInfo>
	</HintInfos>
</Civ4Hints>
