<?xml version="1.0"?>
<!-- edited with XMLSPY v2004 rel. 2 U (http://www.xmlspy.com) by Jon Shafer (Firaxis Games) -->
<!-- Sid Meier's Civilization 4 -->
<!-- Copyright Firaxis Games 2005 -->

<!-- advc.076: Changed some defaults. Only relevant if a profile is reset. -->
<Civ4PlayerOptionInfos xmlns="x-schema:CIV4GameInfoSchema.xml">
	<PlayerOptionInfos>
		<PlayerOptionInfo>
			<Type>PLAYEROPTION_ADVISOR_POPUPS</Type>
			<Description>TXT_KEY_PLAYER_OPTION_ADVISOR_POPUPS</Description>
			<Help>TXT_KEY_PLAYER_OPTION_ADVISOR_POPUPS_HELP</Help>
			<!-- advc.076: was 1 -->
			<bDefault>0</bDefault>
		</PlayerOptionInfo>
		<PlayerOptionInfo>
			<Type>PLAYEROPTION_ADVISOR_HELP</Type>
			<Description>TXT_KEY_PLAYER_OPTION_ADVISOR_HELP</Description>
			<Help>TXT_KEY_PLAYER_OPTION_ADVISOR_HELP_HELP</Help>
			<!-- advc.076: was 1 -->
			<bDefault>0</bDefault>
		</PlayerOptionInfo>
		<PlayerOptionInfo>
			<Type>PLAYEROPTION_WAIT_END_TURN</Type>
			<Description>TXT_KEY_PLAYER_OPTION_WAIT_AT_END_OF_TURN</Description>
			<Help>TXT_KEY_PLAYER_OPTION_WAIT_AT_END_OF_TURN_HELP</Help>
			<bDefault>1</bDefault>
		</PlayerOptionInfo>
		<PlayerOptionInfo>
			<Type>PLAYEROPTION_MINIMIZE_POP_UPS</Type>
			<Description>TXT_KEY_PLAYER_OPTION_MINIMIZE_POPUPS</Description>
			<Help>TXT_KEY_PLAYER_OPTION_MINIMIZE_POPUPS_HELP</Help>
			<!-- advc.106: was 0 -->
			<bDefault>1</bDefault>
		</PlayerOptionInfo>
		<PlayerOptionInfo>
			<Type>PLAYEROPTION_SHOW_FRIENDLY_MOVES</Type>
			<Description>TXT_KEY_PLAYER_OPTION_SHOW_FRIENDLY_MOVES</Description>
			<Help>TXT_KEY_PLAYER_OPTION_SHOW_FRIENDLY_MOVES_HELP</Help>
			<!-- advc.102: was 0 -->
			<bDefault>1</bDefault>
		</PlayerOptionInfo>
		<PlayerOptionInfo>
			<Type>PLAYEROPTION_SHOW_ENEMY_MOVES</Type>
			<Description>TXT_KEY_PLAYER_OPTION_SHOW_ENEMY_MOVES</Description>
			<Help>TXT_KEY_PLAYER_OPTION_SHOW_ENEMY_MOVES_HELP</Help>
			<!-- advc.102: was 0 -->
			<bDefault>1</bDefault>
		</PlayerOptionInfo>
		<PlayerOptionInfo>
			<Type>PLAYEROPTION_QUICK_MOVES</Type>
			<Description>TXT_KEY_PLAYER_OPTION_QUICK_MOVES</Description>
			<Help>TXT_KEY_PLAYER_OPTION_QUICK_MOVES_HELP</Help>
			<!-- advc.076: was 0 -->
			<bDefault>1</bDefault>
		</PlayerOptionInfo>
		<PlayerOptionInfo>
			<Type>PLAYEROPTION_QUICK_ATTACK</Type>
			<Description>TXT_KEY_PLAYER_OPTION_QUICK_COMBAT_OFFENSE</Description>
			<Help>TXT_KEY_PLAYER_OPTION_QUICK_COMBAT_OFFENSE_HELP</Help>
			<!-- advc.076: was 0 -->
			<bDefault>1</bDefault>
		</PlayerOptionInfo>
		<PlayerOptionInfo>
			<Type>PLAYEROPTION_QUICK_DEFENSE</Type>
			<Description>TXT_KEY_PLAYER_OPTION_QUICK_COMBAT_DEFENSE</Description>
			<Help>TXT_KEY_PLAYER_OPTION_QUICK_COMBAT_DEFENSE_HELP</Help>
			<bDefault>0</bDefault>
		</PlayerOptionInfo>
		<PlayerOptionInfo>
			<Type>PLAYEROPTION_STACK_ATTACK</Type>
			<Description>TXT_KEY_PLAYER_OPTION_STACK_ATTACK</Description>
			<Help>TXT_KEY_PLAYER_OPTION_STACK_ATTACK_HELP</Help>
			<bDefault>0</bDefault>
		</PlayerOptionInfo>
		<PlayerOptionInfo>
			<Type>PLAYEROPTION_AUTO_PROMOTION</Type>
			<Description>TXT_KEY_PLAYER_OPTION_AUTO_PROMOTION</Description>
			<Help>TXT_KEY_PLAYER_OPTION_AUTO_PROMOTION_HELP</Help>
			<bDefault>0</bDefault>
		</PlayerOptionInfo>
		<PlayerOptionInfo>
			<Type>PLAYEROPTION_START_AUTOMATED</Type>
			<Description>TXT_KEY_PLAYER_OPTION_WORKERS_START_AUTO</Description>
			<Help>TXT_KEY_PLAYER_OPTION_WORKERS_START_AUTO_HELP</Help>
			<bDefault>0</bDefault>
		</PlayerOptionInfo>
		<PlayerOptionInfo>
			<Type>PLAYEROPTION_SAFE_AUTOMATION</Type>
			<Description>TXT_KEY_PLAYER_OPTION_WORKERS_LEAVE_OLD_IMPS</Description>
			<Help>TXT_KEY_PLAYER_OPTION_WORKERS_LEAVE_OLD_IMPS_HELP</Help>
			<!-- advc.076: was 0 -->
			<bDefault>1</bDefault>
		</PlayerOptionInfo>
		<PlayerOptionInfo>
			<Type>PLAYEROPTION_NUMPAD_HELP</Type>
			<Description>TXT_KEY_PLAYER_OPTION_NUMPAD_HELP</Description>
			<Help>TXT_KEY_PLAYER_OPTION_NUMPAD_HELP_HELP</Help>
			<bDefault>0</bDefault>
		</PlayerOptionInfo>
		<PlayerOptionInfo>
			<Type>PLAYEROPTION_NO_UNIT_CYCLING</Type>
			<Description>TXT_KEY_PLAYER_OPTION_NO_UNIT_CYCLING</Description>
			<Help>TXT_KEY_PLAYER_OPTION_NO_UNIT_CYCLING_HELP</Help>
			<bDefault>0</bDefault>
		</PlayerOptionInfo>
		<PlayerOptionInfo>
			<Type>PLAYEROPTION_NO_UNIT_RECOMMENDATIONS</Type>
			<Description>TXT_KEY_PLAYER_OPTION_NO_UNIT_RECOMMEND</Description>
			<Help>TXT_KEY_PLAYER_OPTION_NO_UNIT_RECOMMEND_HELP</Help>
			<!-- advc.076: was 0 -->
			<bDefault>1</bDefault>
		</PlayerOptionInfo>
		<PlayerOptionInfo>
			<Type>PLAYEROPTION_RIGHT_CLICK_MENU</Type>
			<Description>TXT_KEY_PLAYER_OPTION_RIGHT_CLICK_MENU</Description>
			<Help>TXT_KEY_PLAYER_OPTION_RIGHT_CLICK_MENU_HELP</Help>
			<bDefault>0</bDefault>
		</PlayerOptionInfo>
		<!-- advc.076: Descr and Help had spelled "PLAYER_OPTION" in one word -->
		<PlayerOptionInfo>
			<Type>PLAYEROPTION_LEAVE_FORESTS</Type>
			<Description>TXT_KEY_PLAYER_OPTION_LEAVE_FORESTS</Description>
			<Help>TXT_KEY_PLAYER_OPTION_LEAVE_FORESTS_HELP</Help>
			<!-- advc.076: was 0 -->
			<bDefault>1</bDefault>
		</PlayerOptionInfo>
		<PlayerOptionInfo>
			<Type>PLAYEROPTION_MISSIONARIES_AUTOMATED</Type>
			<Description>TXT_KEY_PLAYER_OPTION_MISSIONARIES_AUTOMATED</Description>
			<Help>TXT_KEY_PLAYER_OPTION_MISSIONARIES_AUTOMATED_HELP</Help>
			<bDefault>0</bDefault>
		</PlayerOptionInfo>
		<PlayerOptionInfo>
			<Type>PLAYEROPTION_MODDER_1</Type>
			<Description>TXT_KEY_PLAYER_OPTION_MODDER_1</Description>
			<Help>TXT_KEY_PLAYER_OPTION_MODDER_1_HELP</Help>
			<bDefault>0</bDefault>
		</PlayerOptionInfo>
		<PlayerOptionInfo>
			<Type>PLAYEROPTION_MODDER_2</Type>
			<Description>TXT_KEY_PLAYER_OPTION_MODDER_2</Description>
			<Help>TXT_KEY_PLAYER_OPTION_MODDER_2_HELP</Help>
			<bDefault>0</bDefault>
		</PlayerOptionInfo>
		<PlayerOptionInfo>
			<Type>PLAYEROPTION_MODDER_3</Type>
			<Description>TXT_KEY_PLAYER_OPTION_MODDER_3</Description>
			<Help>TXT_KEY_PLAYER_OPTION_MODDER_3_HELP</Help>
			<bDefault>0</bDefault>
		</PlayerOptionInfo>
	</PlayerOptionInfos>
</Civ4PlayerOptionInfos>
