<?xml version="1.0" encoding="ISO-8859-1" ?>
<!--
	BUG Advisors
	by Taelis, Cammagno, Requies, Ruff_Hi, Sevo, EmperorFool
	
	Collects all of the various advisor-based mods.

	Copyright (c) 2008 The BUG Mod.
-->
<mod id="Advisors" 
	 name="BUG Advisors" 
	 author="Taelis, Cammagno, Requies, Ruff_Hi, Sevo, EmperorFool" 
	 version="3.0" 
	 date="07/11/2008"
	 url="http://forums.civfanatics.com/forumdisplay.php?f=268">
	 
	<options id="Advisors" file="BUG Advisors.ini">
		<section id="Advisors">
			<!-- Exotic Foreign Advisor (F4) by Requies, Dresden, EmperorFool -->
			<!-- advc.004: Set the default to Numbers (was Smilies in K-Mod) -->
			<option id="EFAGlanceTab" key="EFA Glance" 
					type="boolean" default="True" 
					get="isShowGlance"/>
			<list   id="EFAGlanceAttitudes" key="EFA Glance Attitudes" 
					type="int" default="0" listType="string">
				<choice id="Numbers" get="isShowGlanceNumbers"/>
				<choice id="Smilies" get="isShowGlanceSmilies"/>
				<choice id="Both" get="isShowGlanceNumbers isShowGlanceSmilies"/>
			</list>
			<!-- advc.152 -->
			<option id="EFAWarTrades" key="EFA War Trades" 
					type="boolean" default="True" 
					get="isShowGlanceWarTrades"/>
			<!-- advc.004: default was True in K-Mod -->
			<option id="EFAImprovedInfo" key="EFA Improved Info" 
					type="boolean" default="False" 
					get="isUseImprovedEFAInfo"/>
			<!--option id="EFADealTurnsLeft" key="EFA Deal Turns Left" 
					type="boolean" default="True" 
					get="isShowDealTurnsLeft"/-->
			<!-- advc.072: Replaced with a list of choices.
				 The DLL relies on this order of the choices. -->
			<list   id="DealTurnsLeft" key="Deal Turns Left" 
					type="int" default="3" listType="string"
					values="Active Tab|Current Deals|Both|Only Tooltip"
					get="getShowDealTurns">
				<choice id="Active"/>
				<choice id="Current"/>
				<choice id="Both"/>
				<choice id="Neither"/>
			</list>
	
			<!-- BUG Military Advisor (F5) by Ruff_Hi, EmperorFool, Karadoc -->
			<option id="BugMA" key="BugMilitaryAdvisor"
					type="boolean" default="False"
					get="isBUG_MA"/>
	
			<!-- Technology Advisor (F6) by EmperorFool, Ruff_Hi -->
			<!-- advc.004e: Disabled by default. -->
			<option id="GPTechPrefs" key="GP Tech Prefs" 
					type="boolean" default="False" 
					get="isShowGPTechPrefs"/>
			<option id="WideTechScreen" key="Wide Tech Screen" 
					type="boolean" default="False" 
					get="isWideTechScreen"/>
			<!-- advc.068: dirtyBit added -->
			<option id="ShowTechEra" key="Show Tech Era" 
					type="boolean" default="False"
					get="isShowTechEra" dirtyBit="Tech_Screen"/>
	
			<!-- BUG Religion Advisor (F7) by Ruff_Hi -->
			<option id="BugReligiousTab" key="Religious" 
					type="boolean" default="False" 
					get="isReligious"/>
			<list   id="ShowReligions" key="Show Religions" 
					type="int" default="0" listType="string" 
					get="getShowReligions">
				<choice id="All" get="isShowAllReligions isShowFoundedReligions isShowPlayerReligions"/>
				<choice id="Founded" get="isShowFoundedReligions"/>
				<choice id="Player" get="isShowPlayerReligions"/>
			</list>

			<!-- BUG Victory Advisor (F8) by Ruff_Hi -->
			<option id="BugVictoriesTab" key="Victories" 
					type="boolean" default="False" 
					get="isVictories"/>
			<option id="BugMembersTab" key="Members" 
					type="boolean" default="False" 
					get="isMembers"/>
	
			<!-- BUG Info Screen (F9) by Ruff_Hi -->
			<option id="BugGraphsTab" key="Graphs" 
					type="boolean" default="False" 
					get="isGraphs"/>
			<option id="BugGraphsLogScale" key="Log Scale" 
					type="boolean" default="False" 
					get="isGraphsLogScale"/>
			<option id="BugStatsTab" key="Improvements" 
					type="boolean" default="True" 
					get="isShowImprovements"/>
			<option id="NonZeroStatsOnly" key="Non-Zero Stats Only"
					type="boolean" default="True"
					get="isNonZeroStatsOnly"/> <!-- K-Mod -->
			<!-- advc.004: Both enabled by default -->
			<option id="BugInfoWonders" key="Wonders" 
					type="boolean" default="True" 
					get="isShowInfoWonders"/>
			<option id="BugInfoWondersPlayerColor" key="Wonders Player Color" 
					type="boolean" default="True" 
					get="isWonderListUsePlayerColor"/>

			<!-- Sevopedia (F12) by Sevo -->
			<!-- advc.004y: Both enabled by default -->
			<option id="Sevopedia" key="Sevopedia" 
					type="boolean" default="True" 
					get="isSevopedia"/>
			<option id="SevopediaSortItemList" key="Sevopedia Sort" 
					type="boolean" default="True" 
					get="isSortSevopedia"/>
		</section>
	</options>
	
	<widget name="WIDGET_INFO_WORLD_WONDERS" xml="TXT_KEY_TOP_CITIES_SCREEN_WORLD_WONDERS"/>
	<widget name="WIDGET_INFO_NATIONAL_WONDERS" xml="TXT_KEY_TOP_CITIES_SCREEN_NATIONAL_WONDERS"/>
	<widget name="WIDGET_INFO_PROJECTS" xml="TXT_KEY_PEDIA_CATEGORY_PROJECT"/>

	<widget name="WIDGET_TECH_PREFS_ALL" module="CvTechChooser" function="getAllTechPrefsHover"/>
	<widget name="WIDGET_TECH_PREFS_CURRENT" module="CvTechChooser" function="getCurrentTechPrefsHover"/>
	<widget name="WIDGET_TECH_PREFS_FUTURE" module="CvTechChooser" function="getFutureTechPrefsHover"/>
	<widget name="WIDGET_TECH_CHOOSER_ERA" module="CvTechChooser" function="getEraDescription"/>
	<!-- advc.004a -->
	<widget name="WIDGET_TECH_PREFS_HEADING" module="CvTechChooser" function="getTechPrefsHeadingHover"/>

	<event type="ResolutionChanged" module="CvCustomizableDomesticAdvisor" function="forcePositionCalc"/>
	<event type="LanguageChanged" module="CvCustomizableDomesticAdvisor" function="forcePositionCalc"/>

</mod>
