<?xml version="1.0" encoding="ISO-8859-1" ?>
<!--
	BULL Miscellaneous Hovers
	by EmperorFool
	
	Copyright (c) 2009 The BUG Mod.
-->
<mod id="MiscHover" 
	 name="BULL Miscellaneous Hovers" 
	 author="EmperorFool" 
	 version="1.0" 
	 date="04/20/2009"
	 url="http://forums.civfanatics.com/showthread.php?t=307951"
	 dll="0">
	 
	<options id="MiscHover" file="BUG Misc Hovers.ini">
		<!-- advc.sha: Permanently disabled -->
		<!--section id="Leaderhead">
			<option id="LeaderheadHiddenAttitude" key="Show Hidden Attitude" 
					type="boolean" default="False" dll="2"/>
			<option id="LeaderheadWorstEnemy" key="Show Worst Enemy" 
					type="boolean" default="False"/>
			<option id="LeaderheadDefensivePacts" key="Show Defensive Pacts" 
					type="boolean" default="False"/>
		</section-->
		
		<section id="Plot">
			<!--option id="LatLongCoords" key="Lat Long Coords" 
					type="boolean" default="False"/>
			<option id="PartialBuilds" key="Plot Partial Builds" 
					type="boolean" default="False"/-->
			<!-- advc.011b -->
			<option id="PartialBuildsAlways" key="Partial Builds Always"
					type="boolean" default="False"/>
			<!-- advc.099f -->
			<option id="CultureInUnownedTiles" key="Culture in Unowned Tiles"
					type="boolean" default="False"/>
		</section>
		
		<section id="Unit">
			<option id="UpdateUnitNameOnUpgrade" key="Update Name On Upgrade" 
					type="boolean" default="False"/>
			<option id="UnitExperience" key="Unit Experience" 
					type="boolean" default="False" dll="3"/>
			<option id="UnitExperienceModifiers" key="Unit Experience Modifiers" 
					type="boolean" default="False" dll="3"/>
		</section>
		
		<section id="Net Effects">
			<option id="BuildingActualEffects" key="Building Actual Effects" 
					type="boolean" default="False"/>
			<option id="SpecialistActualEffects" key="Specialist Actual Effects" 
					type="boolean" default="False"/> <!-- K-Mod added (this was unused, but missing) -->
		</section>
		<!-- advc.073: Don't need options for this; always enabled.
			 advc.910 should cover SpedUpTechs (although it's not quite the same
			 thing) -->
		<!--section id="Tech">
			<option id="SpedUpTechs" key="Sped Up Techs" 
					type="boolean" default="False"/>
			<option id="TechTradeDenial" key="Trade Denial" 
					type="boolean" default="False"/>
		</section>	
		<section id="Bonus">
			<option id="BonusTradeDenial" key="Trade Denial" 
					type="boolean" default="False"/>
		</section-->
		
		
		<section id="City Screen">
			<!-- advc.065: No longer optional -->
			<!--option id="BaseCommerce" key="Base Commerce" 
					type="boolean" default="False"/-->
			<option id="GreatPeopleRateBreakdown" key="Great People Rate Breakdown" 
					type="boolean" default="False"/>
					
			<option id="BuildingSavedMaintenance" key="Building Saved Maintenance" 
					type="boolean" default="False"/>
			<option id="BuildingAdditionalFood" key="Building Additional Food" 
					type="boolean" default="False"/>
			<option id="BuildingAdditionalProduction" key="Building Additional Production" 
					type="boolean" default="False"/>
			<option id="BuildingAdditionalCommerce" key="Building Additional Commerce" 
					type="boolean" default="False"/>
			<option id="BuildingAdditionalHealth" key="Building Additional Health" 
					type="boolean" default="False"/>
			<option id="BuildingAdditionalHappiness" key="Building Additional Happiness" 
					type="boolean" default="False"/>
			<option id="BuildingAdditionalGreatPeople" key="Building Additional Great People" 
					type="boolean" default="False"/>
			<option id="BuildingAdditionalDefense" key="Building Additional Defense" 
					type="boolean" default="False" dll="2"/>
		</section>
		
		
		<section id="Action Buttons">
			<option id="ConscriptUnit" key="Conscript Unit" 
					type="boolean" default="False" dll="3"/>
			<option id="ConscriptLimit" key="Conscript Limit" 
					type="boolean" default="False" dll="3"/>
			<!-- advc.064: default was False -->
			<option id="HurryOverflow" key="Hurry Overflow" 
					type="boolean" default="True"/>
			<!-- advc.064: default was False -->
			<option id="HurryOverflowIncludeCurrent" key="Hurry Overflow Include Current" 
					type="boolean" default="True"/>
					
			<option id="RemoveSpecialist" key="Remove Specialist" 
					type="boolean" default="False"/>
					
			<option id="CDAZoomCityDetails" key="CDA Zoom City Details" 
					type="boolean" default="False"/>
		</section>
	</options>
</mod>
