<?xml version="1.0" encoding="ISO-8859-1" ?>
<!--
	Reminder
	by eotinb, EmperorFool, Ruff_Hi

	Copyright (c) 2008 The BUG Mod.
-->
<mod id="Reminder" 
	 module="ReminderEventManager" 
	 name="Reminder" 
	 author="eotinb, EmperorFool, Ruff_Hi" 
	 version="1.0" 
	 date="11/29/2005"
	 url="http://forums.civfanatics.com/showthread.php?t=144612">
	 
	<options id="Reminder" file="Reminder.ini">
		<section id="Reminder">
			<option id="Enabled" 
					type="boolean" default="True" 
					get="isEnabled" set="setEnabled" 
					label="Enable Reminders [ALT + M]" 
					help="Turn on eotinb's Reminders mod."/>
			<!-- advc.004: default was 2 (Both) -->
			<list   id="DisplayMethod" key="Display Method" 
					type="int" default="1" listType="string" 
					get="getDisplayMethod" set="setDisplayMethod">
				<choice id="Message" get="isShowMessage"/>
				<choice id="Popup" get="isShowPopup"/>
				<choice id="Both" get="isShowMessage isShowPopup"/>
			</list>
			<!-- advc.004: default was True -->
			<option id="Autolog" 
					type="boolean" default="False" 
					get="isAutolog" set="setAutolog"/>
		</section>
	</options>
	
	<events/>
	<!-- advc.007b: Was "Alt Ctrl R | Alt M", but Alt+Ctrl+R is used for
		 reloading Art Defines when cheats are enabled. -->
	<shortcut key="Alt M" function="createReminder"/>
	
</mod>
