<?xml version="1.0"?>
<!-- edited with XMLSPY v2004 rel. 2 U (http://www.xmlspy.com) by Alex Mantzaris (Firaxis Games) -->
<!-- Sid Meier's Civilization 4 -->
<!-- Copyright Firaxis Games 2005 -->
<!-- -->
<!-- UnitClass Schema -->
<Civ4UnitClassInfos xmlns="x-schema:CIV4UnitSchema.xml">
	<UnitClassInfos>
		<UnitClassInfo>
			<Type>UNITCLASS_LION</Type>
			<Description>TXT_KEY_UNIT_LION</Description>
			<iMaxGlobalInstances>-1</iMaxGlobalInstances>
			<iMaxTeamInstances>-1</iMaxTeamInstances>
			<iMaxPlayerInstances>-1</iMaxPlayerInstances>
			<iInstanceCostModifier>0</iInstanceCostModifier>
			<DefaultUnit>UNIT_LION</DefaultUnit>
		</UnitClassInfo>
		<UnitClassInfo>
			<Type>UNITCLASS_BEAR</Type>
			<Description>TXT_KEY_UNIT_BEAR</Description>
			<iMaxGlobalInstances>-1</iMaxGlobalInstances>
			<iMaxTeamInstances>-1</iMaxTeamInstances>
			<iMaxPlayerInstances>-1</iMaxPlayerInstances>
			<iInstanceCostModifier>0</iInstanceCostModifier>
			<DefaultUnit>UNIT_BEAR</DefaultUnit>
		</UnitClassInfo>
		<UnitClassInfo>
			<Type>UNITCLASS_PANTHER</Type>
			<Description>TXT_KEY_UNIT_PANTHER</Description>
			<iMaxGlobalInstances>-1</iMaxGlobalInstances>
			<iMaxTeamInstances>-1</iMaxTeamInstances>
			<iMaxPlayerInstances>-1</iMaxPlayerInstances>
			<iInstanceCostModifier>0</iInstanceCostModifier>
			<DefaultUnit>UNIT_PANTHER</DefaultUnit>
		</UnitClassInfo>
		<UnitClassInfo>
			<Type>UNITCLASS_WOLF</Type>
			<Description>TXT_KEY_UNIT_WOLF</Description>
			<iMaxGlobalInstances>-1</iMaxGlobalInstances>
			<iMaxTeamInstances>-1</iMaxTeamInstances>
			<iMaxPlayerInstances>-1</iMaxPlayerInstances>
			<iInstanceCostModifier>0</iInstanceCostModifier>
			<DefaultUnit>UNIT_WOLF</DefaultUnit>
		</UnitClassInfo>
		<UnitClassInfo>
			<Type>UNITCLASS_SETTLER</Type>
			<Description>TXT_KEY_UNIT_SETTLER</Description>
			<iMaxGlobalInstances>-1</iMaxGlobalInstances>
			<iMaxTeamInstances>-1</iMaxTeamInstances>
			<iMaxPlayerInstances>-1</iMaxPlayerInstances>
			<iInstanceCostModifier>0</iInstanceCostModifier>
			<DefaultUnit>UNIT_SETTLER</DefaultUnit>
		</UnitClassInfo>
		<UnitClassInfo>
			<Type>UNITCLASS_WORKER</Type>
			<Description>TXT_KEY_UNIT_WORKER</Description>
			<iMaxGlobalInstances>-1</iMaxGlobalInstances>
			<iMaxTeamInstances>-1</iMaxTeamInstances>
			<iMaxPlayerInstances>-1</iMaxPlayerInstances>
			<iInstanceCostModifier>0</iInstanceCostModifier>
			<DefaultUnit>UNIT_WORKER</DefaultUnit>
		</UnitClassInfo>
		<UnitClassInfo>
			<Type>UNITCLASS_SCOUT</Type>
			<Description>TXT_KEY_UNIT_SCOUT</Description>
			<iMaxGlobalInstances>-1</iMaxGlobalInstances>
			<iMaxTeamInstances>-1</iMaxTeamInstances>
			<iMaxPlayerInstances>-1</iMaxPlayerInstances>
			<iInstanceCostModifier>0</iInstanceCostModifier>
			<DefaultUnit>UNIT_SCOUT</DefaultUnit>
		</UnitClassInfo>
		<UnitClassInfo>
			<Type>UNITCLASS_EXPLORER</Type>
			<Description>TXT_KEY_UNIT_EXPLORER</Description>
			<iMaxGlobalInstances>-1</iMaxGlobalInstances>
			<iMaxTeamInstances>-1</iMaxTeamInstances>
			<iMaxPlayerInstances>-1</iMaxPlayerInstances>
			<iInstanceCostModifier>0</iInstanceCostModifier>
			<DefaultUnit>UNIT_EXPLORER</DefaultUnit>
		</UnitClassInfo>
		<UnitClassInfo>
			<Type>UNITCLASS_SPY</Type>
			<Description>TXT_KEY_UNIT_SPY</Description>
			<iMaxGlobalInstances>-1</iMaxGlobalInstances>
			<iMaxTeamInstances>-1</iMaxTeamInstances>
			<iMaxPlayerInstances>-1</iMaxPlayerInstances>
			<iInstanceCostModifier>0</iInstanceCostModifier>
			<DefaultUnit>UNIT_SPY</DefaultUnit>
		</UnitClassInfo>
		<UnitClassInfo>
			<Type>UNITCLASS_EXECUTIVE_1</Type>
			<Description>TXT_KEY_UNIT_EXECUTIVE_1</Description>
			<iMaxGlobalInstances>-1</iMaxGlobalInstances>
			<iMaxTeamInstances>-1</iMaxTeamInstances>
			<iMaxPlayerInstances>5</iMaxPlayerInstances>
			<iInstanceCostModifier>0</iInstanceCostModifier>
			<DefaultUnit>UNIT_EXECUTIVE_1</DefaultUnit>
		</UnitClassInfo>
		<UnitClassInfo>
			<Type>UNITCLASS_EXECUTIVE_2</Type>
			<Description>CHANGED_TXT_KEY_UNIT_EXECUTIVE_2</Description>
			<iMaxGlobalInstances>-1</iMaxGlobalInstances>
			<iMaxTeamInstances>-1</iMaxTeamInstances>
			<iMaxPlayerInstances>5</iMaxPlayerInstances>
			<iInstanceCostModifier>0</iInstanceCostModifier>
			<DefaultUnit>UNIT_EXECUTIVE_2</DefaultUnit>
		</UnitClassInfo>
		<UnitClassInfo>
			<Type>UNITCLASS_EXECUTIVE_3</Type>
			<Description>TXT_KEY_UNIT_EXECUTIVE_3</Description>
			<iMaxGlobalInstances>-1</iMaxGlobalInstances>
			<iMaxTeamInstances>-1</iMaxTeamInstances>
			<iMaxPlayerInstances>5</iMaxPlayerInstances>
			<iInstanceCostModifier>0</iInstanceCostModifier>
			<DefaultUnit>UNIT_EXECUTIVE_3</DefaultUnit>
		</UnitClassInfo>
		<UnitClassInfo>
			<Type>UNITCLASS_EXECUTIVE_4</Type>
			<Description>TXT_KEY_UNIT_EXECUTIVE_4</Description>
			<iMaxGlobalInstances>-1</iMaxGlobalInstances>
			<iMaxTeamInstances>-1</iMaxTeamInstances>
			<iMaxPlayerInstances>5</iMaxPlayerInstances>
			<iInstanceCostModifier>0</iInstanceCostModifier>
			<DefaultUnit>UNIT_EXECUTIVE_4</DefaultUnit>
		</UnitClassInfo>
		<UnitClassInfo>
			<Type>UNITCLASS_EXECUTIVE_5</Type>
			<Description>TXT_KEY_UNIT_EXECUTIVE_5</Description>
			<iMaxGlobalInstances>-1</iMaxGlobalInstances>
			<iMaxTeamInstances>-1</iMaxTeamInstances>
			<iMaxPlayerInstances>5</iMaxPlayerInstances>
			<iInstanceCostModifier>0</iInstanceCostModifier>
			<DefaultUnit>UNIT_EXECUTIVE_5</DefaultUnit>
		</UnitClassInfo>
		<UnitClassInfo>
			<Type>UNITCLASS_EXECUTIVE_6</Type>
			<Description>TXT_KEY_UNIT_EXECUTIVE_6</Description>
			<iMaxGlobalInstances>-1</iMaxGlobalInstances>
			<iMaxTeamInstances>-1</iMaxTeamInstances>
			<iMaxPlayerInstances>5</iMaxPlayerInstances>
			<iInstanceCostModifier>0</iInstanceCostModifier>
			<DefaultUnit>UNIT_EXECUTIVE_6</DefaultUnit>
		</UnitClassInfo>
		<UnitClassInfo>
			<Type>UNITCLASS_EXECUTIVE_7</Type>
			<Description>TXT_KEY_UNIT_EXECUTIVE_7</Description>
			<iMaxGlobalInstances>-1</iMaxGlobalInstances>
			<iMaxTeamInstances>-1</iMaxTeamInstances>
			<iMaxPlayerInstances>5</iMaxPlayerInstances>
			<iInstanceCostModifier>0</iInstanceCostModifier>
			<DefaultUnit>UNIT_EXECUTIVE_7</DefaultUnit>
		</UnitClassInfo>
		<UnitClassInfo>
			<Type>UNITCLASS_JEWISH_MISSIONARY</Type>
			<Description>TXT_KEY_UNIT_JEWISH_MISSIONARY</Description>
			<iMaxGlobalInstances>-1</iMaxGlobalInstances>
			<iMaxTeamInstances>-1</iMaxTeamInstances>
			<iMaxPlayerInstances>3</iMaxPlayerInstances>
			<iInstanceCostModifier>0</iInstanceCostModifier>
			<DefaultUnit>UNIT_JEWISH_MISSIONARY</DefaultUnit>
		</UnitClassInfo>
		<UnitClassInfo>
			<Type>UNITCLASS_CHRISTIAN_MISSIONARY</Type>
			<Description>TXT_KEY_UNIT_CHRISTIAN_MISSIONARY</Description>
			<iMaxGlobalInstances>-1</iMaxGlobalInstances>
			<iMaxTeamInstances>-1</iMaxTeamInstances>
			<iMaxPlayerInstances>3</iMaxPlayerInstances>
			<iInstanceCostModifier>0</iInstanceCostModifier>
			<DefaultUnit>UNIT_CHRISTIAN_MISSIONARY</DefaultUnit>
		</UnitClassInfo>
		<UnitClassInfo>
			<Type>UNITCLASS_ISLAMIC_MISSIONARY</Type>
			<Description>TXT_KEY_UNIT_ISLAMIC_MISSIONARY</Description>
			<iMaxGlobalInstances>-1</iMaxGlobalInstances>
			<iMaxTeamInstances>-1</iMaxTeamInstances>
			<iMaxPlayerInstances>3</iMaxPlayerInstances>
			<iInstanceCostModifier>0</iInstanceCostModifier>
			<DefaultUnit>UNIT_ISLAMIC_MISSIONARY</DefaultUnit>
		</UnitClassInfo>
		<UnitClassInfo>
			<Type>UNITCLASS_HINDU_MISSIONARY</Type>
			<Description>TXT_KEY_UNIT_HINDU_MISSIONARY</Description>
			<iMaxGlobalInstances>-1</iMaxGlobalInstances>
			<iMaxTeamInstances>-1</iMaxTeamInstances>
			<iMaxPlayerInstances>3</iMaxPlayerInstances>
			<iInstanceCostModifier>0</iInstanceCostModifier>
			<DefaultUnit>UNIT_HINDU_MISSIONARY</DefaultUnit>
		</UnitClassInfo>
		<UnitClassInfo>
			<Type>UNITCLASS_BUDDHIST_MISSIONARY</Type>
			<Description>TXT_KEY_UNIT_BUDDHIST_MISSIONARY</Description>
			<iMaxGlobalInstances>-1</iMaxGlobalInstances>
			<iMaxTeamInstances>-1</iMaxTeamInstances>
			<iMaxPlayerInstances>3</iMaxPlayerInstances>
			<iInstanceCostModifier>0</iInstanceCostModifier>
			<DefaultUnit>UNIT_BUDDHIST_MISSIONARY</DefaultUnit>
		</UnitClassInfo>
		<UnitClassInfo>
			<Type>UNITCLASS_CONFUCIAN_MISSIONARY</Type>
			<Description>TXT_KEY_UNIT_CONFUCIAN_MISSIONARY</Description>
			<iMaxGlobalInstances>-1</iMaxGlobalInstances>
			<iMaxTeamInstances>-1</iMaxTeamInstances>
			<iMaxPlayerInstances>3</iMaxPlayerInstances>
			<iInstanceCostModifier>0</iInstanceCostModifier>
			<DefaultUnit>UNIT_CONFUCIAN_MISSIONARY</DefaultUnit>
		</UnitClassInfo>
		<UnitClassInfo>
			<Type>UNITCLASS_TAOIST_MISSIONARY</Type>
			<Description>TXT_KEY_UNIT_TAOIST_MISSIONARY</Description>
			<iMaxGlobalInstances>-1</iMaxGlobalInstances>
			<iMaxTeamInstances>-1</iMaxTeamInstances>
			<iMaxPlayerInstances>3</iMaxPlayerInstances>
			<iInstanceCostModifier>0</iInstanceCostModifier>
			<DefaultUnit>UNIT_TAOIST_MISSIONARY</DefaultUnit>
		</UnitClassInfo>
		<UnitClassInfo>
			<Type>UNITCLASS_WARRIOR</Type>
			<Description>TXT_KEY_UNIT_WARRIOR</Description>
			<iMaxGlobalInstances>-1</iMaxGlobalInstances>
			<iMaxTeamInstances>-1</iMaxTeamInstances>
			<iMaxPlayerInstances>-1</iMaxPlayerInstances>
			<iInstanceCostModifier>0</iInstanceCostModifier>
			<DefaultUnit>UNIT_WARRIOR</DefaultUnit>
		</UnitClassInfo>
		<UnitClassInfo>
			<Type>UNITCLASS_SWORDSMAN</Type>
			<Description>TXT_KEY_UNIT_SWORDSMAN</Description>
			<iMaxGlobalInstances>-1</iMaxGlobalInstances>
			<iMaxTeamInstances>-1</iMaxTeamInstances>
			<iMaxPlayerInstances>-1</iMaxPlayerInstances>
			<iInstanceCostModifier>0</iInstanceCostModifier>
			<DefaultUnit>UNIT_SWORDSMAN</DefaultUnit>
		</UnitClassInfo>
		<UnitClassInfo>
			<Type>UNITCLASS_AXEMAN</Type>
			<Description>TXT_KEY_UNIT_AXEMAN</Description>
			<iMaxGlobalInstances>-1</iMaxGlobalInstances>
			<iMaxTeamInstances>-1</iMaxTeamInstances>
			<iMaxPlayerInstances>-1</iMaxPlayerInstances>
			<iInstanceCostModifier>0</iInstanceCostModifier>
			<DefaultUnit>UNIT_AXEMAN</DefaultUnit>
		</UnitClassInfo>
		<UnitClassInfo>
			<Type>UNITCLASS_MACEMAN</Type>
			<Description>TXT_KEY_UNIT_MACEMAN</Description>
			<iMaxGlobalInstances>-1</iMaxGlobalInstances>
			<iMaxTeamInstances>-1</iMaxTeamInstances>
			<iMaxPlayerInstances>-1</iMaxPlayerInstances>
			<iInstanceCostModifier>0</iInstanceCostModifier>
			<DefaultUnit>UNIT_MACEMAN</DefaultUnit>
		</UnitClassInfo>
		<UnitClassInfo>
			<Type>UNITCLASS_SPEARMAN</Type>
			<Description>TXT_KEY_UNIT_SPEARMAN</Description>
			<iMaxGlobalInstances>-1</iMaxGlobalInstances>
			<iMaxTeamInstances>-1</iMaxTeamInstances>
			<iMaxPlayerInstances>-1</iMaxPlayerInstances>
			<iInstanceCostModifier>0</iInstanceCostModifier>
			<DefaultUnit>UNIT_SPEARMAN</DefaultUnit>
		</UnitClassInfo>
		<UnitClassInfo>
			<Type>UNITCLASS_PIKEMAN</Type>
			<Description>TXT_KEY_UNIT_PIKEMAN</Description>
			<iMaxGlobalInstances>-1</iMaxGlobalInstances>
			<iMaxTeamInstances>-1</iMaxTeamInstances>
			<iMaxPlayerInstances>-1</iMaxPlayerInstances>
			<iInstanceCostModifier>0</iInstanceCostModifier>
			<DefaultUnit>UNIT_PIKEMAN</DefaultUnit>
		</UnitClassInfo>
		<UnitClassInfo>
			<Type>UNITCLASS_MUSKETMAN</Type>
			<Description>TXT_KEY_UNIT_MUSKETMAN</Description>
			<iMaxGlobalInstances>-1</iMaxGlobalInstances>
			<iMaxTeamInstances>-1</iMaxTeamInstances>
			<iMaxPlayerInstances>-1</iMaxPlayerInstances>
			<iInstanceCostModifier>0</iInstanceCostModifier>
			<DefaultUnit>UNIT_MUSKETMAN</DefaultUnit>
		</UnitClassInfo>
		<UnitClassInfo>
			<Type>UNITCLASS_RIFLEMAN</Type>
			<Description>TXT_KEY_UNIT_RIFLEMAN</Description>
			<iMaxGlobalInstances>-1</iMaxGlobalInstances>
			<iMaxTeamInstances>-1</iMaxTeamInstances>
			<iMaxPlayerInstances>-1</iMaxPlayerInstances>
			<iInstanceCostModifier>0</iInstanceCostModifier>
			<DefaultUnit>UNIT_RIFLEMAN</DefaultUnit>
		</UnitClassInfo>
		<UnitClassInfo>
			<Type>UNITCLASS_GRENADIER</Type>
			<Description>TXT_KEY_UNIT_GRENADIER</Description>
			<iMaxGlobalInstances>-1</iMaxGlobalInstances>
			<iMaxTeamInstances>-1</iMaxTeamInstances>
			<iMaxPlayerInstances>-1</iMaxPlayerInstances>
			<iInstanceCostModifier>0</iInstanceCostModifier>
			<DefaultUnit>UNIT_GRENADIER</DefaultUnit>
		</UnitClassInfo>
		<UnitClassInfo>
			<Type>UNITCLASS_INFANTRY</Type>
			<Description>TXT_KEY_UNIT_INFANTRY</Description>
			<iMaxGlobalInstances>-1</iMaxGlobalInstances>
			<iMaxTeamInstances>-1</iMaxTeamInstances>
			<iMaxPlayerInstances>-1</iMaxPlayerInstances>
			<iInstanceCostModifier>0</iInstanceCostModifier>
			<DefaultUnit>UNIT_INFANTRY</DefaultUnit>
		</UnitClassInfo>
		<UnitClassInfo>
			<Type>UNITCLASS_AT_INFANTRY</Type>
			<Description>TXT_KEY_UNIT_AT_INFANTRY</Description>
			<iMaxGlobalInstances>-1</iMaxGlobalInstances>
			<iMaxTeamInstances>-1</iMaxTeamInstances>
			<iMaxPlayerInstances>-1</iMaxPlayerInstances>
			<iInstanceCostModifier>0</iInstanceCostModifier>
			<DefaultUnit>UNIT_AT_INFANTRY</DefaultUnit>
		</UnitClassInfo>
		<UnitClassInfo>
			<Type>UNITCLASS_SAM_INFANTRY</Type>
			<Description>TXT_KEY_UNIT_SAM_INFANTRY</Description>
			<iMaxGlobalInstances>-1</iMaxGlobalInstances>
			<iMaxTeamInstances>-1</iMaxTeamInstances>
			<iMaxPlayerInstances>-1</iMaxPlayerInstances>
			<iInstanceCostModifier>0</iInstanceCostModifier>
			<DefaultUnit>UNIT_SAM_INFANTRY</DefaultUnit>
		</UnitClassInfo>
		<UnitClassInfo>
			<Type>UNITCLASS_MOBILE_SAM</Type>
			<Description>TXT_KEY_UNIT_MOBILE_SAM</Description>
			<iMaxGlobalInstances>-1</iMaxGlobalInstances>
			<iMaxTeamInstances>-1</iMaxTeamInstances>
			<iMaxPlayerInstances>-1</iMaxPlayerInstances>
			<iInstanceCostModifier>0</iInstanceCostModifier>
			<DefaultUnit>UNIT_MOBILE_SAM</DefaultUnit>
		</UnitClassInfo>
		<UnitClassInfo>
			<Type>UNITCLASS_MARINE</Type>
			<Description>TXT_KEY_UNIT_MARINE</Description>
			<iMaxGlobalInstances>-1</iMaxGlobalInstances>
			<iMaxTeamInstances>-1</iMaxTeamInstances>
			<iMaxPlayerInstances>-1</iMaxPlayerInstances>
			<iInstanceCostModifier>0</iInstanceCostModifier>
			<DefaultUnit>UNIT_MARINE</DefaultUnit>
		</UnitClassInfo>
		<UnitClassInfo>
			<Type>UNITCLASS_PARATROOPER</Type>
			<Description>TXT_KEY_UNIT_PARATROOPER</Description>
			<iMaxGlobalInstances>-1</iMaxGlobalInstances>
			<iMaxTeamInstances>-1</iMaxTeamInstances>
			<iMaxPlayerInstances>-1</iMaxPlayerInstances>
			<iInstanceCostModifier>0</iInstanceCostModifier>
			<DefaultUnit>UNIT_PARATROOPER</DefaultUnit>
		</UnitClassInfo>
		<UnitClassInfo>
			<Type>UNITCLASS_MECHANIZED_INFANTRY</Type>
			<Description>TXT_KEY_UNIT_MECHANIZED_INFANTRY</Description>
			<iMaxGlobalInstances>-1</iMaxGlobalInstances>
			<iMaxTeamInstances>-1</iMaxTeamInstances>
			<iMaxPlayerInstances>-1</iMaxPlayerInstances>
			<iInstanceCostModifier>0</iInstanceCostModifier>
			<DefaultUnit>UNIT_MECHANIZED_INFANTRY</DefaultUnit>
		</UnitClassInfo>
		<UnitClassInfo>
			<Type>UNITCLASS_ARCHER</Type>
			<Description>TXT_KEY_UNIT_ARCHER</Description>
			<iMaxGlobalInstances>-1</iMaxGlobalInstances>
			<iMaxTeamInstances>-1</iMaxTeamInstances>
			<iMaxPlayerInstances>-1</iMaxPlayerInstances>
			<iInstanceCostModifier>0</iInstanceCostModifier>
			<DefaultUnit>UNIT_ARCHER</DefaultUnit>
		</UnitClassInfo>
		<UnitClassInfo>
			<Type>UNITCLASS_LONGBOWMAN</Type>
			<Description>TXT_KEY_UNIT_LONGBOWMAN</Description>
			<iMaxGlobalInstances>-1</iMaxGlobalInstances>
			<iMaxTeamInstances>-1</iMaxTeamInstances>
			<iMaxPlayerInstances>-1</iMaxPlayerInstances>
			<iInstanceCostModifier>0</iInstanceCostModifier>
			<DefaultUnit>UNIT_LONGBOWMAN</DefaultUnit>
		</UnitClassInfo>
		<UnitClassInfo>
			<Type>UNITCLASS_CROSSBOWMAN</Type>
			<Description>TXT_KEY_UNIT_CROSSBOWMAN</Description>
			<iMaxGlobalInstances>-1</iMaxGlobalInstances>
			<iMaxTeamInstances>-1</iMaxTeamInstances>
			<iMaxPlayerInstances>-1</iMaxPlayerInstances>
			<iInstanceCostModifier>0</iInstanceCostModifier>
			<DefaultUnit>UNIT_CROSSBOWMAN</DefaultUnit>
		</UnitClassInfo>
		<UnitClassInfo>
			<Type>UNITCLASS_CHARIOT</Type>
			<Description>TXT_KEY_UNIT_CHARIOT</Description>
			<iMaxGlobalInstances>-1</iMaxGlobalInstances>
			<iMaxTeamInstances>-1</iMaxTeamInstances>
			<iMaxPlayerInstances>-1</iMaxPlayerInstances>
			<iInstanceCostModifier>0</iInstanceCostModifier>
			<DefaultUnit>UNIT_CHARIOT</DefaultUnit>
		</UnitClassInfo>
		<UnitClassInfo>
			<Type>UNITCLASS_HORSE_ARCHER</Type>
			<Description>TXT_KEY_UNIT_HORSE_ARCHER</Description>
			<iMaxGlobalInstances>-1</iMaxGlobalInstances>
			<iMaxTeamInstances>-1</iMaxTeamInstances>
			<iMaxPlayerInstances>-1</iMaxPlayerInstances>
			<iInstanceCostModifier>0</iInstanceCostModifier>
			<DefaultUnit>UNIT_HORSE_ARCHER</DefaultUnit>
		</UnitClassInfo>
		<UnitClassInfo>
			<Type>UNITCLASS_KNIGHT</Type>
			<Description>TXT_KEY_UNIT_KNIGHT</Description>
			<iMaxGlobalInstances>-1</iMaxGlobalInstances>
			<iMaxTeamInstances>-1</iMaxTeamInstances>
			<iMaxPlayerInstances>-1</iMaxPlayerInstances>
			<iInstanceCostModifier>0</iInstanceCostModifier>
			<DefaultUnit>UNIT_KNIGHT</DefaultUnit>
		</UnitClassInfo>
		<UnitClassInfo>
			<Type>UNITCLASS_CUIRASSIER</Type>
			<Description>TXT_KEY_UNIT_CUIRASSIER</Description>
			<iMaxGlobalInstances>-1</iMaxGlobalInstances>
			<iMaxTeamInstances>-1</iMaxTeamInstances>
			<iMaxPlayerInstances>-1</iMaxPlayerInstances>
			<iInstanceCostModifier>0</iInstanceCostModifier>
			<DefaultUnit>UNIT_CUIRASSIER</DefaultUnit>
		</UnitClassInfo>
		<UnitClassInfo>
			<Type>UNITCLASS_CAVALRY</Type>
			<Description>TXT_KEY_UNIT_CAVALRY</Description>
			<iMaxGlobalInstances>-1</iMaxGlobalInstances>
			<iMaxTeamInstances>-1</iMaxTeamInstances>
			<iMaxPlayerInstances>-1</iMaxPlayerInstances>
			<iInstanceCostModifier>0</iInstanceCostModifier>
			<DefaultUnit>UNIT_CAVALRY</DefaultUnit>
		</UnitClassInfo>
		<UnitClassInfo>
			<Type>UNITCLASS_WAR_ELEPHANT</Type>
			<Description>TXT_KEY_UNIT_WAR_ELEPHANT</Description>
			<iMaxGlobalInstances>-1</iMaxGlobalInstances>
			<iMaxTeamInstances>-1</iMaxTeamInstances>
			<iMaxPlayerInstances>-1</iMaxPlayerInstances>
			<iInstanceCostModifier>0</iInstanceCostModifier>
			<DefaultUnit>UNIT_WAR_ELEPHANT</DefaultUnit>
		</UnitClassInfo>
		<UnitClassInfo>
			<Type>UNITCLASS_TANK</Type>
			<Description>TXT_KEY_UNIT_TANK</Description>
			<iMaxGlobalInstances>-1</iMaxGlobalInstances>
			<iMaxTeamInstances>-1</iMaxTeamInstances>
			<iMaxPlayerInstances>-1</iMaxPlayerInstances>
			<iInstanceCostModifier>0</iInstanceCostModifier>
			<DefaultUnit>UNIT_TANK</DefaultUnit>
		</UnitClassInfo>
		<UnitClassInfo>
			<Type>UNITCLASS_MODERN_ARMOR</Type>
			<Description>TXT_KEY_UNIT_MODERN_ARMOR</Description>
			<iMaxGlobalInstances>-1</iMaxGlobalInstances>
			<iMaxTeamInstances>-1</iMaxTeamInstances>
			<iMaxPlayerInstances>-1</iMaxPlayerInstances>
			<iInstanceCostModifier>0</iInstanceCostModifier>
			<DefaultUnit>UNIT_MODERN_ARMOR</DefaultUnit>
		</UnitClassInfo>
		<UnitClassInfo>
			<Type>UNITCLASS_GUNSHIP</Type>
			<Description>TXT_KEY_UNIT_GUNSHIP</Description>
			<iMaxGlobalInstances>-1</iMaxGlobalInstances>
			<iMaxTeamInstances>-1</iMaxTeamInstances>
			<iMaxPlayerInstances>-1</iMaxPlayerInstances>
			<iInstanceCostModifier>0</iInstanceCostModifier>
			<DefaultUnit>UNIT_GUNSHIP</DefaultUnit>
		</UnitClassInfo>
		<UnitClassInfo>
			<Type>UNITCLASS_CATAPULT</Type>
			<Description>TXT_KEY_UNIT_CATAPULT</Description>
			<iMaxGlobalInstances>-1</iMaxGlobalInstances>
			<iMaxTeamInstances>-1</iMaxTeamInstances>
			<iMaxPlayerInstances>-1</iMaxPlayerInstances>
			<iInstanceCostModifier>0</iInstanceCostModifier>
			<DefaultUnit>UNIT_CATAPULT</DefaultUnit>
		</UnitClassInfo>
		<UnitClassInfo>
			<Type>UNITCLASS_TREBUCHET</Type>
			<Description>TXT_KEY_UNIT_TREBUCHET</Description>
			<iMaxGlobalInstances>-1</iMaxGlobalInstances>
			<iMaxTeamInstances>-1</iMaxTeamInstances>
			<iMaxPlayerInstances>-1</iMaxPlayerInstances>
			<iInstanceCostModifier>0</iInstanceCostModifier>
			<DefaultUnit>UNIT_TREBUCHET</DefaultUnit>
		</UnitClassInfo>
		<UnitClassInfo>
			<Type>UNITCLASS_CANNON</Type>
			<Description>TXT_KEY_UNIT_CANNON</Description>
			<iMaxGlobalInstances>-1</iMaxGlobalInstances>
			<iMaxTeamInstances>-1</iMaxTeamInstances>
			<iMaxPlayerInstances>-1</iMaxPlayerInstances>
			<iInstanceCostModifier>0</iInstanceCostModifier>
			<DefaultUnit>UNIT_CANNON</DefaultUnit>
		</UnitClassInfo>
		<UnitClassInfo>
			<Type>UNITCLASS_MACHINE_GUN</Type>
			<Description>TXT_KEY_UNIT_MACHINE_GUN</Description>
			<iMaxGlobalInstances>-1</iMaxGlobalInstances>
			<iMaxTeamInstances>-1</iMaxTeamInstances>
			<iMaxPlayerInstances>-1</iMaxPlayerInstances>
			<iInstanceCostModifier>0</iInstanceCostModifier>
			<DefaultUnit>UNIT_MACHINE_GUN</DefaultUnit>
		</UnitClassInfo>
		<UnitClassInfo>
			<Type>UNITCLASS_ARTILLERY</Type>
			<Description>TXT_KEY_UNIT_ARTILLERY</Description>
			<iMaxGlobalInstances>-1</iMaxGlobalInstances>
			<iMaxTeamInstances>-1</iMaxTeamInstances>
			<iMaxPlayerInstances>-1</iMaxPlayerInstances>
			<iInstanceCostModifier>0</iInstanceCostModifier>
			<DefaultUnit>UNIT_ARTILLERY</DefaultUnit>
		</UnitClassInfo>
		<UnitClassInfo>
			<Type>UNITCLASS_MOBILE_ARTILLERY</Type>
			<Description>TXT_KEY_UNIT_MOBILE_ARTILLERY</Description>
			<iMaxGlobalInstances>-1</iMaxGlobalInstances>
			<iMaxTeamInstances>-1</iMaxTeamInstances>
			<iMaxPlayerInstances>-1</iMaxPlayerInstances>
			<iInstanceCostModifier>0</iInstanceCostModifier>
			<DefaultUnit>UNIT_MOBILE_ARTILLERY</DefaultUnit>
		</UnitClassInfo>
		<UnitClassInfo>
			<Type>UNITCLASS_WORKBOAT</Type>
			<Description>TXT_KEY_UNIT_WORK_BOAT</Description>
			<iMaxGlobalInstances>-1</iMaxGlobalInstances>
			<iMaxTeamInstances>-1</iMaxTeamInstances>
			<iMaxPlayerInstances>-1</iMaxPlayerInstances>
			<iInstanceCostModifier>0</iInstanceCostModifier>
			<DefaultUnit>UNIT_WORKBOAT</DefaultUnit>
		</UnitClassInfo>
		<UnitClassInfo>
			<Type>UNITCLASS_GALLEY</Type>
			<Description>TXT_KEY_UNIT_GALLEY</Description>
			<iMaxGlobalInstances>-1</iMaxGlobalInstances>
			<iMaxTeamInstances>-1</iMaxTeamInstances>
			<iMaxPlayerInstances>-1</iMaxPlayerInstances>
			<iInstanceCostModifier>0</iInstanceCostModifier>
			<DefaultUnit>UNIT_GALLEY</DefaultUnit>
		</UnitClassInfo>
		<UnitClassInfo>
			<Type>UNITCLASS_TRIREME</Type>
			<Description>TXT_KEY_UNIT_TRIREME</Description>
			<iMaxGlobalInstances>-1</iMaxGlobalInstances>
			<iMaxTeamInstances>-1</iMaxTeamInstances>
			<iMaxPlayerInstances>-1</iMaxPlayerInstances>
			<iInstanceCostModifier>0</iInstanceCostModifier>
			<DefaultUnit>UNIT_TRIREME</DefaultUnit>
		</UnitClassInfo>
		<UnitClassInfo>
			<Type>UNITCLASS_CARAVEL</Type>
			<Description>TXT_KEY_UNIT_CARAVEL</Description>
			<iMaxGlobalInstances>-1</iMaxGlobalInstances>
			<iMaxTeamInstances>-1</iMaxTeamInstances>
			<iMaxPlayerInstances>-1</iMaxPlayerInstances>
			<iInstanceCostModifier>0</iInstanceCostModifier>
			<DefaultUnit>UNIT_CARAVEL</DefaultUnit>
		</UnitClassInfo>
		<UnitClassInfo>
			<Type>UNITCLASS_GALLEON</Type>
			<Description>TXT_KEY_UNIT_GALLEON</Description>
			<iMaxGlobalInstances>-1</iMaxGlobalInstances>
			<iMaxTeamInstances>-1</iMaxTeamInstances>
			<iMaxPlayerInstances>-1</iMaxPlayerInstances>
			<iInstanceCostModifier>0</iInstanceCostModifier>
			<DefaultUnit>UNIT_GALLEON</DefaultUnit>
		</UnitClassInfo>
		<UnitClassInfo>
			<Type>UNITCLASS_PRIVATEER</Type>
			<Description>TXT_KEY_UNIT_PRIVATEER</Description>
			<iMaxGlobalInstances>-1</iMaxGlobalInstances>
			<iMaxTeamInstances>-1</iMaxTeamInstances>
			<iMaxPlayerInstances>-1</iMaxPlayerInstances>
			<iInstanceCostModifier>0</iInstanceCostModifier>
			<DefaultUnit>UNIT_PRIVATEER</DefaultUnit>
		</UnitClassInfo>
		<UnitClassInfo>
			<Type>UNITCLASS_FRIGATE</Type>
			<Description>TXT_KEY_UNIT_FRIGATE</Description>
			<iMaxGlobalInstances>-1</iMaxGlobalInstances>
			<iMaxTeamInstances>-1</iMaxTeamInstances>
			<iMaxPlayerInstances>-1</iMaxPlayerInstances>
			<iInstanceCostModifier>0</iInstanceCostModifier>
			<DefaultUnit>UNIT_FRIGATE</DefaultUnit>
		</UnitClassInfo>
		<UnitClassInfo>
			<Type>UNITCLASS_SHIP_OF_THE_LINE</Type>
			<Description>TXT_KEY_UNIT_SHIP_OF_THE_LINE</Description>
			<iMaxGlobalInstances>-1</iMaxGlobalInstances>
			<iMaxTeamInstances>-1</iMaxTeamInstances>
			<iMaxPlayerInstances>-1</iMaxPlayerInstances>
			<iInstanceCostModifier>0</iInstanceCostModifier>
			<DefaultUnit>UNIT_SHIP_OF_THE_LINE</DefaultUnit>
		</UnitClassInfo>
		<UnitClassInfo>
			<Type>UNITCLASS_IRONCLAD</Type>
			<Description>TXT_KEY_UNIT_IRONCLAD</Description>
			<iMaxGlobalInstances>-1</iMaxGlobalInstances>
			<iMaxTeamInstances>-1</iMaxTeamInstances>
			<iMaxPlayerInstances>-1</iMaxPlayerInstances>
			<iInstanceCostModifier>0</iInstanceCostModifier>
			<DefaultUnit>UNIT_IRONCLAD</DefaultUnit>
		</UnitClassInfo>
		<UnitClassInfo>
			<Type>UNITCLASS_TRANSPORT</Type>
			<Description>TXT_KEY_UNIT_TRANSPORT</Description>
			<iMaxGlobalInstances>-1</iMaxGlobalInstances>
			<iMaxTeamInstances>-1</iMaxTeamInstances>
			<iMaxPlayerInstances>-1</iMaxPlayerInstances>
			<iInstanceCostModifier>0</iInstanceCostModifier>
			<DefaultUnit>UNIT_TRANSPORT</DefaultUnit>
		</UnitClassInfo>
		<UnitClassInfo>
			<Type>UNITCLASS_DESTROYER</Type>
			<Description>TXT_KEY_UNIT_DESTROYER</Description>
			<iMaxGlobalInstances>-1</iMaxGlobalInstances>
			<iMaxTeamInstances>-1</iMaxTeamInstances>
			<iMaxPlayerInstances>-1</iMaxPlayerInstances>
			<iInstanceCostModifier>0</iInstanceCostModifier>
			<DefaultUnit>UNIT_DESTROYER</DefaultUnit>
		</UnitClassInfo>
		<UnitClassInfo>
			<Type>UNITCLASS_STEALTH_DESTROYER</Type>
			<Description>TXT_KEY_UNIT_STEALTH_DESTROYER</Description>
			<iMaxGlobalInstances>-1</iMaxGlobalInstances>
			<iMaxTeamInstances>-1</iMaxTeamInstances>
			<iMaxPlayerInstances>-1</iMaxPlayerInstances>
			<iInstanceCostModifier>0</iInstanceCostModifier>
			<DefaultUnit>UNIT_STEALTH_DESTROYER</DefaultUnit>
		</UnitClassInfo>
		<UnitClassInfo>
			<Type>UNITCLASS_BATTLESHIP</Type>
			<Description>TXT_KEY_UNIT_BATTLESHIP</Description>
			<iMaxGlobalInstances>-1</iMaxGlobalInstances>
			<iMaxTeamInstances>-1</iMaxTeamInstances>
			<iMaxPlayerInstances>-1</iMaxPlayerInstances>
			<iInstanceCostModifier>0</iInstanceCostModifier>
			<DefaultUnit>UNIT_BATTLESHIP</DefaultUnit>
		</UnitClassInfo>
		<UnitClassInfo>
			<Type>UNITCLASS_MISSILE_CRUISER</Type>
			<Description>TXT_KEY_UNIT_MISSILE_CRUISER</Description>
			<iMaxGlobalInstances>-1</iMaxGlobalInstances>
			<iMaxTeamInstances>-1</iMaxTeamInstances>
			<iMaxPlayerInstances>-1</iMaxPlayerInstances>
			<iInstanceCostModifier>0</iInstanceCostModifier>
			<DefaultUnit>UNIT_MISSILE_CRUISER</DefaultUnit>
		</UnitClassInfo>
		<UnitClassInfo>
			<Type>UNITCLASS_ATTACK_SUBMARINE</Type>
			<Description>TXT_KEY_UNIT_ATTACK_SUBMARINE</Description>
			<iMaxGlobalInstances>-1</iMaxGlobalInstances>
			<iMaxTeamInstances>-1</iMaxTeamInstances>
			<iMaxPlayerInstances>-1</iMaxPlayerInstances>
			<iInstanceCostModifier>0</iInstanceCostModifier>
			<DefaultUnit>UNIT_ATTACK_SUBMARINE</DefaultUnit>
		</UnitClassInfo>
		<!-- advc.906: Position switched with ATTACK_SUBMARINE -->
		<UnitClassInfo>
			<Type>UNITCLASS_SUBMARINE</Type>
			<Description>TXT_KEY_UNIT_SUBMARINE</Description>
			<iMaxGlobalInstances>-1</iMaxGlobalInstances>
			<iMaxTeamInstances>-1</iMaxTeamInstances>
			<iMaxPlayerInstances>-1</iMaxPlayerInstances>
			<iInstanceCostModifier>0</iInstanceCostModifier>
			<DefaultUnit>UNIT_SUBMARINE</DefaultUnit>
		</UnitClassInfo>
		<UnitClassInfo>
			<Type>UNITCLASS_CARRIER</Type>
			<Description>TXT_KEY_UNIT_CARRIER</Description>
			<iMaxGlobalInstances>-1</iMaxGlobalInstances>
			<iMaxTeamInstances>-1</iMaxTeamInstances>
			<iMaxPlayerInstances>-1</iMaxPlayerInstances>
			<iInstanceCostModifier>0</iInstanceCostModifier>
			<DefaultUnit>UNIT_CARRIER</DefaultUnit>
		</UnitClassInfo>
		<UnitClassInfo>
			<Type>UNITCLASS_AIRSHIP</Type>
			<Description>TXT_KEY_UNIT_AIRSHIP</Description>
			<iMaxGlobalInstances>-1</iMaxGlobalInstances>
			<iMaxTeamInstances>-1</iMaxTeamInstances>
			<iMaxPlayerInstances>-1</iMaxPlayerInstances>
			<iInstanceCostModifier>0</iInstanceCostModifier>
			<DefaultUnit>UNIT_AIRSHIP</DefaultUnit>
		</UnitClassInfo>
		<UnitClassInfo>
			<Type>UNITCLASS_FIGHTER</Type>
			<Description>TXT_KEY_UNIT_FIGHTER</Description>
			<iMaxGlobalInstances>-1</iMaxGlobalInstances>
			<iMaxTeamInstances>-1</iMaxTeamInstances>
			<iMaxPlayerInstances>-1</iMaxPlayerInstances>
			<iInstanceCostModifier>0</iInstanceCostModifier>
			<DefaultUnit>UNIT_FIGHTER</DefaultUnit>
		</UnitClassInfo>
		<UnitClassInfo>
			<Type>UNITCLASS_JET_FIGHTER</Type>
			<Description>TXT_KEY_UNIT_JET_FIGHTER</Description>
			<iMaxGlobalInstances>-1</iMaxGlobalInstances>
			<iMaxTeamInstances>-1</iMaxTeamInstances>
			<iMaxPlayerInstances>-1</iMaxPlayerInstances>
			<iInstanceCostModifier>0</iInstanceCostModifier>
			<DefaultUnit>UNIT_JET_FIGHTER</DefaultUnit>
		</UnitClassInfo>
		<UnitClassInfo>
			<Type>UNITCLASS_BOMBER</Type>
			<Description>TXT_KEY_UNIT_BOMBER</Description>
			<iMaxGlobalInstances>-1</iMaxGlobalInstances>
			<iMaxTeamInstances>-1</iMaxTeamInstances>
			<iMaxPlayerInstances>-1</iMaxPlayerInstances>
			<iInstanceCostModifier>0</iInstanceCostModifier>
			<DefaultUnit>UNIT_BOMBER</DefaultUnit>
		</UnitClassInfo>
		<UnitClassInfo>
			<Type>UNITCLASS_STEALTH_BOMBER</Type>
			<Description>TXT_KEY_UNIT_STEALTH_BOMBER</Description>
			<iMaxGlobalInstances>-1</iMaxGlobalInstances>
			<iMaxTeamInstances>-1</iMaxTeamInstances>
			<iMaxPlayerInstances>-1</iMaxPlayerInstances>
			<iInstanceCostModifier>0</iInstanceCostModifier>
			<DefaultUnit>UNIT_STEALTH_BOMBER</DefaultUnit>
		</UnitClassInfo>
		<UnitClassInfo>
			<Type>UNITCLASS_GUIDED_MISSILE</Type>
			<Description>TXT_KEY_UNIT_GUIDED_MISSILE</Description>
			<iMaxGlobalInstances>-1</iMaxGlobalInstances>
			<iMaxTeamInstances>-1</iMaxTeamInstances>
			<iMaxPlayerInstances>-1</iMaxPlayerInstances>
			<iInstanceCostModifier>0</iInstanceCostModifier>
			<DefaultUnit>UNIT_GUIDED_MISSILE</DefaultUnit>
		</UnitClassInfo>
		<UnitClassInfo>
			<Type>UNITCLASS_ICBM</Type>
			<Description>TXT_KEY_UNIT_ICBM</Description>
			<iMaxGlobalInstances>-1</iMaxGlobalInstances>
			<iMaxTeamInstances>-1</iMaxTeamInstances>
			<iMaxPlayerInstances>-1</iMaxPlayerInstances>
			<iInstanceCostModifier>0</iInstanceCostModifier>
			<DefaultUnit>UNIT_ICBM</DefaultUnit>
		</UnitClassInfo>
		<UnitClassInfo>
			<Type>UNITCLASS_TACTICAL_NUKE</Type>
			<Description>TXT_KEY_UNIT_TACTICAL_NUKE</Description>
			<iMaxGlobalInstances>-1</iMaxGlobalInstances>
			<iMaxTeamInstances>-1</iMaxTeamInstances>
			<iMaxPlayerInstances>-1</iMaxPlayerInstances>
			<iInstanceCostModifier>0</iInstanceCostModifier>
			<DefaultUnit>UNIT_TACTICAL_NUKE</DefaultUnit>
		</UnitClassInfo>
		<UnitClassInfo>
			<Type>UNITCLASS_PROPHET</Type>
			<Description>TXT_KEY_UNIT_GREAT_PROPHET</Description>
			<iMaxGlobalInstances>-1</iMaxGlobalInstances>
			<iMaxTeamInstances>-1</iMaxTeamInstances>
			<iMaxPlayerInstances>-1</iMaxPlayerInstances>
			<iInstanceCostModifier>0</iInstanceCostModifier>
			<DefaultUnit>UNIT_PROPHET</DefaultUnit>
		</UnitClassInfo>
		<UnitClassInfo>
			<Type>UNITCLASS_ARTIST</Type>
			<Description>TXT_KEY_UNIT_GREAT_ARTIST</Description>
			<iMaxGlobalInstances>-1</iMaxGlobalInstances>
			<iMaxTeamInstances>-1</iMaxTeamInstances>
			<iMaxPlayerInstances>-1</iMaxPlayerInstances>
			<iInstanceCostModifier>0</iInstanceCostModifier>
			<DefaultUnit>UNIT_ARTIST</DefaultUnit>
		</UnitClassInfo>
		<UnitClassInfo>
			<Type>UNITCLASS_SCIENTIST</Type>
			<Description>TXT_KEY_UNIT_GREAT_SCIENTIST</Description>
			<iMaxGlobalInstances>-1</iMaxGlobalInstances>
			<iMaxTeamInstances>-1</iMaxTeamInstances>
			<iMaxPlayerInstances>-1</iMaxPlayerInstances>
			<iInstanceCostModifier>0</iInstanceCostModifier>
			<DefaultUnit>UNIT_SCIENTIST</DefaultUnit>
		</UnitClassInfo>
		<!-- advc.001: was TXT_KEY_UNIT_GREAT_TYCOON -->
		<UnitClassInfo>
			<Type>UNITCLASS_MERCHANT</Type>
			<Description>TXT_KEY_UNIT_GREAT_MERCHANT</Description>
			<iMaxGlobalInstances>-1</iMaxGlobalInstances>
			<iMaxTeamInstances>-1</iMaxTeamInstances>
			<iMaxPlayerInstances>-1</iMaxPlayerInstances>
			<iInstanceCostModifier>0</iInstanceCostModifier>
			<DefaultUnit>UNIT_MERCHANT</DefaultUnit>
		</UnitClassInfo>
		<UnitClassInfo>
			<Type>UNITCLASS_ENGINEER</Type>
			<Description>TXT_KEY_UNIT_GREAT_ENGINEER</Description>
			<iMaxGlobalInstances>-1</iMaxGlobalInstances>
			<iMaxTeamInstances>-1</iMaxTeamInstances>
			<iMaxPlayerInstances>-1</iMaxPlayerInstances>
			<iInstanceCostModifier>0</iInstanceCostModifier>
			<DefaultUnit>UNIT_ENGINEER</DefaultUnit>
		</UnitClassInfo>
		<UnitClassInfo>
			<Type>UNITCLASS_GREAT_GENERAL</Type>
			<Description>TXT_KEY_UNIT_GREAT_GENERAL</Description>
			<iMaxGlobalInstances>-1</iMaxGlobalInstances>
			<iMaxTeamInstances>-1</iMaxTeamInstances>
			<iMaxPlayerInstances>-1</iMaxPlayerInstances>
			<iInstanceCostModifier>0</iInstanceCostModifier>
			<DefaultUnit>UNIT_GREAT_GENERAL</DefaultUnit>
		</UnitClassInfo>
		<UnitClassInfo>
			<Type>UNITCLASS_GREAT_SPY</Type>
			<Description>TXT_KEY_SPECIALIST_GREAT_SPY</Description>
			<iMaxGlobalInstances>-1</iMaxGlobalInstances>
			<iMaxTeamInstances>-1</iMaxTeamInstances>
			<iMaxPlayerInstances>-1</iMaxPlayerInstances>
			<iInstanceCostModifier>0</iInstanceCostModifier>
			<DefaultUnit>UNIT_GREAT_SPY</DefaultUnit>
		</UnitClassInfo>
	</UnitClassInfos>
</Civ4UnitClassInfos>
