<?xml version="1.0"?>
<!-- edited with XMLSPY v2004 rel. 2 U (http://www.xmlspy.com) by Tim McCracken (Firaxis Games) -->
<!-- Sid Meier's Civilization 4 -->
<!-- Copyright Firaxis Games 2005 -->
<!-- -->
<!-- Global Defines -->
<Civ4Defines xmlns="x-schema:CIV4GlobalDefinesSchema.xml">

	<Define>
		<DefineName>INITIAL_GOLD_PER_UNIT</DefineName>
		<iDefineIntVal>100</iDefineIntVal> <!-- this is now percent cost, so I've changed it from 1 to 100 -->
	</Define>
	<Define>
		<DefineName>BASE_REVOLT_OCCUPATION_TURNS</DefineName>
		<iDefineIntVal>2</iDefineIntVal> <!-- same as original value -->
	</Define>
	<Define>
		<DefineName>REVOLT_TEST_PROB</DefineName>
		<iDefineIntVal>15</iDefineIntVal>
	</Define> <!-- increased from 10 -->
	<Define>
		<DefineName>NUM_WARNING_REVOLTS</DefineName>
		<iDefineIntVal>2</iDefineIntVal>
	</Define> <!-- increased from 1 -->
	<Define>
		<DefineName>EVENT_MESSAGE_STAGGER_TIME</DefineName>
		<iDefineIntVal>2</iDefineIntVal> <!-- decreased from 3 -->
	</Define>
	<Define>
		<DefineName>BARBARIAN_FREE_TECH_PERCENT</DefineName>
		<iDefineIntVal>4</iDefineIntVal> <!-- increased from 3, to compensate for other changes -->
	</Define>
	<Define>
		<DefineName>FROZEN_TERRAIN</DefineName>
		<DefineTextVal>TERRAIN_SNOW</DefineTextVal>
	</Define>
	<Define>
		<DefineName>COLD_TERRAIN</DefineName>
		<DefineTextVal>TERRAIN_TUNDRA</DefineTextVal>
	</Define>
	<Define>
		<DefineName>TEMPERATE_TERRAIN</DefineName>
		<DefineTextVal>TERRAIN_GRASS</DefineTextVal>
	</Define>
	<Define>
		<DefineName>DRY_TERRAIN</DefineName>
		<DefineTextVal>TERRAIN_PLAINS</DefineTextVal>
	</Define>
	<Define>
		<DefineName>BARREN_TERRAIN</DefineName>
		<DefineTextVal>TERRAIN_DESERT</DefineTextVal>
	</Define>
	<Define>
		<DefineName>COLD_FEATURE</DefineName>
		<DefineTextVal>FEATURE_ICE</DefineTextVal>
	</Define>
	<Define>
		<DefineName>TEMPERATE_FEATURE</DefineName>
		<DefineTextVal>FEATURE_FOREST</DefineTextVal>
	</Define>
	<Define>
		<DefineName>WARM_FEATURE</DefineName>
		<DefineTextVal>FEATURE_JUNGLE</DefineTextVal>
	</Define>
	<!-- The power health entries have not been changed
	<Define>
		<DefineName>POWER_HEALTH_CHANGE</DefineName>
		<iDefineIntVal>-2</iDefineIntVal>
	</Define>
	<Define>
		<DefineName>DIRTY_POWER_HEALTH_CHANGE</DefineName>
		<iDefineIntVal>-2</iDefineIntVal>
	</Define>-->
	<!-- warming prob is out of 1000, not pecent. -->
	<Define>
		<DefineName>GLOBAL_WARMING_PROB</DefineName>
		<iDefineIntVal>20</iDefineIntVal>
	</Define>
	<!-- global warming threshold is # land plots * resistance. -->
	<Define>
		<DefineName>GLOBAL_WARMING_RESISTANCE</DefineName>
		<iDefineIntVal>9</iDefineIntVal>
	</Define>
	<Define>
		<DefineName>GLOBAL_WARMING_INDEX_PER_CHANCE</DefineName>
		<iDefineIntVal>500</iDefineIntVal>
	</Define>
	<!-- global warming index above the threshold is decreased by a percentage given by the restoration rate -->
	<Define>
		<DefineName>GLOBAL_WARMING_RESTORATION_RATE</DefineName>
		<iDefineIntVal>1</iDefineIntVal>
	</Define>
	<Define>
		<DefineName>GLOBAL_WARMING_BASE_ANGER_PERCENT</DefineName>
		<iDefineIntVal>30</iDefineIntVal>
	</Define>
	<!-- unused
	<Define>
		<DefineName>GLOBAL_WARMING_FOREST</DefineName>
		<iDefineIntVal>25</iDefineIntVal>
	</Define> -->
	<Define>
		<DefineName>GLOBAL_WARMING_BUILDING_WEIGHT</DefineName>
		<iDefineIntVal>20</iDefineIntVal>
	</Define>
	<Define>
		<DefineName>GLOBAL_WARMING_BONUS_WEIGHT</DefineName>
		<iDefineIntVal>20</iDefineIntVal>
	</Define>
	<Define>
		<DefineName>GLOBAL_WARMING_POWER_WEIGHT</DefineName>
		<iDefineIntVal>20</iDefineIntVal>
	</Define>
	<Define>
		<DefineName>GLOBAL_WARMING_POPULATION_WEIGHT</DefineName>
		<iDefineIntVal>10</iDefineIntVal>
	</Define>
	<!--<Define>
		<DefineName>GLOBAL_WARMING_NUKE_WEIGHT</DefineName>
		<iDefineIntVal>50</iDefineIntVal>
	</Define>
	<Define>
		<DefineName>BONUS_OBSOLETE_VALUE_MODIFIER</DefineName>
		<iDefineIntVal>150</iDefineIntVal>
	</Define>-->
	<Define>
		<DefineName>RELIGION_SPREAD_DIVISOR_BASE</DefineName>
		<iDefineIntVal>5</iDefineIntVal>
	</Define>
	<Define>
		<DefineName>RELIGION_SPREAD_DISTANCE_FACTOR</DefineName>
		<iDefineIntVal>9</iDefineIntVal>
	</Define>
	<Define>
		<DefineName>RELIGION_INFLUENCE_POPULATION_WEIGHT</DefineName>
		<iDefineIntVal>2</iDefineIntVal>
	</Define>
	<Define>
		<DefineName>RELIGION_INFLUENCE_BUILDING_WEIGHT</DefineName>
		<iDefineIntVal>20</iDefineIntVal>
	</Define>
	<Define>
		<DefineName>RELIGION_INFLUENCE_DISTANCE_WEIGHT</DefineName>
		<iDefineIntVal>50</iDefineIntVal>
	</Define>
	<Define>
		<DefineName>RELIGION_INFLUENCE_TIME_WEIGHT</DefineName>
		<iDefineIntVal>60</iDefineIntVal>
	</Define>
	<Define>
		<DefineName>RELIGION_INFLUENCE_TIME_SCALE</DefineName>
		<iDefineIntVal>50</iDefineIntVal>
 	</Define>
	<Define>
		<DefineName>RELIGION_INFLUENCE_SHRINE_WEIGHT</DefineName>
		<iDefineIntVal>20</iDefineIntVal>
	</Define>
	<Define>
		<DefineName>RELIGION_INFLUENCE_STATE_RELIGION_WEIGHT</DefineName>
		<iDefineIntVal>20</iDefineIntVal>
	</Define>
	<Define>
		<DefineName>RELIGION_INFLUENCE_RANDOM_WEIGHT</DefineName>
		<iDefineIntVal>80</iDefineIntVal>
	</Define>
	<Define>
		<DefineName>WARLORD_EXTRA_EXPERIENCE_PER_UNIT_PERCENT</DefineName>
		<iDefineIntVal>10</iDefineIntVal> <!-- increased from 0 -->
	</Define>
	<Define>
		<DefineName>WARLORD_MAXIMUM_EXTRA_EXPERIENCE_PERCENT</DefineName>
		<iDefineIntVal>100</iDefineIntVal> <!-- introduced by K-Mod -->
	</Define>
	<Define>
		<DefineName>STANDARD_BATTLE_ANIMATION_ROUNDS</DefineName>
		<iDefineIntVal>6</iDefineIntVal> <!-- introduced by K-Mod -->
	</Define>
	<!-- advc.002m: Added to STANDARD_BATTLE_ANIMATION_ROUNDS. Recommended:
		 -1, i.e. subtract 1 per era. Set to 0 for K-Mod behavior. -->
	<Define>
		<DefineName>PER_ERA_BATTLE_ANIMATION_ROUNDS</DefineName>
		<iDefineIntVal>-1</iDefineIntVal>
	</Define>
	<!-- If set to a value greater than 0, starting from TRUNCATE_ANIMATIONS_ERA,
		 combat animations end after TRUNCATE_ANIMATION_TURNS animation turns
		 even if there are still units shown as alive on both sides.
		 1 (recommded) applies this behavior only on the defense,
		 2 only on the offense and 3 always.
		 Use 0 for BtS/ K-Mod behavior (animations never truncated). -->
	<Define>
		<DefineName>TRUNCATE_ANIMATIONS</DefineName>
		<iDefineIntVal>1</iDefineIntVal>
	</Define>
	<!-- Recommended: 3 (Renaissance) -->
	<Define>
		<DefineName>TRUNCATE_ANIMATIONS_ERA</DefineName>
		<iDefineIntVal>3</iDefineIntVal>
	</Define>
	<!-- Recommended: 14 -->
	<Define>
		<DefineName>TRUNCATE_ANIMATION_TURNS</DefineName>
		<iDefineIntVal>14</iDefineIntVal>
	</Define>
	
	<!-- advc.009: 302 in BtS, 303 in K-Mod. Picking 14223 as a unique id
		 (that's A-D-V-C in numbers). Note that this number is only relevant
		 for savegame version changes within the life cycle of a mod (none so
		 far for AdvCiv). Setting this to e.g. 303 will not allow K-Mod saves
		 to be loaded as the mod name is stored in the savegame and the EXE
		 will reject the savegame if that name doesn't match the (folder) name
		 of the currently loaded mod. -->
	<Define>
		<DefineName>SAVE_VERSION</DefineName>
		<iDefineIntVal>14223</iDefineIntVal>
	</Define>
	
</Civ4Defines>
