<?xml version="1.0"?>

<!-- Joined with GlobalDefinesAlt.xml (K-Mod settings) and the various
	 ..._GlobalDefines files upon loading Advanced Civ. Takes precedence over
	 BtS GlobalDefines.xml. -->

<Civ4Defines xmlns="x-schema:CIV4GlobalDefinesSchema.xml">
	
	<!-- [advc.104, advc.019]
		A value of 1 or greater enables K-Mod's AI for decisions on war
		and peace (instead of UWAI), and disables the "Aggressive AI" option.
		The K-Mod AI can also be enabled from the Custom Game screen (option
		"Aggressive AI (K-Mod)"), however, this also enables "Aggressive AI".
		If USE_KMOD_WPAI_NONAGGRESSIVE is set to 1 or greater, it won't matter
		whether "Aggressive AI (K-Mod)" is selected in the Custom Game screen.
		Also affects loaded savegames, and will permanently disable UWAI
		in subsequent savegames.
		Recommended: 0 -->
	<Define>
		<DefineName>USE_KMOD_AI_NONAGGRESSIVE</DefineName>
		<iDefineIntVal>0</iDefineIntVal>
	</Define>

	<!-- [advc.104]
		 When computing per-civ power values (which play an important role
		 in decisions on war and peace), the power value of each individual
		 unit is raised to the power of (i.e. exponentiated by)
		 POWER_CORRECTION. For example, if POWER_CORRECTION is 2, per-unit
		 power values are squared. POWER_CORRECTION = 1 is the BtS behavior;
		 power values then typically equal unit strength, e.g. two Warriors are
		 as good as one Spearman. When squaring, one Spearman is as good as
		 four Warriors. (That seems too much.)
         Recommended: 1.7; one Spearman then corresponds to 3.25 Warriors, and
		 one Grenadier (base power 12) to 6.5 Axemen (base power 6) . -->
    <Define>
        <DefineName>POWER_CORRECTION</DefineName>
        <fDefineFloatVal>1.7</fDefineFloatVal>
    </Define>

    <!-- [advc.100]
		 Only relevant if UWAI disabled (or only in the background).
		 When an AI civ is willing to declare war in exchange for gold or tech,
		 the price depends (among many other factors) on the power ratio between
		 aggressor and defender. This parameter is a percentage by which the
		 power ratio is multiplied in CvTeamAI::AI_declareWarTradeVal.
		 Recommended: 300% to make the AI more reluctant to DoW a more powerful
		 civ; 100 for original behavior. -->
    <Define>
        <DefineName>WAR_TRADEVAL_POWER_WEIGHT</DefineName>
        <iDefineIntVal>300</iDefineIntVal>
    </Define>

	<!-- These three are from the original GlobalDefines.

		 [advc.101]  Value increased to 200 (recommended) in an effort to
		 restore the original BtS revolt probabilities without undoing K-Mod's
		 overhaul of the culture system. This essentially doubles the strength
		 of foreign culture. Original value: 100 -->
	<Define>
		<DefineName>REVOLT_TOTAL_CULTURE_MODIFIER</DefineName>
		<iDefineIntVal>200</iDefineIntVal>
	</Define>
	<!-- [advc.099c] Was 100, meaning that foreign culture strength is doubled
		 if the foreign state religion is in the city. Now also applies when the
		 owner of the foreign culture is eliminated and there is a "suppressed"
		 religion in the city, i.e. a religion that differs from the city owner's
		 state religion (no suppression if no state religion).
		 Recommended: 50 because doubling is a bit much. -->
	<Define>
		<DefineName>REVOLT_OFFENSE_STATE_RELIGION_MODIFIER</DefineName>
		<iDefineIntVal>50</iDefineIntVal>
	</Define>
	<!-- Applies when the city owner's state religion is present in the city,
		 and applies half if the owner has no state religion. Was combined
		 multiplicatively with the OFFENSE_MODIFIER above in such a way
		 that the modifiers canceled out when both applied. Now combined
		 additively, meaning that they still cancel out because I've reduced the
		 OFFENSE_MODIFIER. The DEFENSE_MODIFIER remains -50. -->
	<Define>
		<DefineName>REVOLT_DEFENSE_STATE_RELIGION_MODIFIER</DefineName>
		<iDefineIntVal>-50</iDefineIntVal>
	</Define>

	<!-- [advc.102]
		 If set to 0, the moves of friendly Workers are not shown to the 
		 player, even if the "show friendly moves" option is enabled.
		 Exception: Workers outside of their owners' cultural borders are still
		 shown moving. Recommended: 0; 1 for BtS behavior. -->
	<Define>
		<DefineName>SHOW_FRIENDLY_WORKER_MOVES</DefineName>
		<iDefineIntVal>0</iDefineIntVal>
	</Define>

	<!-- [advc.102]
		 If set to 0, moves of sea units are treated as described in the manual.
		 Otherwise, all sea moves are shown (as in BtS). -->
	<Define>
		<DefineName>SHOW_FRIENDLY_SEA_MOVES</DefineName>
		<iDefineIntVal>0</iDefineIntVal>
	</Define>

	<!-- [advc.102]
		 If set to 0, the moves of friendly Missionaries and Executives
		 are not shown to the player, even if the "show friendly moves" option
		 is enabled. Exception: You still see foreign Missionaries and Executives
		 move within your borders. Recommended: 0; 1 for original behavior. -->
	<Define>
		<DefineName>SHOW_FRIENDLY_MISSIONARY_MOVES</DefineName>
		<iDefineIntVal>0</iDefineIntVal>
	</Define>

	<!-- [advc.102]
		 If set to 1 (or greater), the hotkey Shift + M (configured in
		 BUG Core.xml) toggles the "show friendly moves" option.
		 Recommended: 0; frequent toggling shouldn't be necessary anymore. -->
	<Define>
		<DefineName>ENABLE_HOTKEY_SHOW_FRIENDLY_MOVES</DefineName>
		<iDefineIntVal>0</iDefineIntVal>
	</Define>
	
	<!-- [advc.038]
		 The "Top Civs" pop-up ("... has completed his greatest work: The
		 [e.g.] wealthiest civilizations") appears every TOP_CIVS_INTERVAL
		 turns, though not before turn 75 (hardcoded). The interval gets
		 adjusted to the game speed setting. Set to e.g. 10000 to disable
		 the popup. Recommended: 40. BtS: 50. -->
	<Define>
		<DefineName>TOP_CIVS_INTERVAL</DefineName>
		<iDefineIntVal>40</iDefineIntVal>
	</Define>

    <!-- [advc.107]
		 Starting from this game era, the AI keeps an extra defender in all of 
		 its cities. The era codes are:
         -1: no era (no extra defender, bare minimum remains 1 for the entire
		  game)
          0: ancient era (an extra defender from the start; this would hamper
		  AI scouting)
          1: classical era (this is the BtS behavior)
          2: medieval era
          3: renaissance era (recommended)
          4: industrial era; 5: modern era -->
	<Define>
        <DefineName>EXTRA-DEFENDER_ERA</DefineName>
        <iDefineIntVal>3</iDefineIntVal>
    </Define>

	<!-- [advc.108]
		 If set to 1 or greater, starting plots are improved ("normalized") as
		 aggressively as in BtS. 0 or less (recommended) means that normalization
		 is toned down (toned down only a little bit in multiplayer). -->
	<Define>
        <DefineName>NORMALIZE_STARTPLOTS_AGGRESSIVELY</DefineName>
        <iDefineIntVal>0</iDefineIntVal>
    </Define>

	<!-- [advc.108]
	     The game ensures that no starting position is far better than another
		 starting position by raising the (city-)found value of each
		 starting position to at least STARTVAL_LOWER_BOUND-PERCENT of the best
		 found value. Recommended: 70%.
		 K-Mod uses 80%, and this value is also used if
		 NORMALIZE_STARTPLOTS_AGGRESSIVELY is set. (I.e. this setting only
		 matters if NORMALIZE_STARTPLOTS_AGGRESSIVELY isn't set.) -->
	<Define>
        <DefineName>STARTVAL_LOWER_BOUND-PERCENT</DefineName>
        <iDefineIntVal>70</iDefineIntVal>
    </Define>

	 <!-- [advc.108]
		 If NORMALIZE_STARTPLOTS_AGGRESSIVELY (NSA) is set, this
		 parameter has no effect. NSA removes jungle and shelf ice ("bad
		 features") entirely in the city radius around each starting plot,
		 and with 50% probability 1 plot beyond the city range. (See
		 CvGame.cpp, normalizeRemoveBadFeatures; it's a bit more 
		 complicated than this.)
         Without NSA, plots in the inner city radius are still cleared
		 entirely, whereas plots in the outer radius are only cleared if
         there are more bad plots than the threshold. If there are too
		 many bad plots, then each of them is cleared with a probability 
		 chosen so that the expected number of bad plots remaining equals 
		 the threshold. (Example: 9 jungle plots among the 12 plots in 
		 the city range; threshold is 3. The 9 jungles will be cleared
		 independently with probability 1 minus 3/9, i.e. 67%.)
         Recommended: 3.
		 0 removes all bad features within the city radius.
		 This parameter does not affect surrounding plots (adjacent to the
		 city radius). These plots are cleared with 1 chance in 3 (unless
		 NSA is set). -->
    <Define>
        <DefineName>THRESH-BAD-FEAT-PER-CITY</DefineName>
        <iDefineIntVal>3</iDefineIntVal>
    </Define>

	<!-- [advc.108]
		 Terrain with a base yield of exactly 1 food and 0 production
         (i.e. Tundra) is removed from the city radius around
		 starting plots with this probability.
		 Terrain with 0 food (Snow, non-river Desert) gets two removal
         chances, e.g. 94% when REMOVAL_CHANCE_BAD_TERRAIN is 75
		 (recommended). Use 100 for BtS/ K-Mod behavior.
		 No effect if NORMALIZE_STARTPLOTS_AGGRESSIVELY is set. -->
    <Define>
        <DefineName>REMOVAL_CHANCE_BAD_TERRAIN</DefineName>
        <iDefineIntVal>75</iDefineIntVal>
    </Define>

	<!-- [advc.108]
		 See REMOVAL_CHANCE_BAD_TERRAIN; same deal for Peaks.
		 Recommended: 75; use 100 for BtS/ K-Mod behavior. -->
    <Define>
        <DefineName>REMOVAL_CHANCE_PEAK</DefineName>
        <iDefineIntVal>75</iDefineIntVal>
    </Define>

	<!-- [advc.108]
		 Plots within a distance of 2 (recommended) from the plot
		 of the initial Settler are revealed. (Unless playing with
		 Advanced Start, in which case ADVANCED_START_SIGHT_RANGE in
		 BtS GlobalDefines applies instead; that's 4.) For the distance
		 metric see plotDistance in CvGameCoreUtils.cpp; 2 corresponds to the
		 city cross. Set to 0 for BtS behavior - then, only the tiles
		 visible by the initial units are revealed. -->
	<Define>
		<DefineName>START_SIGHT_RANGE</DefineName>
		<iDefineIntVal>2</iDefineIntVal>
	</Define>
	
	<!-- [advc.143]
		 Companion to VASSAL_REVOLT_OWN_LOSSES_FACTOR. Voluntary vassals
		 cancel the agreement once they lose so much territory that less than
		 VASSAL_DENY_OWN_LOSSES_FACTOR percent remains. It's not necessarily
		 canceled immediately, but probabilistically within some 10 turns.
		 NB: Usually, due to tile culture values, significant territory is only
		 lost once several cities are lost.
         Recommended: 65; use 0 or less for BtS behavior.
		 -->
    <Define>
        <DefineName>VASSAL_DENY_OWN_LOSSES_FACTOR</DefineName>
        <iDefineIntVal>65</iDefineIntVal>
    </Define>

	<!-- [advc.113]
		 The upper bound for the number of Workers that the AI builds is
		 increased by this percentage. It's there to account for various
		 Worker tasks that the AI calculations omit.
         Recommended: 13; a small negative value like -10 might be closest to
		 BtS behavior. -->
    <Define>
        <DefineName>WORKER-RESERVE_PERCENT</DefineName>
        <iDefineIntVal>13</iDefineIntVal>
    </Define>

	<!-- [advc.125]
		 A value of 1 or greater enables the culture-from-trade system that
		 K-Mod has introduced; 0 disables it.
		 -1 or less doesn't disable it altogether: Culture from trade is
		 ignored when the respective trade partner has 0 culture in the
		 city, i.e. only civs who's culture is already present (due to
		 vicinity) can benefit from trade-based culture, and only these
		 civs take up room in the plot text.
         Recommended: 0 (see change 125 in manual) -->
    <Define>
        <DefineName>USE_KMOD_TRADE_CULTURE</DefineName>
        <iDefineIntVal>0</iDefineIntVal>
    </Define>

	<!-- [advc.129]
		 If set to 1 or greater, fewer bonus resources may be placed
		 during map generation: The frequency of resources that
		 would normally occur very frequently is reduced a bit, e.g. seafood
		 on an Archipelago map.
		 0 or less means unmodded resource placement.
		 Recommended: 1 -->
    <Define>
        <DefineName>SUBLINEAR_BONUS_QUANTITIES</DefineName>
        <iDefineIntVal>1</iDefineIntVal>
    </Define>
	
	<!-- [advc.002a]
		 Determines the color of cultural borders of water tiles on the
		 minimap.
		 5 means that the tile is colored at 50% opactiy.
		 6 (recommended) is like 5 but doesn't show units on the minimap.
		 4 is the BtS behavior: full color.
		 3 leaves the tiles uncolored (as in Civ 3). -->
    <Define>
        <DefineName>MINIMAP_WATER_MODE</DefineName>
        <iDefineIntVal>6</iDefineIntVal>
    </Define>

	<!-- [advc.004f]
		 City celebrations ("we-love-the-king day") trigger only in cities
		 with at least this much population. The chance is population / 1000
		 (also configurable through XML). A value above 50 effectively disables
		 celebrations.
		 Recommended: a high value in order to disable celebrations;
		 original value from GlobalDefines.xml: 8 -->
	<Define>
		<DefineName>WE_LOVE_THE_KING_POPULATION_MIN_POPULATION</DefineName>
		<iDefineIntVal>100</iDefineIntVal>
	</Define>
	
	<!-- [advc.004m]
	     No clue how this is measured. Original value is 2200
		 (GlobalDefines.xml), recommended: 4600. -->
	<Define>
		<DefineName>CAMERA_START_DISTANCE</DefineName>
		<fDefineFloatVal>4600</fDefineFloatVal>
	</Define>
	
	<!-- [advc.500b]
		 If this is set to a value greater than 0, unhappiness for lack of
		 military protection is computed based on defensive strength (see
		 manual). Otherwise, the BtS computation is used, i.e. any combat unit
		 suffices as protection. (0 for now, until some accompanying changes to
		 unhappiness are implemented.) -->
	<Define>
		<DefineName>DEMAND_BETTER_PROTECTION</DefineName>
		<iDefineIntVal>0</iDefineIntVal>
	</Define>
	
	<!-- [advc.106]
		 If set to 1, era transitions are recorded in replays.
		 Set to 0 for BtS behavior (no era transitions in replays).
		 Recommended: 0, rather use SHOW_FIRST_TO_DISCOVER_IN_REPLAY. -->
	<Define>
		<DefineName>SHOW_ENTERED_ERA_IN_REPLAY</DefineName>
		<iDefineIntVal>0</iDefineIntVal>
	</Define>
	<!-- [advc.106]
		 If set to 1 (recommended), the first discovery of each tech is recorded
		 in replays. If set to 0, only Liberalism is recorded (BtS behavior). -->
	<Define>
		<DefineName>SHOW_FIRST_TO_DISCOVER_IN_REPLAY</DefineName>
		<iDefineIntVal>1</iDefineIntVal>
	</Define>

	<!-- [advc.106b]
		 0 (recommended) disables the message limit (option "Show Event Log" on
		 the BUG menu) when playing without "Minimize Pop-Ups" (MPU). This
		 setting has no effect if MPU is enabled.
		 To use the message limit when playing without MPU, set this to 1
		 and make sure that "Show Event Log" is checked on the BUG menu. -->
	<Define>
		<DefineName>MESSAGE_LIMIT_WITHOUT_MPU</DefineName>
		<iDefineIntVal>0</iDefineIntVal>
	</Define>
	
	<!-- advc.106e: 4 (recommended) means that religion spread in foreign
		 cities is no longer announced once the player enters the Industrial era
		 (unless the player owns the respective holy city). Set to -1 to
		 disable those announcements in all eras or to 7 or greater to enable
		 them in all eras. -->
	<Define>
		<DefineName>STOP_RELIGION_SPREAD_ANNOUNCE_ERA</DefineName>
		<iDefineIntVal>4</iDefineIntVal>
	</Define>

	<!-- advc.106e: 0 (recommended) means that there is no announcement when a
		 religion spreads in a foreign city whose owner already has that
		 religion as his or her state religion. Set to 1 to receive such
		 announcements. -->
	<Define>
		<DefineName>ANNOUNCE_STATE_RELIGION_SPREAD</DefineName>
		<iDefineIntVal>0</iDefineIntVal>
	</Define>
	
	<!-- advc.106h: 1 (recommended) means that the game settings are recorded
		 in replay files (as the first replay message). 0 (BtS) behavior means
		 that the game settings are partly stored in the replay file, but not
		 in a human-readable form. -->
	<Define>
		<DefineName>SETTINGS_IN_REPLAYS</DefineName>
		<iDefineIntVal>1</iDefineIntVal>
	</Define>
	
	<!-- advc.106i: If set to 1, replay files are written in such a way that
		 they appear like unmodded replays to BtS, meaning that AdvCiv replays
		 will show up on the Hall of Fame screen even when no mod is loaded.
		 If any player colors are added to CIV4ColorVals.xml beyond those in
		 BtS, then this option is automatically disabled (as if set to 0)
		 because BtS is unable to show replays that use unfamiliar color
		 values. AdvCiv does not add such colors, but derived mods might.
		 Additional map sizes, victory conditions, handicap or game speed
		 settings will also cause problems. -->
	<Define>
		<DefineName>HOF_STORE_REPLAYS_AS_BTS</DefineName>
		<iDefineIntVal>1</iDefineIntVal>
	</Define>
	<!-- advc.106i: If set to 1, replays from unmodded BtS can be viewed
		 through AdvCiv's Hall of Fame screen. If set to 0, unmodded replays
		 are filtered out. -->
	<Define>
		<DefineName>HOF_DISPLAY_BTS_REPLAYS</DefineName>
		<iDefineIntVal>0</iDefineIntVal>
	</Define>
	<!-- advc.106i: If set to 1, replays from other mods appear on AdvCiv's
		 Hall of Fame screen if they use the regular format for replays (I
		 think almost all mods do), though error handling code may discard
		 replays with highly unusual data (not sure if e.g. Caveman2Cosmos
		 replays would pass). If color ids appear in the replay that exceed
		 the number of colors in AdvCiv, those colors are replaced (by
		 applying the modulo operator to the color id).
		 If set to 0, replays from other mods are filtered out. -->
	<Define>
		<DefineName>HOF_DISPLAY_OTHER_MOD_REPLAYS</DefineName>
		<iDefineIntVal>0</iDefineIntVal>
	</Define>
	
	<!-- advc.106l: "Saving" messages are displayed for this many seconds
		 except for networked multiplayer saves.
		 0 means that no saving messages are displayed. Use 10 for BtS behavior
		 (same as EVENT_MESSAGE_TIME).
		 The first parameter is for autosaves, the second for quicksaves, the
		 third for regular saves. -->
	<!-- Recommended: 0 -->
	<Define>
		<DefineName>AUTO_SAVING_MESSAGE_TIME</DefineName>
		<iDefineIntVal>0</iDefineIntVal>
	</Define>
	<!-- Recommended: 4 -->
	<Define>
		<DefineName>QUICK_SAVING_MESSAGE_TIME</DefineName>
		<iDefineIntVal>4</iDefineIntVal>
	</Define>
	<!-- Recommended: 4 -->
	<Define>
		<DefineName>SAVING_MESSAGE_TIME</DefineName>
		<iDefineIntVal>4</iDefineIntVal>
	</Define>
	
	<!-- [advc.099]
		 The default value for culture-based anger assumes Open Borders in
		 AdvCiv. With closed borders, the anger is CLOSED_BORDERS_CULTURE_
		 ANGER_MODIFIER percent greater. The increased anger also applies when
		 the foreign civ has capitulated to the city owner or has been 
		 eliminated (by anyone). Recommended: 50 -->
	<Define>
		<DefineName>CLOSED_BORDERS_CULTURE_ANGER_MODIFIER</DefineName>
		<iDefineIntVal>50</iDefineIntVal>
	</Define>
	
	<!-- [advc.099]
	     Copied from GlobalDefines.xml only for reference; the value
		 there is 50, and no change is recommended.
		 Anger from foreign culture is greater while at war. 
		 Now (additively) cumulative with
		 CLOSED_BORDERS_CULTURE_ANGER_MODIFIER (see above).
		 Civs eliminated by the city owner don't count as being
		 at war in this context. (Otherwise, there would be an
	     awkward incentive to stop short of elimination when
		 capitulation isn't possible.) -->
	<Define>
		<DefineName>AT_WAR_CULTURE_ANGER_MODIFIER</DefineName>
		<iDefineIntVal>50</iDefineIntVal>
	</Define>

	<!-- advc.099: Actually a permillage, not a percentage.
		 The original value of 400 means that 40% of a city's foreign
		 population are angry (more without Open Borders, see above).
		 I've slightly increased the value (to 415) to even out rounding errors.
		 I've tried 50% (520), which is a nice even value and results in 100%
		 culture anger at wartime, but that seemed a bit too punishing. -->
	<Define>
		<DefineName>CULTURE_PERCENT_ANGER</DefineName>
		<iDefineIntVal>415</iDefineIntVal>
	</Define>

	<!-- [advc.099]
	     If set to 0 or less (BtS behavior), foreign culture can only
		 cause a city to revolt if the owner of the foreign culture has a
		 city nearby. If set to 1 (recommended), revolts can occur in any
		 cities with high foreign culture, even if the owner of that culture
		 is no longer alive.
		 Either way, the revolt can only flip the city if the foreign
		 culture is alive and nearby. -->
	<Define>
		<DefineName>REVOLTS_IGNORE_CULTURE_RANGE</DefineName>
		<iDefineIntVal>1</iDefineIntVal>
	</Define>
	
	<!-- [advc.099]
	     If set to 1 (recommended), Barbarian culture can cause cities to
		 revolt. 0 or less: Barbarian culture cannot cause revolts.
		 In any case, Barbarian revolts can never flip a city.
		 Not an issue in BtS because it's practically impossible for a Barbarian
		 city to extend its culture range to more than two tiles. -->
	<Define>
		<DefineName>BARBS_REVOLT</DefineName>
		<iDefineIntVal>1</iDefineIntVal>
	</Define>

	<!-- [advc.099b]
	     Each round, the tile culture value of each player (civ and barbarian)
		 is decreased by this permillage. 0 to disable decay.
		 (Will also have to set CITY_RADIUS_DECAY=0 to disable decay in
		 foreign city radii.)
		 Recommended: 10 (1% decay). -->
	<Define>
		<DefineName>TILE_CULTURE_DECAY_PER_MILL</DefineName>
		<iDefineIntVal>10</iDefineIntVal>
	</Define>
	<!-- Per-mill decay rate of foreign culture on tiles within a city radius.
		 The value gets doubled for tiles in the inner radius. Set to 0 to have
		 foreign culture decay normally. Recommended: 20 -->
	<Define>
		<DefineName>CITY_RADIUS_DECAY</DefineName>
		<iDefineIntVal>20</iDefineIntVal>
	</Define>
	
	<!-- advc.300: The percentage of owned tiles per landmass at which
		 Barbarian activity reaches its peak. AdvCiv computes the target
		 number B of Barbarian units on a landmass (or shelf) as
		 B = ownedTiles / (peak * tilesPerUnit)
		 if ownedTiles / totalTiles < peak, and otherwise
		 B = unownedTiles / ((1 - peak) * tilesPerUnit), where
		 * totalTiles is the number of tiles on the continent that have a
		   positive food yield plus half the number of coastal water tiles
		   on the shelf surrounding the continent;
		 * ownedTiles is the number of tiles as above that are also
		   within any cultural borders (could be Barbarian borders too);
		 * unownedTiles = totalTiles - ownedTiles;
		 * tilesPerUnit = "iUnownedTilesPerBarbarianUnit" in
		   Civ4HandicapInfo.xml; and
		 * peak = BARB_PEAK_PERCENT / 100.
		 The idea is to make B maximal when the ratio of owned tiles equals
		 the peak percentage. Setting BARB_PEAK_PERCENT to 0 results in BtS
		 behavior, with B maximal when Barbarians first appear and then
		 decreasing as the civs expand.
		 Recommended: 67 -->
    <Define>
        <DefineName>BARB_PEAK_PERCENT</DefineName>
        <iDefineIntVal>67</iDefineIntVal>
    </Define>

	<!-- [advc.300]
	     Modifies the upper limit for the number of Barbarian units created
		 per continent or shelf (not: cities, animals), called "B" in the
		 comment above. BARB_ACTIVITY_ADJUSTMENT is intended for adjusting
		 the overall Barbarian activity (rather than changing the
		 per-difficulty values in Civ4HandicapInfox.xml).
		 A positive value, say, 25, increases B by 25%, whereas -25 would
		 decrease B by 25%.
		 Recommended: 0. -->
    <Define>
        <DefineName>BARB_ACTIVITY_ADJUSTMENT</DefineName>
        <iDefineIntVal>0</iDefineIntVal>
    </Define>

	<!-- [advc.300]
	     From (Vanilla) GlobalDefines.xml.
		 (There's also MIN_ANIMAL_STARTING_DISTANCE, which remains
		 unchanged at 2.)
		 Set to 2 there, meaning that Barbarians can't appear within 2
		 tiles from a civ unit or borders. The other restriction is
		 that Barbarians can't appear on tiles visible to a civ, but this
		 hardly matters in BtS, because even from a hill, the viewing
		 distance is only 2 (unless Sentry-promoted).
		 Recommended: 1.
		 NB: AdvCiv adds a restriction that prevents barbarians from appearing
		 on tiles with 0 food yield (regardless of this parameter). -->
	<Define>
		<DefineName>MIN_BARBARIAN_STARTING_DISTANCE</DefineName>
		<iDefineIntVal>1</iDefineIntVal>
	</Define>
	
	<!-- [advc.314] Settings for goody hut outcomes. See also Civ4GoodyInfo.xml
		 and Civ4HandicapInfo.xml. Turn numbers are adjusted to the game speed
		 by the DLL. -->
	<!-- Turn after which effects of goody huts begin to increase. Recommended:
		 50; for BtS behavior, use a high value like 5000 (hut effects not based
		 on game turn) and increase GOODY_BUFF_PEAK_TURN accordingly. -->
	<Define>
		<DefineName>GOODY_BUFF_START_TURN</DefineName>
		<iDefineIntVal>50</iDefineIntVal>
	</Define>
	<!-- Turn after which effects of goody huts do not increase further.
		 Recommended: 250. Has to be greater than or equal to
		 GOODY_BUFF_START_TURN. -->
	<Define>
		<DefineName>GOODY_BUFF_PEAK_TURN</DefineName>
		<iDefineIntVal>250</iDefineIntVal>
	</Define>
	<!-- Factor by which the effects of goody huts are increased on
		 GOODY_BUFF_PEAK_TURN. Recommended: 10 -->
	<Define>
		<DefineName>GOODY_BUFF_PEAK_MULTIPLIER</DefineName>
		<iDefineIntVal>10</iDefineIntVal>
	</Define>
	
	<!-- [advc.139]
	     The AI evacuates combat units from a city, when the "attack
		 strength" against the city divided by the local "defense strength"
		 is more than 150 (recommended) percent.
		 If the threshold is met, there is still a unit-specific evacuation
		 test that takes into account defense modifiers and Unit AI type.
		 The BtS routine for protecting noncombatants isn't affected by
		 this. Set to 0 or less for BtS behavior: combat units never
		 evacuate. -->
    <Define>
        <DefineName>AI_EVACUATION_THRESH</DefineName>
        <iDefineIntVal>150</iDefineIntVal>
    </Define>

	<!-- [advc.136b]
	     Originally set to 10 in GlobalDefines.xml. When considering a trade
		 with a human civ and evaluating the trade items that the human side
		 receives, the AI rounds the result to a multiple of
		 DIPLOMACY_VALUE_REMAINDER. The AI also assumes that any item
		 received by the human side is worth at least
		 DIPLOMACY_VALUE_REMAINDER. This behavior gets in the way of my
		 change to map trades offered by the AI. I could work around it,
		 but I think multiples of 5 should work just as well if not better.
		 If reset to 10, the AI will only contact human civs to offer its
		 map if that map is estimated to be worth at least 10 gold to the
		 human. Perhaps that's also fine. -->
	<Define>
		<DefineName>DIPLOMACY_VALUE_REMAINDER</DefineName>
		<iDefineIntVal>5</iDefineIntVal>
	</Define>

	<!-- [advc.250c]
	     Originally in GlobalDefines.xml; set to 25 there. Essentially the
		 number of start points charged per 10 culture. Recommended: 15. -->
	<Define>
		<DefineName>ADVANCED_START_CULTURE_COST</DefineName>
		<iDefineIntVal>15</iDefineIntVal>
	</Define>

	<!-- [advc.250c] The number of start points charged for routes
		 and improvements is multiplied by this percentage.
		 Recommended: 67; 100 for BtS behavior. -->
	<Define>
		<DefineName>ADVANCED_START_WORKER_BUILD_MODIFIER</DefineName>
		<iDefineIntVal>67</iDefineIntVal>
	</Define>

	<!-- advc.250c:
	     Originally in GlobalDefines.xml; set to 2 there, which results in a
		 total cost of 5 initially once ADVANCED_START_VISIBILITY_COST_INCREASE is taken into account.
		 Recommended: 1, which results in an initial cost of 2. -->
	<Define>
		<DefineName>ADVANCED_START_VISIBILITY_COST</DefineName>
		<iDefineIntVal>1</iDefineIntVal>
	</Define>
	<!-- advc.250c:
	     Originally in GlobalDefines.xml; set to 3 there, which means that the
		 cost per revealed tile increases after every 33 tiles (100/3).
		 Recommended: 4, meaning the cost increases after every 25 tiles.
		 Note that the AdvCiv DLL counts automatically revealed tiles only
		 partially. -->
	<Define>
		<DefineName>ADVANCED_START_VISIBILITY_COST_INCREASE</DefineName>
		<iDefineIntVal>4</iDefineIntVal>
	</Define>
	
	<!-- [advc.250c][advc.251]
		 If set to 1 or greater, games on Immortal or Deity difficulty,
		 or with Advanced Start, start on a turn computed from the number of
		 free AI Settlers and Workers or the number of assigned start points.
		 If set to 0 or less, the turn number is only determined by the
		 start era (0 in Ancient era) as in BtS.
		 Recommended: 1 -->
	<Define>
		<DefineName>INCREASE_START_TURN</DefineName>
		<iDefineIntVal>1</iDefineIntVal>
	</Define>

	<!-- [advc.250b] These two parameters only apply if SPaH is enabled,
		 and unequal start points are assigned to the AI civs.
		 It's then recommended to randomize the start point distribution
		 (SPAH_RANDOMIZE > 0). The Settings tab of the Victory screen can
		 show the randomized distribution (SPAH_SHOW_RANDOMIZED > 0;
		 recommended), or show the distribution before randomization, which
		 hides the exact start point values.
		 If there are fewer than 4 AI civs, points aren't randomized
		 regardless of SPAH_RANDOMIZE. -->
	<Define>
		<DefineName>SPAH_RANDOMIZE</DefineName>
		<iDefineIntVal>1</iDefineIntVal>
	</Define>
    <Define>
        <DefineName>SPAH_SHOW_RANDOMIZED</DefineName>
        <iDefineIntVal>1</iDefineIntVal>
    </Define>
	
	<!-- [advc.sha] Set to 1 or greater (recommended) to enable the
		 Hidden Attitude Mod.
		 0 for BtS behavior, i.e. some hidden relations modifiers. -->
	<Define>
		<DefineName>SHOW_HIDDEN_ATTITUDE</DefineName>
		<iDefineIntVal>1</iDefineIntVal>
	</Define>
	
	<!-- [advc.011] The number of turns that need to pass without Worker
		 action in a plot before progress on unfinished Worker builds
		 starts to decay. Recommended: 8, i.e. decay kicks in on the
		 eighth turn without action. Set to 0 or less for BtS behavior (no
		 decay). -->
	<Define>
		<DefineName>DELAY_UNTIL_BUILD_DECAY</DefineName>
		<iDefineIntVal>8</iDefineIntVal>
	</Define>
	
	<!-- [advc.004n] The number of additional unit icons shown on the city
		 screen when clicking the right arrow button next to the unit
		 icons. Originally (GlobalDefines.xml) 10, recommended 100
		 (i.e. normally show all units when pressing the button once). -->
	<Define>
		<DefineName>MAX_PLOT_LIST_SIZE</DefineName>
		<iDefineIntVal>100</iDefineIntVal>
	</Define>
	
	<!-- [advc.130g] Base penalty on AI relations for being at war. BtS
		 hardcodes this to -3 in CvPlayerAI.cpp. I need it in an additional
		 place, so, I'm adding an XML parameter. -->
	<Define>
		<DefineName>AT_WAR_ATTITUDE_CHANGE</DefineName>
		<iDefineIntVal>-3</iDefineIntVal>
	</Define>
	
	<!-- [advc.130l] If set to 1 or greater, change 130l (see manual) is
		 enabled; otherwise (recommended) disabled.-->
	<Define>
		<DefineName>ENABLE_130L</DefineName>
		<iDefineIntVal>0</iDefineIntVal>
	</Define>
	
	<!-- [advc.130s] When set to 1 or higher (recommended), the relations bonus
		 for accepting AI requests for military aid is enabled. The bonus is
		 set to +1 for every leader in the Leaderhead XML. Set to 0 or less 
		 for no diplo bonus (BtS behavior). -->
	<Define>
		<DefineName>ENABLE_JOIN_WAR_DIPLO_BONUS</DefineName>
		<iDefineIntVal>1</iDefineIntVal>
	</Define>
	
	<!-- [advc.130o] MADE_DEMAND_RECENT memory is increased to this number when
		 a human player attacks an AI civ after receiving their tribute.
		 MADE_DEMAND_RECENT memory causes the AI to reject demands and pleas,
		 and takes 10 turns on average to decrease by 1. (But it doesn't decrease
		 while there is a peace treaty.)
		 0 or less means that MADE_DEMAND_RECENT remains unchanged (but won't
		 fully restore the BtS behavior).
		 Recommended: 8 (for an expected 80 turns of rejection) -->
	<Define>
		<DefineName>WAR_DESPITE_TRIBUTE_MEMORY</DefineName>
		<iDefineIntVal>8</iDefineIntVal>
	</Define>
	
	<!-- [advc.023] The per-turn probability of decrementing the occupation
		 timer is computed as 1 minus the revolt probability raised to the
		 power of UNREST_COUNTDOWN_EXPONENT.
		 Recommended: 10, which results in a countdown probability of e.g.
		 0.35 when revolt probability is 0.1.
		 A value of 0 will decrement the timer with certainty.
		 If OCCUPATION_TURNS_POPULATION_PERCENT is set to 50 in addition,
		 occupation works like in BtS (except that revolts can occur
		 during occupation). -->
	<Define>
		<DefineName>OCCUPATION_COUNTDOWN_EXPONENT</DefineName>
		<iDefineIntVal>10</iDefineIntVal>
	</Define>
	
	<!-- [advc.023] Overwrites the value from Vanilla Civ 4. Original value: 50.
		 When computing the length of the occupation period after conquest,
		 the city population is added after multiplying it by this percentage.
		 Recommended: 0, i.e. no impact of population, except that a value of
		 0 also means that population size is used as an upper bound for the
		 occupation timer. -->
	<Define>
		<DefineName>OCCUPATION_TURNS_POPULATION_PERCENT</DefineName>
		<iDefineIntVal>0</iDefineIntVal>
	</Define>
	
	<!-- [advc.025] Culture that spreads from a capitulated vassal to its
		 master is multiplied by this percentage. 100 for BtS behavior
		 (normal spread); recommended: 50. -->
	<Define>
		<DefineName>CAPITULATED_TO_MASTER_CULTURE_PERCENT</DefineName>
		<iDefineIntVal>50</iDefineIntVal>
	</Define>
	
	<!-- [advc.026] When the AI offers a trade to a human player, it's willing
		 to offer AI_OFFER_EXTRA_GOLD_PERCENT% more gold (lump sum or per turn)
		 than it normally would. 0 for BtS behavior; recommended: 25. -->
	<Define>
		<DefineName>AI_OFFER_EXTRA_GOLD_PERCENT</DefineName>
		<iDefineIntVal>25</iDefineIntVal>
	</Define>
	
	<!-- [advc.122] To receive a city through trade, a civ needs to have at
		 least this percentage of tile culture in the city tile.
		 0 for BtS behavior; recommended: 10. -->
	<Define>
		<DefineName>CITY_TRADE_CULTURE_THRESH</DefineName>
		<iDefineIntVal>10</iDefineIntVal>
	</Define>
	
	<!-- [advc.030] Set this to 1 or greater (recommended) to treat plot groups
		 that are separated by mountain peaks or shelf ice as separate map
		 areas. 0 or less for BtS behavior (only land/water partition the map).
		 -->
	<Define>
		<DefineName>PASSABLE_AREAS</DefineName>
		<iDefineIntVal>1</iDefineIntVal>
	</Define>

	<!-- [advc.004t] Copied from BtS GlobalDefines.xml where it's set to 1. -->
	<Define>
		<DefineName>CITY_SCREEN_CLICK_WILL_EXIT</DefineName>
		<iDefineIntVal>0</iDefineIntVal>
	</Define>
	
	<!-- [advc.700] Rise & Fall parameters. The first four are applied at game
		 start; changing them in a running game has no effect.  -->
	<!-- Base value for the number of chapters; recommended: 7. Has to be
		 positive. The game adjusts the value based on game speed and start
		 date. -->
	<Define>
		<DefineName>RF_CHAPTERS_BASE</DefineName>
		<iDefineIntVal>7</iDefineIntVal>
	</Define>
	<!-- Base value for the length of the intermediate periods between
		 chapters. Recommended: 8 turns. Mustn't be negative. Slightly adjusted
		 by the game based on game speed. -->
	<Define>
		<DefineName>RF_INTERLUDE_LENGTH_BASE</DefineName>
		<iDefineIntVal>8</iDefineIntVal>
	</Define>
	<!-- Can use this to give chapters unequal (shifting) length. A negative
		 value prolongs early chapters and shortens later chapters; a positive
		 value does the opposite. The absolute value can be at most 75.
		 Recommended: 0, i.e. uniform chapter lengths. -->
	<Define>
		<DefineName>RF_CHAPTER_LENGTH_SHIFT_PERCENT</DefineName>
		<iDefineIntVal>0</iDefineIntVal>
	</Define>
	<!-- These two settings determine when scoring happens. The first one is
		 for the first chapter and second one for the penultimate chapter. (The
		 final chapter is only scored if the AI wins, and then it's scored
		 immediately.) The other chapters are interpolated.
		 For all chapters (except the final one), scoring has to happen during
		 the subsequent chapter and at least 5 turns away from the start and
		 end of that chapter. 50 and 25 (recommended) means that the first
		 chapter is scored in the middle of the second chapter, and the
		 penultimate chapter one quarter into the final chapter. -->
	<Define>
		<DefineName>RF_SCORING_DELAY_FIRST</DefineName>
		<iDefineIntVal>50</iDefineIntVal>
	</Define>
	<Define>
		<DefineName>RF_SCORING_DELAY_PENULTIMATE</DefineName>
		<iDefineIntVal>25</iDefineIntVal>
	</Define>
	<!-- Set to 1 (recommended, I guess) to enable a popup reminder at the
		 start of the final turn of each chapter. Set to 0 to disable the popup.
		 -->
	<Define>
		<DefineName>RF_ENABLE_FINAL_TURN_POPUP</DefineName>
		<iDefineIntVal>1</iDefineIntVal>
	</Define>

	<!-- [advc.002h] 0 only hides the clouds. Their shadows are hidden through
		 BML.fpk. Original value: 1. -->
	<Define>
		<DefineName>RENDER_GLOBEVIEW_CLOUDS</DefineName>
		<iDefineIntVal>0</iDefineIntVal>
	</Define>
	
	<!-- [advc.550d] This modifier is applied to tech costs when playing
		 with the "No Tech Trading" option. The effect of the modifier is
		 reduced in the early and late game. Recommended: 28. Use 0 for BtS
		 behavior (tech costs unaffected by the "No Tech Trading" option). -->
	<Define>
		<DefineName>TECH_COST_NOTRADE_MODIFIER</DefineName>
		<iDefineIntVal>-28</iDefineIntVal>
	</Define>

	<!-- [advc.034] The number of turns with Open Borders after making peace.
		 The turn on which peace is made counts as the first turn with Open
		 Borders. Can't be more than 10 turns (PEACE_TREATY_LENGTH in the
		 original GlobalDefines.xml). 0 means no Open Borders (BtS behavior).
		 Recommended: 0 or 3 to 5 -->
	<Define>
		<DefineName>DISENGAGE_LENGTH</DefineName>
		<iDefineIntVal>0</iDefineIntVal>
	</Define>

	<!-- [advc.035] If set to 1, tiles that are only within the
		 radius of one city belong to the owner of that city regardless of
		 culture. Recommended: 0 (ownership determined only by
		 culture range and tile culture as in BtS). Rather increase
		 CITY_RADIUS_DECAY. -->
	<Define>
		<DefineName>OWN_EXCLUSIVE_RADIUS</DefineName>
		<iDefineIntVal>0</iDefineIntVal>
	</Define>

	<!-- [advc.039] If set to 1 (recommended), reparations made for peace are
		 announced to third parties. 0 for BtS behavior (only e.g "Gandhi has
		 made peace with Alexander" is announced). -->
	<Define>
		<DefineName>ANNOUNCE_REPARATIONS</DefineName>
		<iDefineIntVal>1</iDefineIntVal>
	</Define>

	<!-- [advc.005f] If set to 1 , change 005f (see manual) is enabled. 0
		 disables the change (recommended). -->
	<Define>
		<DefineName>ENABLE_005F</DefineName>
		<iDefineIntVal>0</iDefineIntVal>
	</Define>
	
	<!-- [advc.004z] -->
	<!-- If set to 0, no options are shown for the Unit layer; all units are
		 indicated on the map. If set to 1 (BtS behavior), options
		 for displaying e.g. only domestic or hostile units are shown
		 when in Globe view (meaning that there is no room for the
		 scoreboard). -->
	<Define>
		<DefineName>SHOW_UNIT_LAYER_OPTIONS</DefineName>
		<iDefineIntVal>1</iDefineIntVal>
	</Define>
	<!-- If set to 1, the Trade layer (Globe view) colors tiles connected	
		 through trade regardless of the tile owner. If set to 0 (BtS
		 behavior), only tiles owned by the human player's team are colored. -->
	<Define>
		<DefineName>FOREIGN_GROUPS_ON_TRADE_LAYER</DefineName>
		<iDefineIntVal>1</iDefineIntVal>
	</Define>
	<!-- If set to 1, the Trade layer (Globe view) blackens tiles with an
		 actively visible city that isn't connected to its owner's capital.
		 If set to 0 (BtS behavior), connection to the capital is not 
		 indicated. -->
	<Define>
		<DefineName>CONNECTION_TO_CAPITAL_ON_TRADE_LAYER</DefineName>
		<iDefineIntVal>1</iDefineIntVal>
	</Define>

	<!-- advc.210a: If set to 1 and if the War Trades alert is enabled, a
		 message is shown when a civ can no longer be convinced to start a war
		 against some other civ. If set to 0, the War Trades alert only
		 triggers when a civ becomes willing to start a war
		 Recommended: 0, at least in games with more than 10 civs. War trades
		 are offered only for a couple of turns most of the time, so an alert
		 about the trade becoming available should be sufficient. -->
	<Define>
		<DefineName>ALERT_ON_NO_LONGER_WAR_TRADE</DefineName>
		<iDefineIntVal>0</iDefineIntVal>
	</Define>
	
	<!-- advc.120f: When a spy switches the civics or religion of a target civ,
		 third parties that know the target are notified of the spy mission
		 (without revealing the spy owner).
		 1 (recommended) enables this behavior, 0 disables it (as in BtS). -->
	<Define>
		<DefineName>ANNOUNCE_ESPIONAGE_REVOLUTION</DefineName>
		<iDefineIntVal>1</iDefineIntVal>
	</Define>

	<!-- advc.162: 1 enables change 162 (see manual), 0 disables it (BtS
		 behavior). -->
	<Define>
		<DefineName>ENABLE_162</DefineName>
		<iDefineIntVal>0</iDefineIntVal>
	</Define>
	
	<!-- advc.156: When multiple members of a team are researching the same
		 technology, their research modifiers are increased by this many
		 percentage points. Recommended: -10 to penalize researching the same
		 tech; use 0 for BtS behavior.
		 Related: TECH_COST_EXTRA_TEAM_MEMBER_MODIFIER (50) -->
	<Define>
		<DefineName>RESEARCH_MODIFIER_EXTRA_TEAM_MEMBER</DefineName>
		<iDefineIntVal>-10</iDefineIntVal>
	</Define>
	
	<!-- advc.082: If set to 1, hover text when about to attack says to
		 hold down the Alt key to get the attacker with the highest odds (if that
		 unit isn't identical to the unit that is about to attack).
		 0 disables that hint (but won't change the behavior of the Alt key). -->
	<Define>
		<DefineName>GROUP_ATTACK_BEST_ODDS_HELP</DefineName>
		<iDefineIntVal>1</iDefineIntVal>
	</Define>

</Civ4Defines>
